0 verbose cli /usr/bin/node /usr/bin/npm
1 info using npm@10.8.2
2 info using node@v20.20.2
3 silly config load:file:/usr/lib/node_modules/npm/npmrc
4 silly config load:file:/home/ubuntu/frontend/.npmrc
5 silly config load:file:/home/ubuntu/.npmrc
6 silly config load:file:/usr/etc/npmrc
7 verbose title npm install
8 verbose argv "install"
9 verbose logfile logs-max:10 dir:/home/ubuntu/.npm/_logs/2026-09-16T15_37_11_955Z-
10 verbose logfile /home/ubuntu/.npm/_logs/2026-09-16T15_37_11_955Z-debug-0.log
11 silly packumentCache heap:489684992 maxSize:122421248 maxEntrySize:61210624
12 silly logfile done cleaning log files
13 silly idealTree buildDeps
14 silly fetch manifest autoprefixer@^10.4.27
15 silly packumentCache full:https://registry.npmjs.org/autoprefixer cache-miss
16 http fetch GET 200 https://registry.npmjs.org/autoprefixer 154ms (cache miss)
17 silly packumentCache full:https://registry.npmjs.org/autoprefixer set size:undefined disposed:false
18 silly fetch manifest postcss@^8.5.8
19 silly packumentCache full:https://registry.npmjs.org/postcss cache-miss
20 http fetch GET 200 https://registry.npmjs.org/postcss 56ms (cache miss)
21 silly packumentCache full:https://registry.npmjs.org/postcss set size:undefined disposed:false
22 silly fetch manifest axios@^1.13.4
23 silly packumentCache full:https://registry.npmjs.org/axios cache-miss
24 http fetch GET 200 https://registry.npmjs.org/axios 76ms (cache miss)
25 silly packumentCache full:https://registry.npmjs.org/axios set size:undefined disposed:false
26 silly fetch manifest clsx@^2.1.1
27 silly packumentCache full:https://registry.npmjs.org/clsx cache-miss
28 http fetch GET 200 https://registry.npmjs.org/clsx 30ms (cache miss)
29 silly packumentCache full:https://registry.npmjs.org/clsx set size:undefined disposed:false
30 silly fetch manifest framer-motion@^12.34.3
31 silly packumentCache full:https://registry.npmjs.org/framer-motion cache-miss
32 http fetch GET 200 https://registry.npmjs.org/framer-motion 208ms (cache miss)
33 silly packumentCache full:https://registry.npmjs.org/framer-motion set size:undefined disposed:false
34 silly fetch manifest @emotion/is-prop-valid@*
35 silly packumentCache full:https://registry.npmjs.org/@emotion%2fis-prop-valid cache-miss
36 http fetch GET 200 https://registry.npmjs.org/@emotion%2fis-prop-valid 53ms (cache miss)
37 silly packumentCache full:https://registry.npmjs.org/@emotion%2fis-prop-valid set size:undefined disposed:false
38 silly fetch manifest react@19.2.3
39 silly packumentCache full:https://registry.npmjs.org/react cache-miss
40 http fetch GET 200 https://registry.npmjs.org/react 218ms (cache miss)
41 silly packumentCache full:https://registry.npmjs.org/react set size:undefined disposed:false
42 silly fetch manifest react-dom@19.2.3
43 silly packumentCache full:https://registry.npmjs.org/react-dom cache-miss
44 http fetch GET 200 https://registry.npmjs.org/react-dom 255ms (cache miss)
45 silly packumentCache full:https://registry.npmjs.org/react-dom set size:undefined disposed:false
46 silly fetch manifest lucide-react@^0.563.0
47 silly packumentCache full:https://registry.npmjs.org/lucide-react cache-miss
48 http fetch GET 200 https://registry.npmjs.org/lucide-react 80ms (cache miss)
49 silly packumentCache full:https://registry.npmjs.org/lucide-react set size:undefined disposed:false
50 silly fetch manifest next@16.1.6
51 silly packumentCache full:https://registry.npmjs.org/next cache-miss
52 http fetch GET 200 https://registry.npmjs.org/next 556ms (cache miss)
53 silly packumentCache full:https://registry.npmjs.org/next set size:undefined disposed:false
54 silly fetch manifest @opentelemetry/api@^1.1.0
55 silly packumentCache full:https://registry.npmjs.org/@opentelemetry%2fapi cache-miss
56 http fetch GET 200 https://registry.npmjs.org/@opentelemetry%2fapi 57ms (cache miss)
57 silly packumentCache full:https://registry.npmjs.org/@opentelemetry%2fapi set size:undefined disposed:false
58 silly fetch manifest @playwright/test@^1.51.1
59 silly packumentCache full:https://registry.npmjs.org/@playwright%2ftest cache-miss
60 http fetch GET 200 https://registry.npmjs.org/@playwright%2ftest 261ms (cache miss)
61 silly packumentCache full:https://registry.npmjs.org/@playwright%2ftest set size:undefined disposed:false
62 silly fetch manifest babel-plugin-react-compiler@*
63 silly packumentCache full:https://registry.npmjs.org/babel-plugin-react-compiler cache-miss
64 http fetch GET 200 https://registry.npmjs.org/babel-plugin-react-compiler 65ms (cache miss)
65 silly packumentCache full:https://registry.npmjs.org/babel-plugin-react-compiler set size:undefined disposed:false
66 silly fetch manifest sass@^1.3.0
67 silly packumentCache full:https://registry.npmjs.org/sass cache-miss
68 http fetch GET 200 https://registry.npmjs.org/sass 65ms (cache miss)
69 silly packumentCache full:https://registry.npmjs.org/sass set size:undefined disposed:false
70 silly fetch manifest tailwind-merge@^3.5.0
71 silly packumentCache full:https://registry.npmjs.org/tailwind-merge cache-miss
72 http fetch GET 200 https://registry.npmjs.org/tailwind-merge 67ms (cache miss)
73 silly packumentCache full:https://registry.npmjs.org/tailwind-merge set size:undefined disposed:false
74 silly fetch manifest @tailwindcss/postcss@^4
75 silly packumentCache full:https://registry.npmjs.org/@tailwindcss%2fpostcss cache-miss
76 http fetch GET 200 https://registry.npmjs.org/@tailwindcss%2fpostcss 107ms (cache miss)
77 silly packumentCache full:https://registry.npmjs.org/@tailwindcss%2fpostcss set size:undefined disposed:false
78 silly fetch manifest @types/node@^20
79 silly packumentCache full:https://registry.npmjs.org/@types%2fnode cache-miss
80 http fetch GET 200 https://registry.npmjs.org/@types%2fnode 321ms (cache miss)
81 silly packumentCache full:https://registry.npmjs.org/@types%2fnode set size:undefined disposed:false
82 silly fetch manifest @types/react@^19
83 silly packumentCache full:https://registry.npmjs.org/@types%2freact cache-miss
84 http fetch GET 200 https://registry.npmjs.org/@types%2freact 109ms (cache miss)
85 silly packumentCache full:https://registry.npmjs.org/@types%2freact set size:undefined disposed:false
86 silly fetch manifest @types/react-dom@^19
87 silly packumentCache full:https://registry.npmjs.org/@types%2freact-dom cache-miss
88 http fetch GET 200 https://registry.npmjs.org/@types%2freact-dom 47ms (cache miss)
89 silly packumentCache full:https://registry.npmjs.org/@types%2freact-dom set size:undefined disposed:false
90 silly fetch manifest eslint@^9
91 silly packumentCache full:https://registry.npmjs.org/eslint cache-miss
92 http fetch GET 200 https://registry.npmjs.org/eslint 69ms (cache miss)
93 silly packumentCache full:https://registry.npmjs.org/eslint set size:undefined disposed:false
94 silly fetch manifest jiti@*
95 silly packumentCache full:https://registry.npmjs.org/jiti cache-miss
96 http fetch GET 200 https://registry.npmjs.org/jiti 53ms (cache miss)
97 silly packumentCache full:https://registry.npmjs.org/jiti set size:undefined disposed:false
98 silly fetch manifest eslint-config-next@16.1.6
99 silly packumentCache full:https://registry.npmjs.org/eslint-config-next cache-miss
100 http fetch GET 200 https://registry.npmjs.org/eslint-config-next 189ms (cache miss)
101 silly packumentCache full:https://registry.npmjs.org/eslint-config-next set size:undefined disposed:false
102 silly fetch manifest typescript@^5
103 silly packumentCache full:https://registry.npmjs.org/typescript cache-miss
104 http fetch GET 200 https://registry.npmjs.org/typescript 371ms (cache miss)
105 silly packumentCache full:https://registry.npmjs.org/typescript set size:undefined disposed:false
106 silly fetch manifest tailwindcss@^4.2.1
107 silly packumentCache full:https://registry.npmjs.org/tailwindcss cache-miss
108 http fetch GET 200 https://registry.npmjs.org/tailwindcss 221ms (cache miss)
109 silly packumentCache full:https://registry.npmjs.org/tailwindcss set size:undefined disposed:false
110 silly placeDep ROOT @tailwindcss/postcss@4.3.3 OK for: frontend@0.1.0 want: ^4
111 silly placeDep ROOT @types/node@20.19.43 OK for: frontend@0.1.0 want: ^20
112 silly placeDep ROOT @types/react@19.3.0 OK for: frontend@0.1.0 want: ^19
113 silly placeDep ROOT @types/react-dom@19.3.0 OK for: frontend@0.1.0 want: ^19
114 silly placeDep ROOT autoprefixer@10.6.1 OK for: frontend@0.1.0 want: ^10.4.27
115 silly placeDep ROOT postcss@8.5.28 OK for: autoprefixer@10.6.1 want: ^8.1.0
116 silly placeDep ROOT axios@1.20.0 OK for: frontend@0.1.0 want: ^1.13.4
117 silly placeDep ROOT clsx@2.1.1 OK for: frontend@0.1.0 want: ^2.1.1
118 silly placeDep ROOT eslint@9.39.5 OK for: frontend@0.1.0 want: ^9
119 silly placeDep ROOT eslint-config-next@16.1.6 OK for: frontend@0.1.0 want: 16.1.6
120 silly placeDep ROOT framer-motion@12.43.0 OK for: frontend@0.1.0 want: ^12.34.3
121 silly placeDep ROOT lucide-react@0.563.0 OK for: frontend@0.1.0 want: ^0.563.0
122 silly placeDep ROOT react@19.2.3 OK for: lucide-react@0.563.0 want: ^16.5.1 || ^17.0.0 || ^18.0.0 || ^19.0.0
123 silly placeDep ROOT next@16.1.6 OK for: frontend@0.1.0 want: 16.1.6
124 silly placeDep ROOT react-dom@19.2.3 OK for: next@16.1.6 want: ^18.2.0 || 19.0.0-rc-de68d2f4-20241204 || ^19.0.0
125 silly placeDep ROOT tailwind-merge@3.7.0 OK for: frontend@0.1.0 want: ^3.5.0
126 silly placeDep ROOT tailwindcss@4.3.3 OK for: frontend@0.1.0 want: ^4.2.1
127 silly placeDep ROOT typescript@5.9.3 OK for: frontend@0.1.0 want: ^5
128 silly fetch manifest postcss@^8.5.16
129 silly packumentCache full:https://registry.npmjs.org/postcss cache-miss
130 http fetch GET 200 https://registry.npmjs.org/postcss 14ms (cache hit)
131 silly packumentCache full:https://registry.npmjs.org/postcss set size:766699 disposed:false
132 silly fetch manifest tailwindcss@4.3.3
133 silly packumentCache full:https://registry.npmjs.org/tailwindcss cache-miss
134 http fetch GET 200 https://registry.npmjs.org/tailwindcss 26ms (cache hit)
135 silly packumentCache full:https://registry.npmjs.org/tailwindcss set size:10879261 disposed:false
136 silly fetch manifest @alloc/quick-lru@^5.2.0
137 silly packumentCache full:https://registry.npmjs.org/@alloc%2fquick-lru cache-miss
138 http fetch GET 200 https://registry.npmjs.org/@alloc%2fquick-lru 59ms (cache miss)
139 silly packumentCache full:https://registry.npmjs.org/@alloc%2fquick-lru set size:undefined disposed:false
140 silly fetch manifest @tailwindcss/node@4.3.3
141 silly packumentCache full:https://registry.npmjs.org/@tailwindcss%2fnode cache-miss
142 http fetch GET 200 https://registry.npmjs.org/@tailwindcss%2fnode 112ms (cache miss)
143 silly packumentCache full:https://registry.npmjs.org/@tailwindcss%2fnode set size:undefined disposed:false
144 silly fetch manifest @tailwindcss/oxide@4.3.3
145 silly packumentCache full:https://registry.npmjs.org/@tailwindcss%2foxide cache-miss
146 http fetch GET 200 https://registry.npmjs.org/@tailwindcss%2foxide 177ms (cache miss)
147 silly packumentCache full:https://registry.npmjs.org/@tailwindcss%2foxide set size:undefined disposed:false
148 silly fetch manifest undici-types@~6.21.0
149 silly packumentCache full:https://registry.npmjs.org/undici-types cache-miss
150 http fetch GET 200 https://registry.npmjs.org/undici-types 43ms (cache miss)
151 silly packumentCache full:https://registry.npmjs.org/undici-types set size:undefined disposed:false
152 silly fetch manifest csstype@^3.2.2
153 silly packumentCache full:https://registry.npmjs.org/csstype cache-miss
154 http fetch GET 200 https://registry.npmjs.org/csstype 39ms (cache miss)
155 silly packumentCache full:https://registry.npmjs.org/csstype set size:undefined disposed:false
156 silly fetch manifest picocolors@^1.1.1
157 silly packumentCache full:https://registry.npmjs.org/picocolors cache-miss
158 http fetch GET 200 https://registry.npmjs.org/picocolors 25ms (cache miss)
159 silly packumentCache full:https://registry.npmjs.org/picocolors set size:undefined disposed:false
160 silly fetch manifest fraction.js@^5.3.4
161 silly packumentCache full:https://registry.npmjs.org/fraction.js cache-miss
162 http fetch GET 200 https://registry.npmjs.org/fraction.js 29ms (cache miss)
163 silly packumentCache full:https://registry.npmjs.org/fraction.js set size:undefined disposed:false
164 silly fetch manifest browserslist@^4.28.9
165 silly packumentCache full:https://registry.npmjs.org/browserslist cache-miss
166 http fetch GET 200 https://registry.npmjs.org/browserslist 54ms (cache miss)
167 silly packumentCache full:https://registry.npmjs.org/browserslist set size:undefined disposed:false
168 silly fetch manifest caniuse-lite@^1.0.30001810
169 silly packumentCache full:https://registry.npmjs.org/caniuse-lite cache-miss
170 http fetch GET 200 https://registry.npmjs.org/caniuse-lite 92ms (cache miss)
171 silly packumentCache full:https://registry.npmjs.org/caniuse-lite set size:undefined disposed:false
172 silly fetch manifest postcss-value-parser@^4.2.0
173 silly packumentCache full:https://registry.npmjs.org/postcss-value-parser cache-miss
174 http fetch GET 200 https://registry.npmjs.org/postcss-value-parser 41ms (cache miss)
175 silly packumentCache full:https://registry.npmjs.org/postcss-value-parser set size:undefined disposed:false
176 silly fetch manifest nanoid@^3.3.18
177 silly packumentCache full:https://registry.npmjs.org/nanoid cache-miss
178 http fetch GET 200 https://registry.npmjs.org/nanoid 41ms (cache miss)
179 silly packumentCache full:https://registry.npmjs.org/nanoid set size:undefined disposed:false
180 silly fetch manifest source-map-js@^1.2.1
181 silly packumentCache full:https://registry.npmjs.org/source-map-js cache-miss
182 http fetch GET 200 https://registry.npmjs.org/source-map-js 28ms (cache miss)
183 silly packumentCache full:https://registry.npmjs.org/source-map-js set size:undefined disposed:false
184 silly fetch manifest form-data@^4.0.6
185 silly packumentCache full:https://registry.npmjs.org/form-data cache-miss
186 http fetch GET 200 https://registry.npmjs.org/form-data 32ms (cache miss)
187 silly packumentCache full:https://registry.npmjs.org/form-data set size:undefined disposed:false
188 silly fetch manifest proxy-from-env@^2.1.0
189 silly packumentCache full:https://registry.npmjs.org/proxy-from-env cache-miss
190 http fetch GET 200 https://registry.npmjs.org/proxy-from-env 22ms (cache miss)
191 silly packumentCache full:https://registry.npmjs.org/proxy-from-env set size:undefined disposed:false
192 silly fetch manifest follow-redirects@^1.16.0
193 silly packumentCache full:https://registry.npmjs.org/follow-redirects cache-miss
194 http fetch GET 200 https://registry.npmjs.org/follow-redirects 32ms (cache miss)
195 silly packumentCache full:https://registry.npmjs.org/follow-redirects set size:undefined disposed:false
196 silly fetch manifest https-proxy-agent@^5.0.1
197 silly packumentCache full:https://registry.npmjs.org/https-proxy-agent cache-miss
198 http fetch GET 200 https://registry.npmjs.org/https-proxy-agent 26ms (cache miss)
199 silly packumentCache full:https://registry.npmjs.org/https-proxy-agent set size:undefined disposed:false
200 silly fetch manifest ajv@^6.14.0
201 silly packumentCache full:https://registry.npmjs.org/ajv cache-miss
202 http fetch GET 200 https://registry.npmjs.org/ajv 50ms (cache miss)
203 silly packumentCache full:https://registry.npmjs.org/ajv set size:undefined disposed:false
204 silly fetch manifest chalk@^4.0.0
205 silly packumentCache full:https://registry.npmjs.org/chalk cache-miss
206 http fetch GET 200 https://registry.npmjs.org/chalk 36ms (cache miss)
207 silly packumentCache full:https://registry.npmjs.org/chalk set size:undefined disposed:false
208 silly fetch manifest debug@^4.3.2
209 silly packumentCache full:https://registry.npmjs.org/debug cache-miss
210 http fetch GET 200 https://registry.npmjs.org/debug 28ms (cache miss)
211 silly packumentCache full:https://registry.npmjs.org/debug set size:undefined disposed:false
212 silly fetch manifest espree@^10.4.0
213 silly packumentCache full:https://registry.npmjs.org/espree cache-miss
214 http fetch GET 200 https://registry.npmjs.org/espree 33ms (cache miss)
215 silly packumentCache full:https://registry.npmjs.org/espree set size:undefined disposed:false
216 silly fetch manifest ignore@^5.2.0
217 silly packumentCache full:https://registry.npmjs.org/ignore cache-miss
218 http fetch GET 200 https://registry.npmjs.org/ignore 30ms (cache miss)
219 silly packumentCache full:https://registry.npmjs.org/ignore set size:undefined disposed:false
220 silly fetch manifest esquery@^1.5.0
221 silly packumentCache full:https://registry.npmjs.org/esquery cache-miss
222 http fetch GET 200 https://registry.npmjs.org/esquery 22ms (cache miss)
223 silly packumentCache full:https://registry.npmjs.org/esquery set size:undefined disposed:false
224 silly fetch manifest esutils@^2.0.2
225 silly packumentCache full:https://registry.npmjs.org/esutils cache-miss
226 http fetch GET 200 https://registry.npmjs.org/esutils 21ms (cache miss)
227 silly packumentCache full:https://registry.npmjs.org/esutils set size:undefined disposed:false
228 silly fetch manifest find-up@^5.0.0
229 silly packumentCache full:https://registry.npmjs.org/find-up cache-miss
230 http fetch GET 200 https://registry.npmjs.org/find-up 21ms (cache miss)
231 silly packumentCache full:https://registry.npmjs.org/find-up set size:undefined disposed:false
232 silly fetch manifest is-glob@^4.0.0
233 silly packumentCache full:https://registry.npmjs.org/is-glob cache-miss
234 http fetch GET 200 https://registry.npmjs.org/is-glob 31ms (cache miss)
235 silly packumentCache full:https://registry.npmjs.org/is-glob set size:undefined disposed:false
236 silly fetch manifest minimatch@^3.1.5
237 silly packumentCache full:https://registry.npmjs.org/minimatch cache-miss
238 http fetch GET 200 https://registry.npmjs.org/minimatch 39ms (cache miss)
239 silly packumentCache full:https://registry.npmjs.org/minimatch set size:undefined disposed:false
240 silly fetch manifest @eslint/js@9.39.5
241 silly packumentCache full:https://registry.npmjs.org/@eslint%2fjs cache-miss
242 http fetch GET 200 https://registry.npmjs.org/@eslint%2fjs 44ms (cache miss)
243 silly packumentCache full:https://registry.npmjs.org/@eslint%2fjs set size:undefined disposed:false
244 silly fetch manifest optionator@^0.9.3
245 silly packumentCache full:https://registry.npmjs.org/optionator cache-miss
246 http fetch GET 200 https://registry.npmjs.org/optionator 27ms (cache miss)
247 silly packumentCache full:https://registry.npmjs.org/optionator set size:undefined disposed:false
248 silly fetch manifest cross-spawn@^7.0.6
249 silly packumentCache full:https://registry.npmjs.org/cross-spawn cache-miss
250 http fetch GET 200 https://registry.npmjs.org/cross-spawn 25ms (cache miss)
251 silly packumentCache full:https://registry.npmjs.org/cross-spawn set size:undefined disposed:false
252 silly fetch manifest glob-parent@^6.0.2
253 silly packumentCache full:https://registry.npmjs.org/glob-parent cache-miss
254 http fetch GET 200 https://registry.npmjs.org/glob-parent 36ms (cache miss)
255 silly packumentCache full:https://registry.npmjs.org/glob-parent set size:undefined disposed:false
256 silly fetch manifest imurmurhash@^0.1.4
257 silly packumentCache full:https://registry.npmjs.org/imurmurhash cache-miss
258 http fetch GET 200 https://registry.npmjs.org/imurmurhash 24ms (cache miss)
259 silly packumentCache full:https://registry.npmjs.org/imurmurhash set size:undefined disposed:false
260 silly fetch manifest @eslint/core@^0.17.0
261 silly packumentCache full:https://registry.npmjs.org/@eslint%2fcore cache-miss
262 http fetch GET 200 https://registry.npmjs.org/@eslint%2fcore 34ms (cache miss)
263 silly packumentCache full:https://registry.npmjs.org/@eslint%2fcore set size:undefined disposed:false
264 silly fetch manifest eslint-scope@^8.4.0
265 silly packumentCache full:https://registry.npmjs.org/eslint-scope cache-miss
266 http fetch GET 200 https://registry.npmjs.org/eslint-scope 27ms (cache miss)
267 silly packumentCache full:https://registry.npmjs.org/eslint-scope set size:undefined disposed:false
268 silly fetch manifest lodash.merge@^4.6.2
269 silly packumentCache full:https://registry.npmjs.org/lodash.merge cache-miss
270 http fetch GET 200 https://registry.npmjs.org/lodash.merge 31ms (cache miss)
271 silly packumentCache full:https://registry.npmjs.org/lodash.merge set size:undefined disposed:false
272 silly fetch manifest @humanfs/node@^0.16.6
273 silly packumentCache full:https://registry.npmjs.org/@humanfs%2fnode cache-miss
274 http fetch GET 200 https://registry.npmjs.org/@humanfs%2fnode 37ms (cache miss)
275 silly packumentCache full:https://registry.npmjs.org/@humanfs%2fnode set size:undefined disposed:false
276 silly fetch manifest @types/estree@^1.0.6
277 silly packumentCache full:https://registry.npmjs.org/@types%2festree cache-miss
278 http fetch GET 200 https://registry.npmjs.org/@types%2festree 37ms (cache miss)
279 silly packumentCache full:https://registry.npmjs.org/@types%2festree set size:undefined disposed:false
280 silly fetch manifest fast-deep-equal@^3.1.3
281 silly packumentCache full:https://registry.npmjs.org/fast-deep-equal cache-miss
282 http fetch GET 200 https://registry.npmjs.org/fast-deep-equal 26ms (cache miss)
283 silly packumentCache full:https://registry.npmjs.org/fast-deep-equal set size:undefined disposed:false
284 silly fetch manifest natural-compare@^1.4.0
285 silly packumentCache full:https://registry.npmjs.org/natural-compare cache-miss
286 http fetch GET 200 https://registry.npmjs.org/natural-compare 23ms (cache miss)
287 silly packumentCache full:https://registry.npmjs.org/natural-compare set size:undefined disposed:false
288 silly fetch manifest @eslint/eslintrc@^3.3.6
289 silly packumentCache full:https://registry.npmjs.org/@eslint%2feslintrc cache-miss
290 http fetch GET 200 https://registry.npmjs.org/@eslint%2feslintrc 46ms (cache miss)
291 silly packumentCache full:https://registry.npmjs.org/@eslint%2feslintrc set size:undefined disposed:false
292 silly fetch manifest file-entry-cache@^8.0.0
293 silly packumentCache full:https://registry.npmjs.org/file-entry-cache cache-miss
294 http fetch GET 200 https://registry.npmjs.org/file-entry-cache 26ms (cache miss)
295 silly packumentCache full:https://registry.npmjs.org/file-entry-cache set size:undefined disposed:false
296 silly fetch manifest @eslint/plugin-kit@^0.4.1
297 silly packumentCache full:https://registry.npmjs.org/@eslint%2fplugin-kit cache-miss
298 http fetch GET 200 https://registry.npmjs.org/@eslint%2fplugin-kit 41ms (cache miss)
299 silly packumentCache full:https://registry.npmjs.org/@eslint%2fplugin-kit set size:undefined disposed:false
300 silly fetch manifest eslint-visitor-keys@^4.2.1
301 silly packumentCache full:https://registry.npmjs.org/eslint-visitor-keys cache-miss
302 http fetch GET 200 https://registry.npmjs.org/eslint-visitor-keys 24ms (cache miss)
303 silly packumentCache full:https://registry.npmjs.org/eslint-visitor-keys set size:undefined disposed:false
304 silly fetch manifest @eslint/config-array@^0.21.2
305 silly packumentCache full:https://registry.npmjs.org/@eslint%2fconfig-array cache-miss
306 http fetch GET 200 https://registry.npmjs.org/@eslint%2fconfig-array 42ms (cache miss)
307 silly packumentCache full:https://registry.npmjs.org/@eslint%2fconfig-array set size:undefined disposed:false
308 silly fetch manifest @humanwhocodes/retry@^0.4.2
309 silly packumentCache full:https://registry.npmjs.org/@humanwhocodes%2fretry cache-miss
310 http fetch GET 200 https://registry.npmjs.org/@humanwhocodes%2fretry 32ms (cache miss)
311 silly packumentCache full:https://registry.npmjs.org/@humanwhocodes%2fretry set size:undefined disposed:false
312 silly fetch manifest escape-string-regexp@^4.0.0
313 silly packumentCache full:https://registry.npmjs.org/escape-string-regexp cache-miss
314 http fetch GET 200 https://registry.npmjs.org/escape-string-regexp 62ms (cache miss)
315 silly packumentCache full:https://registry.npmjs.org/escape-string-regexp set size:undefined disposed:false
316 silly fetch manifest @eslint/config-helpers@^0.4.2
317 silly packumentCache full:https://registry.npmjs.org/@eslint%2fconfig-helpers cache-miss
318 http fetch GET 200 https://registry.npmjs.org/@eslint%2fconfig-helpers 46ms (cache miss)
319 silly packumentCache full:https://registry.npmjs.org/@eslint%2fconfig-helpers set size:undefined disposed:false
320 silly fetch manifest @eslint-community/regexpp@^4.12.1
321 silly packumentCache full:https://registry.npmjs.org/@eslint-community%2fregexpp cache-miss
322 http fetch GET 200 https://registry.npmjs.org/@eslint-community%2fregexpp 34ms (cache miss)
323 silly packumentCache full:https://registry.npmjs.org/@eslint-community%2fregexpp set size:undefined disposed:false
324 silly fetch manifest @eslint-community/eslint-utils@^4.8.0
325 silly packumentCache full:https://registry.npmjs.org/@eslint-community%2feslint-utils cache-miss
326 http fetch GET 200 https://registry.npmjs.org/@eslint-community%2feslint-utils 33ms (cache miss)
327 silly packumentCache full:https://registry.npmjs.org/@eslint-community%2feslint-utils set size:undefined disposed:false
328 silly fetch manifest @humanwhocodes/module-importer@^1.0.1
329 silly packumentCache full:https://registry.npmjs.org/@humanwhocodes%2fmodule-importer cache-miss
330 http fetch GET 200 https://registry.npmjs.org/@humanwhocodes%2fmodule-importer 33ms (cache miss)
331 silly packumentCache full:https://registry.npmjs.org/@humanwhocodes%2fmodule-importer set size:undefined disposed:false
332 silly fetch manifest json-stable-stringify-without-jsonify@^1.0.1
333 silly packumentCache full:https://registry.npmjs.org/json-stable-stringify-without-jsonify cache-miss
334 http fetch GET 200 https://registry.npmjs.org/json-stable-stringify-without-jsonify 25ms (cache miss)
335 silly packumentCache full:https://registry.npmjs.org/json-stable-stringify-without-jsonify set size:undefined disposed:false
336 silly fetch manifest globals@16.4.0
337 silly packumentCache full:https://registry.npmjs.org/globals cache-miss
338 http fetch GET 200 https://registry.npmjs.org/globals 34ms (cache miss)
339 silly packumentCache full:https://registry.npmjs.org/globals set size:undefined disposed:false
340 silly fetch manifest typescript-eslint@^8.46.0
341 silly packumentCache full:https://registry.npmjs.org/typescript-eslint cache-miss
342 http fetch GET 200 https://registry.npmjs.org/typescript-eslint 172ms (cache miss)
343 silly packumentCache full:https://registry.npmjs.org/typescript-eslint set size:undefined disposed:false
344 silly fetch manifest eslint-plugin-react@^7.37.0
345 silly packumentCache full:https://registry.npmjs.org/eslint-plugin-react cache-miss
346 http fetch GET 200 https://registry.npmjs.org/eslint-plugin-react 72ms (cache miss)
347 silly packumentCache full:https://registry.npmjs.org/eslint-plugin-react set size:undefined disposed:false
348 silly fetch manifest eslint-plugin-import@^2.32.0
349 silly packumentCache full:https://registry.npmjs.org/eslint-plugin-import cache-miss
350 http fetch GET 200 https://registry.npmjs.org/eslint-plugin-import 37ms (cache miss)
351 silly packumentCache full:https://registry.npmjs.org/eslint-plugin-import set size:undefined disposed:false
352 silly fetch manifest eslint-plugin-jsx-a11y@^6.10.0
353 silly packumentCache full:https://registry.npmjs.org/eslint-plugin-jsx-a11y cache-miss
354 http fetch GET 200 https://registry.npmjs.org/eslint-plugin-jsx-a11y 37ms (cache miss)
355 silly packumentCache full:https://registry.npmjs.org/eslint-plugin-jsx-a11y set size:undefined disposed:false
356 silly fetch manifest @next/eslint-plugin-next@16.1.6
357 silly packumentCache full:https://registry.npmjs.org/@next%2feslint-plugin-next cache-miss
358 http fetch GET 200 https://registry.npmjs.org/@next%2feslint-plugin-next 193ms (cache miss)
359 silly packumentCache full:https://registry.npmjs.org/@next%2feslint-plugin-next set size:undefined disposed:false
360 silly fetch manifest eslint-plugin-react-hooks@^7.0.0
361 silly packumentCache full:https://registry.npmjs.org/eslint-plugin-react-hooks cache-miss
362 http fetch GET 200 https://registry.npmjs.org/eslint-plugin-react-hooks 209ms (cache miss)
363 silly packumentCache full:https://registry.npmjs.org/eslint-plugin-react-hooks set size:undefined disposed:false
364 silly fetch manifest eslint-import-resolver-node@^0.3.6
365 silly packumentCache full:https://registry.npmjs.org/eslint-import-resolver-node cache-miss
366 http fetch GET 200 https://registry.npmjs.org/eslint-import-resolver-node 34ms (cache miss)
367 silly packumentCache full:https://registry.npmjs.org/eslint-import-resolver-node set size:undefined disposed:false
368 silly fetch manifest eslint-import-resolver-typescript@^3.5.2
369 silly packumentCache full:https://registry.npmjs.org/eslint-import-resolver-typescript cache-miss
370 http fetch GET 200 https://registry.npmjs.org/eslint-import-resolver-typescript 34ms (cache miss)
371 silly packumentCache full:https://registry.npmjs.org/eslint-import-resolver-typescript set size:undefined disposed:false
372 silly fetch manifest tslib@^2.4.0
373 silly packumentCache full:https://registry.npmjs.org/tslib cache-miss
374 http fetch GET 200 https://registry.npmjs.org/tslib 27ms (cache miss)
375 silly packumentCache full:https://registry.npmjs.org/tslib set size:undefined disposed:false
376 silly fetch manifest motion-dom@^12.43.0
377 silly packumentCache full:https://registry.npmjs.org/motion-dom cache-miss
378 http fetch GET 200 https://registry.npmjs.org/motion-dom 30ms (cache miss)
379 silly packumentCache full:https://registry.npmjs.org/motion-dom set size:undefined disposed:false
380 silly fetch manifest motion-utils@^12.39.0
381 silly packumentCache full:https://registry.npmjs.org/motion-utils cache-miss
382 http fetch GET 200 https://registry.npmjs.org/motion-utils 27ms (cache miss)
383 silly packumentCache full:https://registry.npmjs.org/motion-utils set size:undefined disposed:false
384 silly fetch manifest postcss@8.4.31
385 silly packumentCache full:https://registry.npmjs.org/postcss cache-hit
386 silly fetch manifest @next/env@16.1.6
387 silly packumentCache full:https://registry.npmjs.org/@next%2fenv cache-miss
388 http fetch GET 200 https://registry.npmjs.org/@next%2fenv 214ms (cache miss)
389 silly packumentCache full:https://registry.npmjs.org/@next%2fenv set size:undefined disposed:false
390 silly fetch manifest styled-jsx@5.1.6
391 silly packumentCache full:https://registry.npmjs.org/styled-jsx cache-miss
392 http fetch GET 200 https://registry.npmjs.org/styled-jsx 44ms (cache miss)
393 silly packumentCache full:https://registry.npmjs.org/styled-jsx set size:undefined disposed:false
394 silly fetch manifest @swc/helpers@0.5.15
395 silly packumentCache full:https://registry.npmjs.org/@swc%2fhelpers cache-miss
396 http fetch GET 200 https://registry.npmjs.org/@swc%2fhelpers 60ms (cache miss)
397 silly packumentCache full:https://registry.npmjs.org/@swc%2fhelpers set size:undefined disposed:false
398 silly fetch manifest caniuse-lite@^1.0.30001579
399 silly packumentCache full:https://registry.npmjs.org/caniuse-lite cache-miss
400 http fetch GET 200 https://registry.npmjs.org/caniuse-lite 10ms (cache hit)
401 silly packumentCache full:https://registry.npmjs.org/caniuse-lite set size:2313344 disposed:false
402 silly fetch manifest baseline-browser-mapping@^2.8.3
403 silly packumentCache full:https://registry.npmjs.org/baseline-browser-mapping cache-miss
404 http fetch GET 200 https://registry.npmjs.org/baseline-browser-mapping 36ms (cache miss)
405 silly packumentCache full:https://registry.npmjs.org/baseline-browser-mapping set size:undefined disposed:false
406 silly fetch manifest sharp@^0.34.4
407 silly packumentCache full:https://registry.npmjs.org/sharp cache-miss
408 http fetch GET 200 https://registry.npmjs.org/sharp 84ms (cache miss)
409 silly packumentCache full:https://registry.npmjs.org/sharp set size:undefined disposed:false
410 silly fetch manifest @next/swc-darwin-x64@16.1.6
411 silly packumentCache full:https://registry.npmjs.org/@next%2fswc-darwin-x64 cache-miss
412 http fetch GET 200 https://registry.npmjs.org/@next%2fswc-darwin-x64 180ms (cache miss)
413 silly packumentCache full:https://registry.npmjs.org/@next%2fswc-darwin-x64 set size:undefined disposed:false
414 silly fetch manifest @next/swc-darwin-arm64@16.1.6
415 silly packumentCache full:https://registry.npmjs.org/@next%2fswc-darwin-arm64 cache-miss
416 http fetch GET 200 https://registry.npmjs.org/@next%2fswc-darwin-arm64 194ms (cache miss)
417 silly packumentCache full:https://registry.npmjs.org/@next%2fswc-darwin-arm64 set size:undefined disposed:false
418 silly fetch manifest @next/swc-linux-x64-gnu@16.1.6
419 silly packumentCache full:https://registry.npmjs.org/@next%2fswc-linux-x64-gnu cache-miss
420 http fetch GET 200 https://registry.npmjs.org/@next%2fswc-linux-x64-gnu 184ms (cache miss)
421 silly packumentCache full:https://registry.npmjs.org/@next%2fswc-linux-x64-gnu set size:undefined disposed:false
422 silly fetch manifest @next/swc-linux-x64-musl@16.1.6
423 silly packumentCache full:https://registry.npmjs.org/@next%2fswc-linux-x64-musl cache-miss
424 http fetch GET 200 https://registry.npmjs.org/@next%2fswc-linux-x64-musl 316ms (cache miss)
425 silly packumentCache full:https://registry.npmjs.org/@next%2fswc-linux-x64-musl set size:undefined disposed:false
426 silly fetch manifest @next/swc-win32-x64-msvc@16.1.6
427 silly packumentCache full:https://registry.npmjs.org/@next%2fswc-win32-x64-msvc cache-miss
428 http fetch GET 200 https://registry.npmjs.org/@next%2fswc-win32-x64-msvc 290ms (cache miss)
429 silly packumentCache full:https://registry.npmjs.org/@next%2fswc-win32-x64-msvc set size:undefined disposed:false
430 silly fetch manifest @next/swc-linux-arm64-gnu@16.1.6
431 silly packumentCache full:https://registry.npmjs.org/@next%2fswc-linux-arm64-gnu cache-miss
432 http fetch GET 200 https://registry.npmjs.org/@next%2fswc-linux-arm64-gnu 194ms (cache miss)
433 silly packumentCache full:https://registry.npmjs.org/@next%2fswc-linux-arm64-gnu set size:undefined disposed:false
434 silly fetch manifest @next/swc-linux-arm64-musl@16.1.6
435 silly packumentCache full:https://registry.npmjs.org/@next%2fswc-linux-arm64-musl cache-miss
436 http fetch GET 200 https://registry.npmjs.org/@next%2fswc-linux-arm64-musl 172ms (cache miss)
437 silly packumentCache full:https://registry.npmjs.org/@next%2fswc-linux-arm64-musl set size:undefined disposed:false
438 silly fetch manifest @next/swc-win32-arm64-msvc@16.1.6
439 silly packumentCache full:https://registry.npmjs.org/@next%2fswc-win32-arm64-msvc cache-miss
440 http fetch GET 200 https://registry.npmjs.org/@next%2fswc-win32-arm64-msvc 168ms (cache miss)
441 silly packumentCache full:https://registry.npmjs.org/@next%2fswc-win32-arm64-msvc set size:undefined disposed:false
442 silly fetch manifest scheduler@^0.27.0
443 silly packumentCache full:https://registry.npmjs.org/scheduler cache-miss
444 http fetch GET 200 https://registry.npmjs.org/scheduler 184ms (cache miss)
445 silly packumentCache full:https://registry.npmjs.org/scheduler set size:undefined disposed:false
446 silly placeDep ROOT @alloc/quick-lru@5.3.0 OK for: @tailwindcss/postcss@4.3.3 want: ^5.2.0
447 silly placeDep ROOT @tailwindcss/node@4.3.3 OK for: @tailwindcss/postcss@4.3.3 want: 4.3.3
448 silly placeDep ROOT @tailwindcss/oxide@4.3.3 OK for: @tailwindcss/postcss@4.3.3 want: 4.3.3
449 silly fetch manifest jiti@^2.7.0
450 silly packumentCache full:https://registry.npmjs.org/jiti cache-miss
451 http fetch GET 200 https://registry.npmjs.org/jiti 12ms (cache hit)
452 silly packumentCache full:https://registry.npmjs.org/jiti set size:387989 disposed:false
453 silly fetch manifest lightningcss@1.32.0
454 silly packumentCache full:https://registry.npmjs.org/lightningcss cache-miss
455 http fetch GET 200 https://registry.npmjs.org/lightningcss 29ms (cache miss)
456 silly packumentCache full:https://registry.npmjs.org/lightningcss set size:undefined disposed:false
457 silly fetch manifest magic-string@^0.30.21
458 silly packumentCache full:https://registry.npmjs.org/magic-string cache-miss
459 http fetch GET 200 https://registry.npmjs.org/magic-string 36ms (cache miss)
460 silly packumentCache full:https://registry.npmjs.org/magic-string set size:undefined disposed:false
461 silly fetch manifest enhanced-resolve@^5.24.1
462 silly packumentCache full:https://registry.npmjs.org/enhanced-resolve cache-miss
463 http fetch GET 200 https://registry.npmjs.org/enhanced-resolve 41ms (cache miss)
464 silly packumentCache full:https://registry.npmjs.org/enhanced-resolve set size:undefined disposed:false
465 silly fetch manifest @jridgewell/remapping@^2.3.5
466 silly packumentCache full:https://registry.npmjs.org/@jridgewell%2fremapping cache-miss
467 http fetch GET 200 https://registry.npmjs.org/@jridgewell%2fremapping 76ms (cache miss)
468 silly packumentCache full:https://registry.npmjs.org/@jridgewell%2fremapping set size:undefined disposed:false
469 silly fetch manifest @tailwindcss/oxide-darwin-x64@4.3.3
470 silly packumentCache full:https://registry.npmjs.org/@tailwindcss%2foxide-darwin-x64 cache-miss
471 http fetch GET 200 https://registry.npmjs.org/@tailwindcss%2foxide-darwin-x64 120ms (cache miss)
472 silly packumentCache full:https://registry.npmjs.org/@tailwindcss%2foxide-darwin-x64 set size:undefined disposed:false
473 silly fetch manifest @tailwindcss/oxide-freebsd-x64@4.3.3
474 silly packumentCache full:https://registry.npmjs.org/@tailwindcss%2foxide-freebsd-x64 cache-miss
475 http fetch GET 200 https://registry.npmjs.org/@tailwindcss%2foxide-freebsd-x64 122ms (cache miss)
476 silly packumentCache full:https://registry.npmjs.org/@tailwindcss%2foxide-freebsd-x64 set size:undefined disposed:false
477 silly fetch manifest @tailwindcss/oxide-wasm32-wasi@4.3.3
478 silly packumentCache full:https://registry.npmjs.org/@tailwindcss%2foxide-wasm32-wasi cache-miss
479 http fetch GET 200 https://registry.npmjs.org/@tailwindcss%2foxide-wasm32-wasi 86ms (cache miss)
480 silly packumentCache full:https://registry.npmjs.org/@tailwindcss%2foxide-wasm32-wasi set size:undefined disposed:false
481 silly fetch manifest @tailwindcss/oxide-darwin-arm64@4.3.3
482 silly packumentCache full:https://registry.npmjs.org/@tailwindcss%2foxide-darwin-arm64 cache-miss
483 http fetch GET 200 https://registry.npmjs.org/@tailwindcss%2foxide-darwin-arm64 133ms (cache miss)
484 silly packumentCache full:https://registry.npmjs.org/@tailwindcss%2foxide-darwin-arm64 set size:undefined disposed:false
485 silly fetch manifest @tailwindcss/oxide-android-arm64@4.3.3
486 silly packumentCache full:https://registry.npmjs.org/@tailwindcss%2foxide-android-arm64 cache-miss
487 http fetch GET 200 https://registry.npmjs.org/@tailwindcss%2foxide-android-arm64 89ms (cache miss)
488 silly packumentCache full:https://registry.npmjs.org/@tailwindcss%2foxide-android-arm64 set size:undefined disposed:false
489 silly fetch manifest @tailwindcss/oxide-linux-x64-gnu@4.3.3
490 silly packumentCache full:https://registry.npmjs.org/@tailwindcss%2foxide-linux-x64-gnu cache-miss
491 http fetch GET 200 https://registry.npmjs.org/@tailwindcss%2foxide-linux-x64-gnu 150ms (cache miss)
492 silly packumentCache full:https://registry.npmjs.org/@tailwindcss%2foxide-linux-x64-gnu set size:undefined disposed:false
493 silly fetch manifest @tailwindcss/oxide-linux-x64-musl@4.3.3
494 silly packumentCache full:https://registry.npmjs.org/@tailwindcss%2foxide-linux-x64-musl cache-miss
495 http fetch GET 200 https://registry.npmjs.org/@tailwindcss%2foxide-linux-x64-musl 110ms (cache miss)
496 silly packumentCache full:https://registry.npmjs.org/@tailwindcss%2foxide-linux-x64-musl set size:undefined disposed:false
497 silly fetch manifest @tailwindcss/oxide-win32-x64-msvc@4.3.3
498 silly packumentCache full:https://registry.npmjs.org/@tailwindcss%2foxide-win32-x64-msvc cache-miss
499 http fetch GET 200 https://registry.npmjs.org/@tailwindcss%2foxide-win32-x64-msvc 134ms (cache miss)
500 silly packumentCache full:https://registry.npmjs.org/@tailwindcss%2foxide-win32-x64-msvc set size:undefined disposed:false
501 silly fetch manifest @tailwindcss/oxide-linux-arm64-gnu@4.3.3
502 silly packumentCache full:https://registry.npmjs.org/@tailwindcss%2foxide-linux-arm64-gnu cache-miss
503 http fetch GET 200 https://registry.npmjs.org/@tailwindcss%2foxide-linux-arm64-gnu 127ms (cache miss)
504 silly packumentCache full:https://registry.npmjs.org/@tailwindcss%2foxide-linux-arm64-gnu set size:undefined disposed:false
505 silly fetch manifest @tailwindcss/oxide-linux-arm64-musl@4.3.3
506 silly packumentCache full:https://registry.npmjs.org/@tailwindcss%2foxide-linux-arm64-musl cache-miss
507 http fetch GET 200 https://registry.npmjs.org/@tailwindcss%2foxide-linux-arm64-musl 137ms (cache miss)
508 silly packumentCache full:https://registry.npmjs.org/@tailwindcss%2foxide-linux-arm64-musl set size:undefined disposed:false
509 silly fetch manifest @tailwindcss/oxide-win32-arm64-msvc@4.3.3
510 silly packumentCache full:https://registry.npmjs.org/@tailwindcss%2foxide-win32-arm64-msvc cache-miss
511 http fetch GET 200 https://registry.npmjs.org/@tailwindcss%2foxide-win32-arm64-msvc 87ms (cache miss)
512 silly packumentCache full:https://registry.npmjs.org/@tailwindcss%2foxide-win32-arm64-msvc set size:undefined disposed:false
513 silly fetch manifest @tailwindcss/oxide-linux-arm-gnueabihf@4.3.3
514 silly packumentCache full:https://registry.npmjs.org/@tailwindcss%2foxide-linux-arm-gnueabihf cache-miss
515 http fetch GET 200 https://registry.npmjs.org/@tailwindcss%2foxide-linux-arm-gnueabihf 135ms (cache miss)
516 silly packumentCache full:https://registry.npmjs.org/@tailwindcss%2foxide-linux-arm-gnueabihf set size:undefined disposed:false
517 silly placeDep ROOT @jridgewell/remapping@2.3.5 OK for: @tailwindcss/node@4.3.3 want: ^2.3.5
518 silly placeDep ROOT enhanced-resolve@5.25.1 OK for: @tailwindcss/node@4.3.3 want: ^5.24.1
519 silly placeDep ROOT jiti@2.7.0 OK for: @tailwindcss/node@4.3.3 want: ^2.7.0
520 silly placeDep ROOT lightningcss@1.32.0 OK for: @tailwindcss/node@4.3.3 want: 1.32.0
521 silly placeDep ROOT magic-string@0.30.21 OK for: @tailwindcss/node@4.3.3 want: ^0.30.21
522 silly placeDep ROOT source-map-js@1.2.1 OK for: @tailwindcss/node@4.3.3 want: ^1.2.1
523 silly fetch manifest @jridgewell/gen-mapping@^0.3.5
524 silly packumentCache full:https://registry.npmjs.org/@jridgewell%2fgen-mapping cache-miss
525 http fetch GET 200 https://registry.npmjs.org/@jridgewell%2fgen-mapping 56ms (cache miss)
526 silly packumentCache full:https://registry.npmjs.org/@jridgewell%2fgen-mapping set size:undefined disposed:false
527 silly fetch manifest @jridgewell/trace-mapping@^0.3.24
528 silly packumentCache full:https://registry.npmjs.org/@jridgewell%2ftrace-mapping cache-miss
529 http fetch GET 200 https://registry.npmjs.org/@jridgewell%2ftrace-mapping 59ms (cache miss)
530 silly packumentCache full:https://registry.npmjs.org/@jridgewell%2ftrace-mapping set size:undefined disposed:false
531 silly fetch manifest tapable@^2.3.3
532 silly packumentCache full:https://registry.npmjs.org/tapable cache-miss
533 http fetch GET 200 https://registry.npmjs.org/tapable 28ms (cache miss)
534 silly packumentCache full:https://registry.npmjs.org/tapable set size:undefined disposed:false
535 silly fetch manifest graceful-fs@^4.2.4
536 silly packumentCache full:https://registry.npmjs.org/graceful-fs cache-miss
537 http fetch GET 200 https://registry.npmjs.org/graceful-fs 34ms (cache miss)
538 silly packumentCache full:https://registry.npmjs.org/graceful-fs set size:undefined disposed:false
539 silly fetch manifest detect-libc@^2.0.3
540 silly packumentCache full:https://registry.npmjs.org/detect-libc cache-miss
541 http fetch GET 200 https://registry.npmjs.org/detect-libc 26ms (cache miss)
542 silly packumentCache full:https://registry.npmjs.org/detect-libc set size:undefined disposed:false
543 silly fetch manifest lightningcss-darwin-x64@1.32.0
544 silly packumentCache full:https://registry.npmjs.org/lightningcss-darwin-x64 cache-miss
545 http fetch GET 200 https://registry.npmjs.org/lightningcss-darwin-x64 22ms (cache miss)
546 silly packumentCache full:https://registry.npmjs.org/lightningcss-darwin-x64 set size:undefined disposed:false
547 silly fetch manifest lightningcss-freebsd-x64@1.32.0
548 silly packumentCache full:https://registry.npmjs.org/lightningcss-freebsd-x64 cache-miss
549 http fetch GET 200 https://registry.npmjs.org/lightningcss-freebsd-x64 26ms (cache miss)
550 silly packumentCache full:https://registry.npmjs.org/lightningcss-freebsd-x64 set size:undefined disposed:false
551 silly fetch manifest lightningcss-darwin-arm64@1.32.0
552 silly packumentCache full:https://registry.npmjs.org/lightningcss-darwin-arm64 cache-miss
553 http fetch GET 200 https://registry.npmjs.org/lightningcss-darwin-arm64 29ms (cache miss)
554 silly packumentCache full:https://registry.npmjs.org/lightningcss-darwin-arm64 set size:undefined disposed:false
555 silly fetch manifest lightningcss-android-arm64@1.32.0
556 silly packumentCache full:https://registry.npmjs.org/lightningcss-android-arm64 cache-miss
557 http fetch GET 200 https://registry.npmjs.org/lightningcss-android-arm64 23ms (cache miss)
558 silly packumentCache full:https://registry.npmjs.org/lightningcss-android-arm64 set size:undefined disposed:false
559 silly fetch manifest lightningcss-linux-x64-gnu@1.32.0
560 silly packumentCache full:https://registry.npmjs.org/lightningcss-linux-x64-gnu cache-miss
561 http fetch GET 200 https://registry.npmjs.org/lightningcss-linux-x64-gnu 31ms (cache miss)
562 silly packumentCache full:https://registry.npmjs.org/lightningcss-linux-x64-gnu set size:undefined disposed:false
563 silly fetch manifest lightningcss-linux-x64-musl@1.32.0
564 silly packumentCache full:https://registry.npmjs.org/lightningcss-linux-x64-musl cache-miss
565 http fetch GET 200 https://registry.npmjs.org/lightningcss-linux-x64-musl 31ms (cache miss)
566 silly packumentCache full:https://registry.npmjs.org/lightningcss-linux-x64-musl set size:undefined disposed:false
567 silly fetch manifest lightningcss-win32-x64-msvc@1.32.0
568 silly packumentCache full:https://registry.npmjs.org/lightningcss-win32-x64-msvc cache-miss
569 http fetch GET 200 https://registry.npmjs.org/lightningcss-win32-x64-msvc 31ms (cache miss)
570 silly packumentCache full:https://registry.npmjs.org/lightningcss-win32-x64-msvc set size:undefined disposed:false
571 silly fetch manifest lightningcss-linux-arm64-gnu@1.32.0
572 silly packumentCache full:https://registry.npmjs.org/lightningcss-linux-arm64-gnu cache-miss
573 http fetch GET 200 https://registry.npmjs.org/lightningcss-linux-arm64-gnu 25ms (cache miss)
574 silly packumentCache full:https://registry.npmjs.org/lightningcss-linux-arm64-gnu set size:undefined disposed:false
575 silly fetch manifest lightningcss-linux-arm64-musl@1.32.0
576 silly packumentCache full:https://registry.npmjs.org/lightningcss-linux-arm64-musl cache-miss
577 http fetch GET 200 https://registry.npmjs.org/lightningcss-linux-arm64-musl 28ms (cache miss)
578 silly packumentCache full:https://registry.npmjs.org/lightningcss-linux-arm64-musl set size:undefined disposed:false
579 silly fetch manifest lightningcss-win32-arm64-msvc@1.32.0
580 silly packumentCache full:https://registry.npmjs.org/lightningcss-win32-arm64-msvc cache-miss
581 http fetch GET 200 https://registry.npmjs.org/lightningcss-win32-arm64-msvc 25ms (cache miss)
582 silly packumentCache full:https://registry.npmjs.org/lightningcss-win32-arm64-msvc set size:undefined disposed:false
583 silly fetch manifest lightningcss-linux-arm-gnueabihf@1.32.0
584 silly packumentCache full:https://registry.npmjs.org/lightningcss-linux-arm-gnueabihf cache-miss
585 http fetch GET 200 https://registry.npmjs.org/lightningcss-linux-arm-gnueabihf 60ms (cache miss)
586 silly packumentCache full:https://registry.npmjs.org/lightningcss-linux-arm-gnueabihf set size:undefined disposed:false
587 silly fetch manifest @jridgewell/sourcemap-codec@^1.5.5
588 silly packumentCache full:https://registry.npmjs.org/@jridgewell%2fsourcemap-codec cache-miss
589 http fetch GET 200 https://registry.npmjs.org/@jridgewell%2fsourcemap-codec 33ms (cache miss)
590 silly packumentCache full:https://registry.npmjs.org/@jridgewell%2fsourcemap-codec set size:undefined disposed:false
591 silly placeDep ROOT @jridgewell/gen-mapping@0.3.13 OK for: @jridgewell/remapping@2.3.5 want: ^0.3.5
592 silly placeDep ROOT @jridgewell/trace-mapping@0.3.31 OK for: @jridgewell/remapping@2.3.5 want: ^0.3.24
593 silly fetch manifest @jridgewell/sourcemap-codec@^1.5.0
594 silly packumentCache full:https://registry.npmjs.org/@jridgewell%2fsourcemap-codec cache-miss
595 http fetch GET 200 https://registry.npmjs.org/@jridgewell%2fsourcemap-codec 7ms (cache hit)
596 silly packumentCache full:https://registry.npmjs.org/@jridgewell%2fsourcemap-codec set size:65255 disposed:false
597 silly fetch manifest @jridgewell/resolve-uri@^3.1.0
598 silly packumentCache full:https://registry.npmjs.org/@jridgewell%2fresolve-uri cache-miss
599 http fetch GET 200 https://registry.npmjs.org/@jridgewell%2fresolve-uri 38ms (cache miss)
600 silly packumentCache full:https://registry.npmjs.org/@jridgewell%2fresolve-uri set size:undefined disposed:false
601 silly fetch manifest @jridgewell/sourcemap-codec@^1.4.14
602 silly packumentCache full:https://registry.npmjs.org/@jridgewell%2fsourcemap-codec cache-hit
603 silly placeDep ROOT @jridgewell/sourcemap-codec@1.6.0 OK for: @jridgewell/gen-mapping@0.3.13 want: ^1.5.0
604 silly placeDep ROOT @jridgewell/resolve-uri@3.1.2 OK for: @jridgewell/trace-mapping@0.3.31 want: ^3.1.0
605 silly placeDep ROOT @tailwindcss/oxide-android-arm64@4.3.3 OK for: @tailwindcss/oxide@4.3.3 want: 4.3.3
606 silly placeDep ROOT @tailwindcss/oxide-darwin-arm64@4.3.3 OK for: @tailwindcss/oxide@4.3.3 want: 4.3.3
607 silly placeDep ROOT @tailwindcss/oxide-darwin-x64@4.3.3 OK for: @tailwindcss/oxide@4.3.3 want: 4.3.3
608 silly placeDep ROOT @tailwindcss/oxide-freebsd-x64@4.3.3 OK for: @tailwindcss/oxide@4.3.3 want: 4.3.3
609 silly placeDep ROOT @tailwindcss/oxide-linux-arm-gnueabihf@4.3.3 OK for: @tailwindcss/oxide@4.3.3 want: 4.3.3
610 silly placeDep ROOT @tailwindcss/oxide-linux-arm64-gnu@4.3.3 OK for: @tailwindcss/oxide@4.3.3 want: 4.3.3
611 silly placeDep ROOT @tailwindcss/oxide-linux-arm64-musl@4.3.3 OK for: @tailwindcss/oxide@4.3.3 want: 4.3.3
612 silly placeDep ROOT @tailwindcss/oxide-linux-x64-gnu@4.3.3 OK for: @tailwindcss/oxide@4.3.3 want: 4.3.3
613 silly placeDep ROOT @tailwindcss/oxide-linux-x64-musl@4.3.3 OK for: @tailwindcss/oxide@4.3.3 want: 4.3.3
614 silly placeDep ROOT @tailwindcss/oxide-wasm32-wasi@4.3.3 OK for: @tailwindcss/oxide@4.3.3 want: 4.3.3
615 silly placeDep ROOT @tailwindcss/oxide-win32-arm64-msvc@4.3.3 OK for: @tailwindcss/oxide@4.3.3 want: 4.3.3
616 silly placeDep ROOT @tailwindcss/oxide-win32-x64-msvc@4.3.3 OK for: @tailwindcss/oxide@4.3.3 want: 4.3.3
617 silly placeDep ROOT undici-types@6.21.0 OK for: @types/node@20.19.43 want: ~6.21.0
618 silly placeDep ROOT csstype@3.2.3 OK for: @types/react@19.3.0 want: ^3.2.2
619 silly placeDep ROOT browserslist@4.29.0 OK for: autoprefixer@10.6.1 want: ^4.28.9
620 silly placeDep ROOT caniuse-lite@1.0.30001810 OK for: autoprefixer@10.6.1 want: ^1.0.30001810
621 silly placeDep ROOT fraction.js@5.3.4 OK for: autoprefixer@10.6.1 want: ^5.3.4
622 silly placeDep ROOT picocolors@1.1.1 OK for: autoprefixer@10.6.1 want: ^1.1.1
623 silly placeDep ROOT postcss-value-parser@4.2.0 OK for: autoprefixer@10.6.1 want: ^4.2.0
624 silly fetch manifest node-releases@^2.0.55
625 silly packumentCache full:https://registry.npmjs.org/node-releases cache-miss
626 http fetch GET 200 https://registry.npmjs.org/node-releases 32ms (cache miss)
627 silly packumentCache full:https://registry.npmjs.org/node-releases set size:undefined disposed:false
628 silly fetch manifest electron-to-chromium@^1.5.427
629 silly packumentCache full:https://registry.npmjs.org/electron-to-chromium cache-miss
630 http fetch GET 200 https://registry.npmjs.org/electron-to-chromium 169ms (cache miss)
631 silly packumentCache full:https://registry.npmjs.org/electron-to-chromium set size:undefined disposed:false
632 silly fetch manifest update-browserslist-db@^1.3.3
633 silly packumentCache full:https://registry.npmjs.org/update-browserslist-db cache-miss
634 http fetch GET 200 https://registry.npmjs.org/update-browserslist-db 55ms (cache miss)
635 silly packumentCache full:https://registry.npmjs.org/update-browserslist-db set size:undefined disposed:false
636 silly fetch manifest baseline-browser-mapping@^2.11.23
637 silly packumentCache full:https://registry.npmjs.org/baseline-browser-mapping cache-miss
638 http fetch GET 200 https://registry.npmjs.org/baseline-browser-mapping 5ms (cache hit)
639 silly packumentCache full:https://registry.npmjs.org/baseline-browser-mapping set size:637685 disposed:false
640 silly placeDep ROOT follow-redirects@1.16.0 OK for: axios@1.20.0 want: ^1.16.0
641 silly placeDep ROOT form-data@4.0.6 OK for: axios@1.20.0 want: ^4.0.6
642 silly placeDep ROOT https-proxy-agent@5.0.1 OK for: axios@1.20.0 want: ^5.0.1
643 silly placeDep ROOT proxy-from-env@2.1.0 OK for: axios@1.20.0 want: ^2.1.0
644 silly fetch manifest hasown@^2.0.4
645 silly packumentCache full:https://registry.npmjs.org/hasown cache-miss
646 http fetch GET 200 https://registry.npmjs.org/hasown 25ms (cache miss)
647 silly packumentCache full:https://registry.npmjs.org/hasown set size:undefined disposed:false
648 silly fetch manifest asynckit@^0.4.0
649 silly packumentCache full:https://registry.npmjs.org/asynckit cache-miss
650 http fetch GET 200 https://registry.npmjs.org/asynckit 30ms (cache miss)
651 silly packumentCache full:https://registry.npmjs.org/asynckit set size:undefined disposed:false
652 silly fetch manifest mime-types@^2.1.35
653 silly packumentCache full:https://registry.npmjs.org/mime-types cache-miss
654 http fetch GET 200 https://registry.npmjs.org/mime-types 26ms (cache miss)
655 silly packumentCache full:https://registry.npmjs.org/mime-types set size:undefined disposed:false
656 silly fetch manifest combined-stream@^1.0.8
657 silly packumentCache full:https://registry.npmjs.org/combined-stream cache-miss
658 http fetch GET 200 https://registry.npmjs.org/combined-stream 30ms (cache miss)
659 silly packumentCache full:https://registry.npmjs.org/combined-stream set size:undefined disposed:false
660 silly fetch manifest es-set-tostringtag@^2.1.0
661 silly packumentCache full:https://registry.npmjs.org/es-set-tostringtag cache-miss
662 http fetch GET 200 https://registry.npmjs.org/es-set-tostringtag 25ms (cache miss)
663 silly packumentCache full:https://registry.npmjs.org/es-set-tostringtag set size:undefined disposed:false
664 silly fetch manifest debug@4
665 silly packumentCache full:https://registry.npmjs.org/debug cache-miss
666 http fetch GET 200 https://registry.npmjs.org/debug 3ms (cache hit)
667 silly packumentCache full:https://registry.npmjs.org/debug set size:195840 disposed:false
668 silly fetch manifest agent-base@6
669 silly packumentCache full:https://registry.npmjs.org/agent-base cache-miss
670 http fetch GET 200 https://registry.npmjs.org/agent-base 27ms (cache miss)
671 silly packumentCache full:https://registry.npmjs.org/agent-base set size:undefined disposed:false
672 silly fetch manifest browserslist@>= 4.21.0
673 silly packumentCache full:https://registry.npmjs.org/browserslist cache-miss
674 http fetch GET 200 https://registry.npmjs.org/browserslist 4ms (cache hit)
675 silly packumentCache full:https://registry.npmjs.org/browserslist set size:523370 disposed:false
676 silly placeDep ROOT baseline-browser-mapping@2.11.24 OK for: browserslist@4.29.0 want: ^2.11.23
677 silly placeDep ROOT electron-to-chromium@1.5.430 OK for: browserslist@4.29.0 want: ^1.5.427
678 silly placeDep ROOT node-releases@2.0.55 OK for: browserslist@4.29.0 want: ^2.0.55
679 silly placeDep ROOT update-browserslist-db@1.3.3 OK for: browserslist@4.29.0 want: ^1.3.3
680 silly fetch manifest escalade@^3.2.0
681 silly packumentCache full:https://registry.npmjs.org/escalade cache-miss
682 http fetch GET 200 https://registry.npmjs.org/escalade 22ms (cache miss)
683 silly packumentCache full:https://registry.npmjs.org/escalade set size:undefined disposed:false
684 silly placeDep ROOT graceful-fs@4.2.11 OK for: enhanced-resolve@5.25.1 want: ^4.2.4
685 silly placeDep ROOT tapable@2.3.3 OK for: enhanced-resolve@5.25.1 want: ^2.3.3
686 silly fetch manifest eslint@^6.0.0 || ^7.0.0 || >=8.0.0
687 silly packumentCache full:https://registry.npmjs.org/eslint cache-miss
688 http fetch GET 200 https://registry.npmjs.org/eslint 26ms (cache hit)
689 silly packumentCache full:https://registry.npmjs.org/eslint set size:2077457 disposed:false
690 silly placeDep ROOT @eslint-community/eslint-utils@4.10.1 OK for: eslint@9.39.5 want: ^4.8.0
691 silly placeDep ROOT @eslint-community/regexpp@4.12.2 OK for: eslint@9.39.5 want: ^4.12.1
692 silly placeDep ROOT @eslint/config-array@0.21.2 OK for: eslint@9.39.5 want: ^0.21.2
693 silly placeDep ROOT @eslint/config-helpers@0.4.2 OK for: eslint@9.39.5 want: ^0.4.2
694 silly placeDep ROOT @eslint/core@0.17.0 OK for: eslint@9.39.5 want: ^0.17.0
695 silly placeDep ROOT @eslint/eslintrc@3.3.7 OK for: eslint@9.39.5 want: ^3.3.6
696 silly placeDep ROOT @eslint/js@9.39.5 OK for: eslint@9.39.5 want: 9.39.5
697 silly placeDep ROOT @eslint/plugin-kit@0.4.1 OK for: eslint@9.39.5 want: ^0.4.1
698 silly placeDep ROOT @humanfs/node@0.16.8 OK for: eslint@9.39.5 want: ^0.16.6
699 silly placeDep ROOT @humanwhocodes/module-importer@1.0.1 OK for: eslint@9.39.5 want: ^1.0.1
700 silly placeDep ROOT @humanwhocodes/retry@0.4.3 OK for: eslint@9.39.5 want: ^0.4.2
701 silly placeDep ROOT @types/estree@1.0.9 OK for: eslint@9.39.5 want: ^1.0.6
702 silly placeDep ROOT ajv@6.15.0 OK for: eslint@9.39.5 want: ^6.14.0
703 silly placeDep ROOT chalk@4.1.2 OK for: eslint@9.39.5 want: ^4.0.0
704 silly placeDep ROOT cross-spawn@7.0.6 OK for: eslint@9.39.5 want: ^7.0.6
705 silly placeDep ROOT debug@4.4.3 OK for: eslint@9.39.5 want: ^4.3.2
706 silly placeDep ROOT escape-string-regexp@4.0.0 OK for: eslint@9.39.5 want: ^4.0.0
707 silly placeDep ROOT eslint-scope@8.4.0 OK for: eslint@9.39.5 want: ^8.4.0
708 silly placeDep ROOT eslint-visitor-keys@4.2.1 OK for: eslint@9.39.5 want: ^4.2.1
709 silly placeDep ROOT espree@10.4.0 OK for: eslint@9.39.5 want: ^10.4.0
710 silly placeDep ROOT esquery@1.7.0 OK for: eslint@9.39.5 want: ^1.5.0
711 silly placeDep ROOT esutils@2.0.3 OK for: eslint@9.39.5 want: ^2.0.2
712 silly placeDep ROOT fast-deep-equal@3.1.3 OK for: eslint@9.39.5 want: ^3.1.3
713 silly placeDep ROOT file-entry-cache@8.0.0 OK for: eslint@9.39.5 want: ^8.0.0
714 silly placeDep ROOT find-up@5.0.0 OK for: eslint@9.39.5 want: ^5.0.0
715 silly placeDep ROOT glob-parent@6.0.2 OK for: eslint@9.39.5 want: ^6.0.2
716 silly placeDep ROOT ignore@5.3.2 OK for: eslint@9.39.5 want: ^5.2.0
717 silly placeDep ROOT imurmurhash@0.1.4 OK for: eslint@9.39.5 want: ^0.1.4
718 silly placeDep ROOT is-glob@4.0.3 OK for: eslint@9.39.5 want: ^4.0.0
719 silly placeDep ROOT json-stable-stringify-without-jsonify@1.0.1 OK for: eslint@9.39.5 want: ^1.0.1
720 silly placeDep ROOT lodash.merge@4.6.2 OK for: eslint@9.39.5 want: ^4.6.2
721 silly placeDep ROOT minimatch@3.1.5 OK for: eslint@9.39.5 want: ^3.1.5
722 silly placeDep ROOT natural-compare@1.4.0 OK for: eslint@9.39.5 want: ^1.4.0
723 silly placeDep ROOT optionator@0.9.4 OK for: eslint@9.39.5 want: ^0.9.3
724 silly fetch manifest eslint-visitor-keys@^3.4.3
725 silly packumentCache full:https://registry.npmjs.org/eslint-visitor-keys cache-miss
726 http fetch GET 200 https://registry.npmjs.org/eslint-visitor-keys 9ms (cache hit)
727 silly packumentCache full:https://registry.npmjs.org/eslint-visitor-keys set size:69949 disposed:false
728 silly fetch manifest debug@^4.3.1
729 silly packumentCache full:https://registry.npmjs.org/debug cache-hit
730 silly fetch manifest @eslint/object-schema@^2.1.7
731 silly packumentCache full:https://registry.npmjs.org/@eslint%2fobject-schema cache-miss
732 http fetch GET 200 https://registry.npmjs.org/@eslint%2fobject-schema 45ms (cache miss)
733 silly packumentCache full:https://registry.npmjs.org/@eslint%2fobject-schema set size:undefined disposed:false
734 silly fetch manifest @types/json-schema@^7.0.15
735 silly packumentCache full:https://registry.npmjs.org/@types%2fjson-schema cache-miss
736 http fetch GET 200 https://registry.npmjs.org/@types%2fjson-schema 32ms (cache miss)
737 silly packumentCache full:https://registry.npmjs.org/@types%2fjson-schema set size:undefined disposed:false
738 silly fetch manifest espree@^10.0.1
739 silly packumentCache full:https://registry.npmjs.org/espree cache-miss
740 http fetch GET 200 https://registry.npmjs.org/espree 3ms (cache hit)
741 silly packumentCache full:https://registry.npmjs.org/espree set size:326080 disposed:false
742 silly fetch manifest globals@^14.0.0
743 silly packumentCache full:https://registry.npmjs.org/globals cache-miss
744 http fetch GET 200 https://registry.npmjs.org/globals 5ms (cache hit)
745 silly packumentCache full:https://registry.npmjs.org/globals set size:338968 disposed:false
746 silly fetch manifest js-yaml@^4.3.2
747 silly packumentCache full:https://registry.npmjs.org/js-yaml cache-miss
748 http fetch GET 200 https://registry.npmjs.org/js-yaml 32ms (cache miss)
749 silly packumentCache full:https://registry.npmjs.org/js-yaml set size:undefined disposed:false
750 silly fetch manifest import-fresh@^3.2.1
751 silly packumentCache full:https://registry.npmjs.org/import-fresh cache-miss
752 http fetch GET 200 https://registry.npmjs.org/import-fresh 21ms (cache miss)
753 silly packumentCache full:https://registry.npmjs.org/import-fresh set size:undefined disposed:false
754 silly fetch manifest strip-json-comments@^3.1.1
755 silly packumentCache full:https://registry.npmjs.org/strip-json-comments cache-miss
756 http fetch GET 200 https://registry.npmjs.org/strip-json-comments 25ms (cache miss)
757 silly packumentCache full:https://registry.npmjs.org/strip-json-comments set size:undefined disposed:false
758 silly fetch manifest levn@^0.4.1
759 silly packumentCache full:https://registry.npmjs.org/levn cache-miss
760 http fetch GET 200 https://registry.npmjs.org/levn 30ms (cache miss)
761 silly packumentCache full:https://registry.npmjs.org/levn set size:undefined disposed:false
762 silly fetch manifest @humanfs/core@^0.19.2
763 silly packumentCache full:https://registry.npmjs.org/@humanfs%2fcore cache-miss
764 http fetch GET 200 https://registry.npmjs.org/@humanfs%2fcore 46ms (cache miss)
765 silly packumentCache full:https://registry.npmjs.org/@humanfs%2fcore set size:undefined disposed:false
766 silly fetch manifest @humanfs/types@^0.15.0
767 silly packumentCache full:https://registry.npmjs.org/@humanfs%2ftypes cache-miss
768 http fetch GET 200 https://registry.npmjs.org/@humanfs%2ftypes 38ms (cache miss)
769 silly packumentCache full:https://registry.npmjs.org/@humanfs%2ftypes set size:undefined disposed:false
770 silly fetch manifest @humanwhocodes/retry@^0.4.0
771 silly packumentCache full:https://registry.npmjs.org/@humanwhocodes%2fretry cache-miss
772 http fetch GET 200 https://registry.npmjs.org/@humanwhocodes%2fretry 5ms (cache hit)
773 silly packumentCache full:https://registry.npmjs.org/@humanwhocodes%2fretry set size:42348 disposed:false
774 silly fetch manifest uri-js@^4.2.2
775 silly packumentCache full:https://registry.npmjs.org/uri-js cache-miss
776 http fetch GET 200 https://registry.npmjs.org/uri-js 27ms (cache miss)
777 silly packumentCache full:https://registry.npmjs.org/uri-js set size:undefined disposed:false
778 silly fetch manifest fast-deep-equal@^3.1.1
779 silly packumentCache full:https://registry.npmjs.org/fast-deep-equal cache-miss
780 http fetch GET 200 https://registry.npmjs.org/fast-deep-equal 4ms (cache hit)
781 silly packumentCache full:https://registry.npmjs.org/fast-deep-equal set size:48634 disposed:false
782 silly fetch manifest json-schema-traverse@^0.4.1
783 silly packumentCache full:https://registry.npmjs.org/json-schema-traverse cache-miss
784 http fetch GET 200 https://registry.npmjs.org/json-schema-traverse 22ms (cache miss)
785 silly packumentCache full:https://registry.npmjs.org/json-schema-traverse set size:undefined disposed:false
786 silly fetch manifest fast-json-stable-stringify@^2.0.0
787 silly packumentCache full:https://registry.npmjs.org/fast-json-stable-stringify cache-miss
788 http fetch GET 200 https://registry.npmjs.org/fast-json-stable-stringify 21ms (cache miss)
789 silly packumentCache full:https://registry.npmjs.org/fast-json-stable-stringify set size:undefined disposed:false
790 silly fetch manifest ansi-styles@^4.1.0
791 silly packumentCache full:https://registry.npmjs.org/ansi-styles cache-miss
792 http fetch GET 200 https://registry.npmjs.org/ansi-styles 49ms (cache miss)
793 silly packumentCache full:https://registry.npmjs.org/ansi-styles set size:undefined disposed:false
794 silly fetch manifest supports-color@^7.1.0
795 silly packumentCache full:https://registry.npmjs.org/supports-color cache-miss
796 http fetch GET 200 https://registry.npmjs.org/supports-color 25ms (cache miss)
797 silly packumentCache full:https://registry.npmjs.org/supports-color set size:undefined disposed:false
798 silly fetch manifest which@^2.0.1
799 silly packumentCache full:https://registry.npmjs.org/which cache-miss
800 http fetch GET 200 https://registry.npmjs.org/which 24ms (cache miss)
801 silly packumentCache full:https://registry.npmjs.org/which set size:undefined disposed:false
802 silly fetch manifest path-key@^3.1.0
803 silly packumentCache full:https://registry.npmjs.org/path-key cache-miss
804 http fetch GET 200 https://registry.npmjs.org/path-key 23ms (cache miss)
805 silly packumentCache full:https://registry.npmjs.org/path-key set size:undefined disposed:false
806 silly fetch manifest shebang-command@^2.0.0
807 silly packumentCache full:https://registry.npmjs.org/shebang-command cache-miss
808 http fetch GET 200 https://registry.npmjs.org/shebang-command 21ms (cache miss)
809 silly packumentCache full:https://registry.npmjs.org/shebang-command set size:undefined disposed:false
810 silly fetch manifest ms@^2.1.3
811 silly packumentCache full:https://registry.npmjs.org/ms cache-miss
812 http fetch GET 200 https://registry.npmjs.org/ms 25ms (cache miss)
813 silly packumentCache full:https://registry.npmjs.org/ms set size:undefined disposed:false
814 silly fetch manifest esrecurse@^4.3.0
815 silly packumentCache full:https://registry.npmjs.org/esrecurse cache-miss
816 http fetch GET 200 https://registry.npmjs.org/esrecurse 26ms (cache miss)
817 silly packumentCache full:https://registry.npmjs.org/esrecurse set size:undefined disposed:false
818 silly fetch manifest estraverse@^5.2.0
819 silly packumentCache full:https://registry.npmjs.org/estraverse cache-miss
820 http fetch GET 200 https://registry.npmjs.org/estraverse 35ms (cache miss)
821 silly packumentCache full:https://registry.npmjs.org/estraverse set size:undefined disposed:false
822 silly fetch manifest acorn@^8.15.0
823 silly packumentCache full:https://registry.npmjs.org/acorn cache-miss
824 http fetch GET 200 https://registry.npmjs.org/acorn 39ms (cache miss)
825 silly packumentCache full:https://registry.npmjs.org/acorn set size:undefined disposed:false
826 silly fetch manifest acorn-jsx@^5.3.2
827 silly packumentCache full:https://registry.npmjs.org/acorn-jsx cache-miss
828 http fetch GET 200 https://registry.npmjs.org/acorn-jsx 24ms (cache miss)
829 silly packumentCache full:https://registry.npmjs.org/acorn-jsx set size:undefined disposed:false
830 silly fetch manifest estraverse@^5.1.0
831 silly packumentCache full:https://registry.npmjs.org/estraverse cache-miss
832 http fetch GET 200 https://registry.npmjs.org/estraverse 3ms (cache hit)
833 silly packumentCache full:https://registry.npmjs.org/estraverse set size:62412 disposed:false
834 silly fetch manifest flat-cache@^4.0.0
835 silly packumentCache full:https://registry.npmjs.org/flat-cache cache-miss
836 http fetch GET 200 https://registry.npmjs.org/flat-cache 24ms (cache miss)
837 silly packumentCache full:https://registry.npmjs.org/flat-cache set size:undefined disposed:false
838 silly fetch manifest locate-path@^6.0.0
839 silly packumentCache full:https://registry.npmjs.org/locate-path cache-miss
840 http fetch GET 200 https://registry.npmjs.org/locate-path 20ms (cache miss)
841 silly packumentCache full:https://registry.npmjs.org/locate-path set size:undefined disposed:false
842 silly fetch manifest path-exists@^4.0.0
843 silly packumentCache full:https://registry.npmjs.org/path-exists cache-miss
844 http fetch GET 200 https://registry.npmjs.org/path-exists 23ms (cache miss)
845 silly packumentCache full:https://registry.npmjs.org/path-exists set size:undefined disposed:false
846 silly fetch manifest is-glob@^4.0.3
847 silly packumentCache full:https://registry.npmjs.org/is-glob cache-miss
848 http fetch GET 200 https://registry.npmjs.org/is-glob 2ms (cache hit)
849 silly packumentCache full:https://registry.npmjs.org/is-glob set size:40530 disposed:false
850 silly fetch manifest is-extglob@^2.1.1
851 silly packumentCache full:https://registry.npmjs.org/is-extglob cache-miss
852 http fetch GET 200 https://registry.npmjs.org/is-extglob 25ms (cache miss)
853 silly packumentCache full:https://registry.npmjs.org/is-extglob set size:undefined disposed:false
854 silly fetch manifest brace-expansion@^1.1.7
855 silly packumentCache full:https://registry.npmjs.org/brace-expansion cache-miss
856 http fetch GET 200 https://registry.npmjs.org/brace-expansion 30ms (cache miss)
857 silly packumentCache full:https://registry.npmjs.org/brace-expansion set size:undefined disposed:false
858 silly fetch manifest prelude-ls@^1.2.1
859 silly packumentCache full:https://registry.npmjs.org/prelude-ls cache-miss
860 http fetch GET 200 https://registry.npmjs.org/prelude-ls 40ms (cache miss)
861 silly packumentCache full:https://registry.npmjs.org/prelude-ls set size:undefined disposed:false
862 silly fetch manifest deep-is@^0.1.3
863 silly packumentCache full:https://registry.npmjs.org/deep-is cache-miss
864 http fetch GET 200 https://registry.npmjs.org/deep-is 29ms (cache miss)
865 silly packumentCache full:https://registry.npmjs.org/deep-is set size:undefined disposed:false
866 silly fetch manifest word-wrap@^1.2.5
867 silly packumentCache full:https://registry.npmjs.org/word-wrap cache-miss
868 http fetch GET 200 https://registry.npmjs.org/word-wrap 22ms (cache miss)
869 silly packumentCache full:https://registry.npmjs.org/word-wrap set size:undefined disposed:false
870 silly fetch manifest type-check@^0.4.0
871 silly packumentCache full:https://registry.npmjs.org/type-check cache-miss
872 http fetch GET 200 https://registry.npmjs.org/type-check 27ms (cache miss)
873 silly packumentCache full:https://registry.npmjs.org/type-check set size:undefined disposed:false
874 silly fetch manifest fast-levenshtein@^2.0.6
875 silly packumentCache full:https://registry.npmjs.org/fast-levenshtein cache-miss
876 http fetch GET 200 https://registry.npmjs.org/fast-levenshtein 40ms (cache miss)
877 silly packumentCache full:https://registry.npmjs.org/fast-levenshtein set size:undefined disposed:false
878 silly placeDep node_modules/@eslint-community/eslint-utils eslint-visitor-keys@3.4.3 OK for: @eslint-community/eslint-utils@4.10.1 want: ^3.4.3
879 silly placeDep ROOT @eslint/object-schema@2.1.7 OK for: @eslint/config-array@0.21.2 want: ^2.1.7
880 silly placeDep ROOT @types/json-schema@7.0.15 OK for: @eslint/core@0.17.0 want: ^7.0.15
881 silly placeDep ROOT globals@14.0.0 OK for: @eslint/eslintrc@3.3.7 want: ^14.0.0
882 silly placeDep ROOT import-fresh@3.3.1 OK for: @eslint/eslintrc@3.3.7 want: ^3.2.1
883 silly placeDep ROOT js-yaml@4.3.2 OK for: @eslint/eslintrc@3.3.7 want: ^4.3.2
884 silly placeDep ROOT strip-json-comments@3.1.1 OK for: @eslint/eslintrc@3.3.7 want: ^3.1.1
885 silly fetch manifest resolve-from@^4.0.0
886 silly packumentCache full:https://registry.npmjs.org/resolve-from cache-miss
887 http fetch GET 200 https://registry.npmjs.org/resolve-from 26ms (cache miss)
888 silly packumentCache full:https://registry.npmjs.org/resolve-from set size:undefined disposed:false
889 silly fetch manifest parent-module@^1.0.0
890 silly packumentCache full:https://registry.npmjs.org/parent-module cache-miss
891 http fetch GET 200 https://registry.npmjs.org/parent-module 22ms (cache miss)
892 silly packumentCache full:https://registry.npmjs.org/parent-module set size:undefined disposed:false
893 silly fetch manifest argparse@^2.0.1
894 silly packumentCache full:https://registry.npmjs.org/argparse cache-miss
895 http fetch GET 200 https://registry.npmjs.org/argparse 23ms (cache miss)
896 silly packumentCache full:https://registry.npmjs.org/argparse set size:undefined disposed:false
897 silly placeDep ROOT levn@0.4.1 OK for: @eslint/plugin-kit@0.4.1 want: ^0.4.1
898 silly fetch manifest type-check@~0.4.0
899 silly packumentCache full:https://registry.npmjs.org/type-check cache-miss
900 http fetch GET 200 https://registry.npmjs.org/type-check 3ms (cache hit)
901 silly packumentCache full:https://registry.npmjs.org/type-check set size:21221 disposed:false
902 silly placeDep ROOT @humanfs/core@0.19.2 OK for: @humanfs/node@0.16.8 want: ^0.19.2
903 silly placeDep ROOT @humanfs/types@0.15.0 OK for: @humanfs/node@0.16.8 want: ^0.15.0
904 silly placeDep ROOT fast-json-stable-stringify@2.1.0 OK for: ajv@6.15.0 want: ^2.0.0
905 silly placeDep ROOT json-schema-traverse@0.4.1 OK for: ajv@6.15.0 want: ^0.4.1
906 silly placeDep ROOT uri-js@4.4.1 OK for: ajv@6.15.0 want: ^4.2.2
907 silly fetch manifest punycode@^2.1.0
908 silly packumentCache full:https://registry.npmjs.org/punycode cache-miss
909 http fetch GET 200 https://registry.npmjs.org/punycode 19ms (cache miss)
910 silly packumentCache full:https://registry.npmjs.org/punycode set size:undefined disposed:false
911 silly placeDep ROOT ansi-styles@4.3.0 OK for: chalk@4.1.2 want: ^4.1.0
912 silly placeDep ROOT supports-color@7.2.0 OK for: chalk@4.1.2 want: ^7.1.0
913 silly fetch manifest color-convert@^2.0.1
914 silly packumentCache full:https://registry.npmjs.org/color-convert cache-miss
915 http fetch GET 200 https://registry.npmjs.org/color-convert 55ms (cache miss)
916 silly packumentCache full:https://registry.npmjs.org/color-convert set size:undefined disposed:false
917 silly fetch manifest has-flag@^4.0.0
918 silly packumentCache full:https://registry.npmjs.org/has-flag cache-miss
919 http fetch GET 200 https://registry.npmjs.org/has-flag 23ms (cache miss)
920 silly packumentCache full:https://registry.npmjs.org/has-flag set size:undefined disposed:false
921 silly placeDep ROOT color-convert@2.0.1 OK for: ansi-styles@4.3.0 want: ^2.0.1
922 silly fetch manifest color-name@~1.1.4
923 silly packumentCache full:https://registry.npmjs.org/color-name cache-miss
924 http fetch GET 200 https://registry.npmjs.org/color-name 24ms (cache miss)
925 silly packumentCache full:https://registry.npmjs.org/color-name set size:undefined disposed:false
926 silly placeDep ROOT color-name@1.1.4 OK for: color-convert@2.0.1 want: ~1.1.4
927 silly placeDep ROOT path-key@3.1.1 OK for: cross-spawn@7.0.6 want: ^3.1.0
928 silly placeDep ROOT shebang-command@2.0.0 OK for: cross-spawn@7.0.6 want: ^2.0.0
929 silly placeDep ROOT which@2.0.2 OK for: cross-spawn@7.0.6 want: ^2.0.1
930 silly fetch manifest shebang-regex@^3.0.0
931 silly packumentCache full:https://registry.npmjs.org/shebang-regex cache-miss
932 http fetch GET 200 https://registry.npmjs.org/shebang-regex 26ms (cache miss)
933 silly packumentCache full:https://registry.npmjs.org/shebang-regex set size:undefined disposed:false
934 silly fetch manifest isexe@^2.0.0
935 silly packumentCache full:https://registry.npmjs.org/isexe cache-miss
936 http fetch GET 200 https://registry.npmjs.org/isexe 25ms (cache miss)
937 silly packumentCache full:https://registry.npmjs.org/isexe set size:undefined disposed:false
938 silly placeDep ROOT ms@2.1.3 OK for: debug@4.4.3 want: ^2.1.3
939 silly fetch manifest eslint@>=9.0.0
940 silly packumentCache full:https://registry.npmjs.org/eslint cache-miss
941 http fetch GET 200 https://registry.npmjs.org/eslint 7ms (cache hit)
942 silly packumentCache full:https://registry.npmjs.org/eslint set size:2077457 disposed:false
943 silly fetch manifest typescript@>=3.3.1
944 silly packumentCache full:https://registry.npmjs.org/typescript cache-miss
945 http fetch GET 200 https://registry.npmjs.org/typescript 69ms (cache hit)
946 silly packumentCache full:https://registry.npmjs.org/typescript set size:15681400 disposed:false
947 silly fetch manifest typescript@>=4.8.4 <6.1.0
948 silly packumentCache full:https://registry.npmjs.org/typescript cache-miss
949 http fetch GET 200 https://registry.npmjs.org/typescript 78ms (cache hit)
950 silly packumentCache full:https://registry.npmjs.org/typescript set size:15681400 disposed:false
951 silly fetch manifest eslint@^3 || ^4 || ^5 || ^6 || ^7 || ^8 || ^9.7
952 silly packumentCache full:https://registry.npmjs.org/eslint cache-miss
953 http fetch GET 200 https://registry.npmjs.org/eslint 9ms (cache hit)
954 silly packumentCache full:https://registry.npmjs.org/eslint set size:2077457 disposed:false
955 silly fetch manifest eslint@^2 || ^3 || ^4 || ^5 || ^6 || ^7.2.0 || ^8 || ^9
956 silly packumentCache full:https://registry.npmjs.org/eslint cache-miss
957 http fetch GET 200 https://registry.npmjs.org/eslint 8ms (cache hit)
958 silly packumentCache full:https://registry.npmjs.org/eslint set size:2077457 disposed:false
959 silly fetch manifest eslint@^3 || ^4 || ^5 || ^6 || ^7 || ^8 || ^9
960 silly packumentCache full:https://registry.npmjs.org/eslint cache-miss
961 http fetch GET 200 https://registry.npmjs.org/eslint 48ms (cache hit)
962 silly packumentCache full:https://registry.npmjs.org/eslint set size:2077457 disposed:false
963 silly fetch manifest eslint-plugin-import-x@*
964 silly packumentCache full:https://registry.npmjs.org/eslint-plugin-import-x cache-miss
965 http fetch GET 200 https://registry.npmjs.org/eslint-plugin-import-x 37ms (cache miss)
966 silly packumentCache full:https://registry.npmjs.org/eslint-plugin-import-x set size:undefined disposed:false
967 silly fetch manifest @typescript-eslint/utils@^8.56.0
968 silly packumentCache full:https://registry.npmjs.org/@typescript-eslint%2futils cache-miss
969 http fetch GET 200 https://registry.npmjs.org/@typescript-eslint%2futils 252ms (cache miss)
970 silly packumentCache full:https://registry.npmjs.org/@typescript-eslint%2futils set size:undefined disposed:false
971 silly placeDep ROOT @next/eslint-plugin-next@16.1.6 OK for: eslint-config-next@16.1.6 want: 16.1.6
972 silly placeDep ROOT eslint-import-resolver-node@0.3.10 OK for: eslint-config-next@16.1.6 want: ^0.3.6
973 silly placeDep ROOT eslint-import-resolver-typescript@3.10.1 OK for: eslint-config-next@16.1.6 want: ^3.5.2
974 silly placeDep ROOT eslint-plugin-import@2.32.0 OK for: eslint-config-next@16.1.6 want: ^2.32.0
975 silly placeDep ROOT eslint-plugin-jsx-a11y@6.10.2 OK for: eslint-config-next@16.1.6 want: ^6.10.0
976 silly placeDep ROOT eslint-plugin-react@7.37.5 OK for: eslint-config-next@16.1.6 want: ^7.37.0
977 silly placeDep ROOT eslint-plugin-react-hooks@7.1.1 OK for: eslint-config-next@16.1.6 want: ^7.0.0
978 silly placeDep node_modules/eslint-config-next globals@16.4.0 OK for: eslint-config-next@16.1.6 want: 16.4.0
979 silly placeDep ROOT typescript-eslint@8.70.0 OK for: eslint-config-next@16.1.6 want: ^8.46.0
980 silly fetch manifest fast-glob@3.3.1
981 silly packumentCache full:https://registry.npmjs.org/fast-glob cache-miss
982 http fetch GET 200 https://registry.npmjs.org/fast-glob 35ms (cache miss)
983 silly packumentCache full:https://registry.npmjs.org/fast-glob set size:undefined disposed:false
984 silly fetch manifest debug@^3.2.7
985 silly packumentCache full:https://registry.npmjs.org/debug cache-hit
986 silly fetch manifest resolve@^2.0.0-next.6
987 silly packumentCache full:https://registry.npmjs.org/resolve cache-miss
988 http fetch GET 200 https://registry.npmjs.org/resolve 34ms (cache miss)
989 silly packumentCache full:https://registry.npmjs.org/resolve set size:undefined disposed:false
990 silly fetch manifest is-core-module@^2.16.1
991 silly packumentCache full:https://registry.npmjs.org/is-core-module cache-miss
992 http fetch GET 200 https://registry.npmjs.org/is-core-module 20ms (cache miss)
993 silly packumentCache full:https://registry.npmjs.org/is-core-module set size:undefined disposed:false
994 silly fetch manifest tinyglobby@^0.2.13
995 silly packumentCache full:https://registry.npmjs.org/tinyglobby cache-miss
996 http fetch GET 200 https://registry.npmjs.org/tinyglobby 26ms (cache miss)
997 silly packumentCache full:https://registry.npmjs.org/tinyglobby set size:undefined disposed:false
998 silly fetch manifest stable-hash@^0.0.5
999 silly packumentCache full:https://registry.npmjs.org/stable-hash cache-miss
1000 http fetch GET 200 https://registry.npmjs.org/stable-hash 19ms (cache miss)
1001 silly packumentCache full:https://registry.npmjs.org/stable-hash set size:undefined disposed:false
1002 silly fetch manifest get-tsconfig@^4.10.0
1003 silly packumentCache full:https://registry.npmjs.org/get-tsconfig cache-miss
1004 http fetch GET 200 https://registry.npmjs.org/get-tsconfig 28ms (cache miss)
1005 silly packumentCache full:https://registry.npmjs.org/get-tsconfig set size:undefined disposed:false
1006 silly fetch manifest is-bun-module@^2.0.0
1007 silly packumentCache full:https://registry.npmjs.org/is-bun-module cache-miss
1008 http fetch GET 200 https://registry.npmjs.org/is-bun-module 24ms (cache miss)
1009 silly packumentCache full:https://registry.npmjs.org/is-bun-module set size:undefined disposed:false
1010 silly fetch manifest unrs-resolver@^1.6.2
1011 silly packumentCache full:https://registry.npmjs.org/unrs-resolver cache-miss
1012 http fetch GET 200 https://registry.npmjs.org/unrs-resolver 31ms (cache miss)
1013 silly packumentCache full:https://registry.npmjs.org/unrs-resolver set size:undefined disposed:false
1014 silly fetch manifest @nolyfill/is-core-module@1.0.39
1015 silly packumentCache full:https://registry.npmjs.org/@nolyfill%2fis-core-module cache-miss
1016 http fetch GET 200 https://registry.npmjs.org/@nolyfill%2fis-core-module 42ms (cache miss)
1017 silly packumentCache full:https://registry.npmjs.org/@nolyfill%2fis-core-module set size:undefined disposed:false
1018 silly fetch manifest @rtsao/scc@^1.1.0
1019 silly packumentCache full:https://registry.npmjs.org/@rtsao%2fscc cache-miss
1020 http fetch GET 200 https://registry.npmjs.org/@rtsao%2fscc 39ms (cache miss)
1021 silly packumentCache full:https://registry.npmjs.org/@rtsao%2fscc set size:undefined disposed:false
1022 silly fetch manifest array-includes@^3.1.9
1023 silly packumentCache full:https://registry.npmjs.org/array-includes cache-miss
1024 http fetch GET 200 https://registry.npmjs.org/array-includes 28ms (cache miss)
1025 silly packumentCache full:https://registry.npmjs.org/array-includes set size:undefined disposed:false
1026 silly fetch manifest array.prototype.findlastindex@^1.2.6
1027 silly packumentCache full:https://registry.npmjs.org/array.prototype.findlastindex cache-miss
1028 http fetch GET 200 https://registry.npmjs.org/array.prototype.findlastindex 30ms (cache miss)
1029 silly packumentCache full:https://registry.npmjs.org/array.prototype.findlastindex set size:undefined disposed:false
1030 silly fetch manifest array.prototype.flat@^1.3.3
1031 silly packumentCache full:https://registry.npmjs.org/array.prototype.flat cache-miss
1032 http fetch GET 200 https://registry.npmjs.org/array.prototype.flat 30ms (cache miss)
1033 silly packumentCache full:https://registry.npmjs.org/array.prototype.flat set size:undefined disposed:false
1034 silly fetch manifest array.prototype.flatmap@^1.3.3
1035 silly packumentCache full:https://registry.npmjs.org/array.prototype.flatmap cache-miss
1036 http fetch GET 200 https://registry.npmjs.org/array.prototype.flatmap 32ms (cache miss)
1037 silly packumentCache full:https://registry.npmjs.org/array.prototype.flatmap set size:undefined disposed:false
1038 silly fetch manifest doctrine@^2.1.0
1039 silly packumentCache full:https://registry.npmjs.org/doctrine cache-miss
1040 http fetch GET 200 https://registry.npmjs.org/doctrine 41ms (cache miss)
1041 silly packumentCache full:https://registry.npmjs.org/doctrine set size:undefined disposed:false
1042 silly fetch manifest eslint-module-utils@^2.12.1
1043 silly packumentCache full:https://registry.npmjs.org/eslint-module-utils cache-miss
1044 http fetch GET 200 https://registry.npmjs.org/eslint-module-utils 28ms (cache miss)
1045 silly packumentCache full:https://registry.npmjs.org/eslint-module-utils set size:undefined disposed:false
1046 silly fetch manifest hasown@^2.0.2
1047 silly packumentCache full:https://registry.npmjs.org/hasown cache-miss
1048 http fetch GET 200 https://registry.npmjs.org/hasown 4ms (cache hit)
1049 silly packumentCache full:https://registry.npmjs.org/hasown set size:18361 disposed:false
1050 silly fetch manifest object.fromentries@^2.0.8
1051 silly packumentCache full:https://registry.npmjs.org/object.fromentries cache-miss
1052 http fetch GET 200 https://registry.npmjs.org/object.fromentries 23ms (cache miss)
1053 silly packumentCache full:https://registry.npmjs.org/object.fromentries set size:undefined disposed:false
1054 silly fetch manifest object.groupby@^1.0.3
1055 silly packumentCache full:https://registry.npmjs.org/object.groupby cache-miss
1056 http fetch GET 200 https://registry.npmjs.org/object.groupby 22ms (cache miss)
1057 silly packumentCache full:https://registry.npmjs.org/object.groupby set size:undefined disposed:false
1058 silly fetch manifest object.values@^1.2.1
1059 silly packumentCache full:https://registry.npmjs.org/object.values cache-miss
1060 http fetch GET 200 https://registry.npmjs.org/object.values 25ms (cache miss)
1061 silly packumentCache full:https://registry.npmjs.org/object.values set size:undefined disposed:false
1062 silly fetch manifest semver@^6.3.1
1063 silly packumentCache full:https://registry.npmjs.org/semver cache-miss
1064 http fetch GET 200 https://registry.npmjs.org/semver 34ms (cache miss)
1065 silly packumentCache full:https://registry.npmjs.org/semver set size:undefined disposed:false
1066 silly fetch manifest string.prototype.trimend@^1.0.9
1067 silly packumentCache full:https://registry.npmjs.org/string.prototype.trimend cache-miss
1068 http fetch GET 200 https://registry.npmjs.org/string.prototype.trimend 23ms (cache miss)
1069 silly packumentCache full:https://registry.npmjs.org/string.prototype.trimend set size:undefined disposed:false
1070 silly fetch manifest tsconfig-paths@^3.15.0
1071 silly packumentCache full:https://registry.npmjs.org/tsconfig-paths cache-miss
1072 http fetch GET 200 https://registry.npmjs.org/tsconfig-paths 25ms (cache miss)
1073 silly packumentCache full:https://registry.npmjs.org/tsconfig-paths set size:undefined disposed:false
1074 silly fetch manifest aria-query@^5.3.2
1075 silly packumentCache full:https://registry.npmjs.org/aria-query cache-miss
1076 http fetch GET 200 https://registry.npmjs.org/aria-query 26ms (cache miss)
1077 silly packumentCache full:https://registry.npmjs.org/aria-query set size:undefined disposed:false
1078 silly fetch manifest array-includes@^3.1.8
1079 silly packumentCache full:https://registry.npmjs.org/array-includes cache-miss
1080 http fetch GET 200 https://registry.npmjs.org/array-includes 48ms (cache hit)
1081 silly packumentCache full:https://registry.npmjs.org/array-includes set size:80888 disposed:false
1082 silly fetch manifest array.prototype.flatmap@^1.3.2
1083 silly packumentCache full:https://registry.npmjs.org/array.prototype.flatmap cache-miss
1084 http fetch GET 200 https://registry.npmjs.org/array.prototype.flatmap 2ms (cache hit)
1085 silly packumentCache full:https://registry.npmjs.org/array.prototype.flatmap set size:51458 disposed:false
1086 silly fetch manifest ast-types-flow@^0.0.8
1087 silly packumentCache full:https://registry.npmjs.org/ast-types-flow cache-miss
1088 http fetch GET 200 https://registry.npmjs.org/ast-types-flow 22ms (cache miss)
1089 silly packumentCache full:https://registry.npmjs.org/ast-types-flow set size:undefined disposed:false
1090 silly fetch manifest axe-core@^4.10.0
1091 silly packumentCache full:https://registry.npmjs.org/axe-core cache-miss
1092 http fetch GET 200 https://registry.npmjs.org/axe-core 199ms (cache miss)
1093 silly packumentCache full:https://registry.npmjs.org/axe-core set size:undefined disposed:false
1094 silly fetch manifest axobject-query@^4.1.0
1095 silly packumentCache full:https://registry.npmjs.org/axobject-query cache-miss
1096 http fetch GET 200 https://registry.npmjs.org/axobject-query 22ms (cache miss)
1097 silly packumentCache full:https://registry.npmjs.org/axobject-query set size:undefined disposed:false
1098 silly fetch manifest damerau-levenshtein@^1.0.8
1099 silly packumentCache full:https://registry.npmjs.org/damerau-levenshtein cache-miss
1100 http fetch GET 200 https://registry.npmjs.org/damerau-levenshtein 20ms (cache miss)
1101 silly packumentCache full:https://registry.npmjs.org/damerau-levenshtein set size:undefined disposed:false
1102 silly fetch manifest emoji-regex@^9.2.2
1103 silly packumentCache full:https://registry.npmjs.org/emoji-regex cache-miss
1104 http fetch GET 200 https://registry.npmjs.org/emoji-regex 27ms (cache miss)
1105 silly packumentCache full:https://registry.npmjs.org/emoji-regex set size:undefined disposed:false
1106 silly fetch manifest jsx-ast-utils@^3.3.5
1107 silly packumentCache full:https://registry.npmjs.org/jsx-ast-utils cache-miss
1108 http fetch GET 200 https://registry.npmjs.org/jsx-ast-utils 26ms (cache miss)
1109 silly packumentCache full:https://registry.npmjs.org/jsx-ast-utils set size:undefined disposed:false
1110 silly fetch manifest language-tags@^1.0.9
1111 silly packumentCache full:https://registry.npmjs.org/language-tags cache-miss
1112 http fetch GET 200 https://registry.npmjs.org/language-tags 20ms (cache miss)
1113 silly packumentCache full:https://registry.npmjs.org/language-tags set size:undefined disposed:false
1114 silly fetch manifest safe-regex-test@^1.0.3
1115 silly packumentCache full:https://registry.npmjs.org/safe-regex-test cache-miss
1116 http fetch GET 200 https://registry.npmjs.org/safe-regex-test 20ms (cache miss)
1117 silly packumentCache full:https://registry.npmjs.org/safe-regex-test set size:undefined disposed:false
1118 silly fetch manifest string.prototype.includes@^2.0.1
1119 silly packumentCache full:https://registry.npmjs.org/string.prototype.includes cache-miss
1120 http fetch GET 200 https://registry.npmjs.org/string.prototype.includes 24ms (cache miss)
1121 silly packumentCache full:https://registry.npmjs.org/string.prototype.includes set size:undefined disposed:false
1122 silly fetch manifest array.prototype.findlast@^1.2.5
1123 silly packumentCache full:https://registry.npmjs.org/array.prototype.findlast cache-miss
1124 http fetch GET 200 https://registry.npmjs.org/array.prototype.findlast 26ms (cache miss)
1125 silly packumentCache full:https://registry.npmjs.org/array.prototype.findlast set size:undefined disposed:false
1126 silly fetch manifest array.prototype.tosorted@^1.1.4
1127 silly packumentCache full:https://registry.npmjs.org/array.prototype.tosorted cache-miss
1128 http fetch GET 200 https://registry.npmjs.org/array.prototype.tosorted 22ms (cache miss)
1129 silly packumentCache full:https://registry.npmjs.org/array.prototype.tosorted set size:undefined disposed:false
1130 silly fetch manifest es-iterator-helpers@^1.2.1
1131 silly packumentCache full:https://registry.npmjs.org/es-iterator-helpers cache-miss
1132 http fetch GET 200 https://registry.npmjs.org/es-iterator-helpers 24ms (cache miss)
1133 silly packumentCache full:https://registry.npmjs.org/es-iterator-helpers set size:undefined disposed:false
1134 silly fetch manifest estraverse@^5.3.0
1135 silly packumentCache full:https://registry.npmjs.org/estraverse cache-hit
1136 silly fetch manifest jsx-ast-utils@^2.4.1 || ^3.0.0
1137 silly packumentCache full:https://registry.npmjs.org/jsx-ast-utils cache-miss
1138 http fetch GET 200 https://registry.npmjs.org/jsx-ast-utils 5ms (cache hit)
1139 silly packumentCache full:https://registry.npmjs.org/jsx-ast-utils set size:115998 disposed:false
1140 silly fetch manifest object.entries@^1.1.9
1141 silly packumentCache full:https://registry.npmjs.org/object.entries cache-miss
1142 http fetch GET 200 https://registry.npmjs.org/object.entries 25ms (cache miss)
1143 silly packumentCache full:https://registry.npmjs.org/object.entries set size:undefined disposed:false
1144 silly fetch manifest prop-types@^15.8.1
1145 silly packumentCache full:https://registry.npmjs.org/prop-types cache-miss
1146 http fetch GET 200 https://registry.npmjs.org/prop-types 23ms (cache miss)
1147 silly packumentCache full:https://registry.npmjs.org/prop-types set size:undefined disposed:false
1148 silly fetch manifest resolve@^2.0.0-next.5
1149 silly packumentCache full:https://registry.npmjs.org/resolve cache-miss
1150 http fetch GET 200 https://registry.npmjs.org/resolve 3ms (cache hit)
1151 silly packumentCache full:https://registry.npmjs.org/resolve set size:244568 disposed:false
1152 silly fetch manifest string.prototype.matchall@^4.0.12
1153 silly packumentCache full:https://registry.npmjs.org/string.prototype.matchall cache-miss
1154 http fetch GET 200 https://registry.npmjs.org/string.prototype.matchall 23ms (cache miss)
1155 silly packumentCache full:https://registry.npmjs.org/string.prototype.matchall set size:undefined disposed:false
1156 silly fetch manifest string.prototype.repeat@^1.0.0
1157 silly packumentCache full:https://registry.npmjs.org/string.prototype.repeat cache-miss
1158 http fetch GET 200 https://registry.npmjs.org/string.prototype.repeat 21ms (cache miss)
1159 silly packumentCache full:https://registry.npmjs.org/string.prototype.repeat set size:undefined disposed:false
1160 silly fetch manifest zod@^3.25.0 || ^4.0.0
1161 silly packumentCache full:https://registry.npmjs.org/zod cache-miss
1162 http fetch GET 200 https://registry.npmjs.org/zod 111ms (cache miss)
1163 silly packumentCache full:https://registry.npmjs.org/zod set size:undefined disposed:false
1164 silly fetch manifest @babel/core@^7.24.4
1165 silly packumentCache full:https://registry.npmjs.org/@babel%2fcore cache-miss
1166 http fetch GET 200 https://registry.npmjs.org/@babel%2fcore 65ms (cache miss)
1167 silly packumentCache full:https://registry.npmjs.org/@babel%2fcore set size:undefined disposed:false
1168 silly fetch manifest @babel/parser@^7.24.4
1169 silly packumentCache full:https://registry.npmjs.org/@babel%2fparser cache-miss
1170 http fetch GET 200 https://registry.npmjs.org/@babel%2fparser 62ms (cache miss)
1171 silly packumentCache full:https://registry.npmjs.org/@babel%2fparser set size:undefined disposed:false
1172 silly fetch manifest hermes-parser@^0.25.1
1173 silly packumentCache full:https://registry.npmjs.org/hermes-parser cache-miss
1174 http fetch GET 200 https://registry.npmjs.org/hermes-parser 30ms (cache miss)
1175 silly packumentCache full:https://registry.npmjs.org/hermes-parser set size:undefined disposed:false
1176 silly fetch manifest zod-validation-error@^3.5.0 || ^4.0.0
1177 silly packumentCache full:https://registry.npmjs.org/zod-validation-error cache-miss
1178 http fetch GET 200 https://registry.npmjs.org/zod-validation-error 30ms (cache miss)
1179 silly packumentCache full:https://registry.npmjs.org/zod-validation-error set size:undefined disposed:false
1180 silly fetch manifest @typescript-eslint/utils@8.70.0
1181 silly packumentCache full:https://registry.npmjs.org/@typescript-eslint%2futils cache-miss
1182 http fetch GET 200 https://registry.npmjs.org/@typescript-eslint%2futils 24ms (cache hit)
1183 silly packumentCache full:https://registry.npmjs.org/@typescript-eslint%2futils set size:10905902 disposed:false
1184 silly fetch manifest @typescript-eslint/parser@8.70.0
1185 silly packumentCache full:https://registry.npmjs.org/@typescript-eslint%2fparser cache-miss
1186 http fetch GET 200 https://registry.npmjs.org/@typescript-eslint%2fparser 451ms (cache miss)
1187 silly packumentCache full:https://registry.npmjs.org/@typescript-eslint%2fparser set size:undefined disposed:false
1188 silly fetch manifest @typescript-eslint/eslint-plugin@8.70.0
1189 silly packumentCache full:https://registry.npmjs.org/@typescript-eslint%2feslint-plugin cache-miss
1190 http fetch GET 200 https://registry.npmjs.org/@typescript-eslint%2feslint-plugin 456ms (cache miss)
1191 silly packumentCache full:https://registry.npmjs.org/@typescript-eslint%2feslint-plugin set size:undefined disposed:false
1192 silly fetch manifest @typescript-eslint/typescript-estree@8.70.0
1193 silly packumentCache full:https://registry.npmjs.org/@typescript-eslint%2ftypescript-estree cache-miss
1194 http fetch GET 200 https://registry.npmjs.org/@typescript-eslint%2ftypescript-estree 466ms (cache miss)
1195 silly packumentCache full:https://registry.npmjs.org/@typescript-eslint%2ftypescript-estree set size:undefined disposed:false
1196 silly placeDep ROOT fast-glob@3.3.1 OK for: @next/eslint-plugin-next@16.1.6 want: 3.3.1
1197 silly fetch manifest merge2@^1.3.0
1198 silly packumentCache full:https://registry.npmjs.org/merge2 cache-miss
1199 http fetch GET 200 https://registry.npmjs.org/merge2 43ms (cache miss)
1200 silly packumentCache full:https://registry.npmjs.org/merge2 set size:undefined disposed:false
1201 silly fetch manifest micromatch@^4.0.4
1202 silly packumentCache full:https://registry.npmjs.org/micromatch cache-miss
1203 http fetch GET 200 https://registry.npmjs.org/micromatch 36ms (cache miss)
1204 silly packumentCache full:https://registry.npmjs.org/micromatch set size:undefined disposed:false
1205 silly fetch manifest glob-parent@^5.1.2
1206 silly packumentCache full:https://registry.npmjs.org/glob-parent cache-miss
1207 http fetch GET 200 https://registry.npmjs.org/glob-parent 6ms (cache hit)
1208 silly packumentCache full:https://registry.npmjs.org/glob-parent set size:42445 disposed:false
1209 silly fetch manifest @nodelib/fs.stat@^2.0.2
1210 silly packumentCache full:https://registry.npmjs.org/@nodelib%2ffs.stat cache-miss
1211 http fetch GET 200 https://registry.npmjs.org/@nodelib%2ffs.stat 40ms (cache miss)
1212 silly packumentCache full:https://registry.npmjs.org/@nodelib%2ffs.stat set size:undefined disposed:false
1213 silly fetch manifest @nodelib/fs.walk@^1.2.3
1214 silly packumentCache full:https://registry.npmjs.org/@nodelib%2ffs.walk cache-miss
1215 http fetch GET 200 https://registry.npmjs.org/@nodelib%2ffs.walk 43ms (cache miss)
1216 silly packumentCache full:https://registry.npmjs.org/@nodelib%2ffs.walk set size:undefined disposed:false
1217 silly placeDep node_modules/eslint-import-resolver-node debug@3.2.7 OK for: eslint-import-resolver-node@0.3.10 want: ^3.2.7
1218 silly placeDep ROOT is-core-module@2.16.2 OK for: eslint-import-resolver-node@0.3.10 want: ^2.16.1
1219 silly placeDep ROOT resolve@2.0.0-next.7 OK for: eslint-import-resolver-node@0.3.10 want: ^2.0.0-next.6
1220 silly fetch manifest hasown@^2.0.3
1221 silly packumentCache full:https://registry.npmjs.org/hasown cache-hit
1222 silly fetch manifest es-errors@^1.3.0
1223 silly packumentCache full:https://registry.npmjs.org/es-errors cache-miss
1224 http fetch GET 200 https://registry.npmjs.org/es-errors 26ms (cache miss)
1225 silly packumentCache full:https://registry.npmjs.org/es-errors set size:undefined disposed:false
1226 silly fetch manifest node-exports-info@^1.6.0
1227 silly packumentCache full:https://registry.npmjs.org/node-exports-info cache-miss
1228 http fetch GET 200 https://registry.npmjs.org/node-exports-info 24ms (cache miss)
1229 silly packumentCache full:https://registry.npmjs.org/node-exports-info set size:undefined disposed:false
1230 silly fetch manifest object-keys@^1.1.1
1231 silly packumentCache full:https://registry.npmjs.org/object-keys cache-miss
1232 http fetch GET 200 https://registry.npmjs.org/object-keys 29ms (cache miss)
1233 silly packumentCache full:https://registry.npmjs.org/object-keys set size:undefined disposed:false
1234 silly fetch manifest path-parse@^1.0.7
1235 silly packumentCache full:https://registry.npmjs.org/path-parse cache-miss
1236 http fetch GET 200 https://registry.npmjs.org/path-parse 31ms (cache miss)
1237 silly packumentCache full:https://registry.npmjs.org/path-parse set size:undefined disposed:false
1238 silly fetch manifest supports-preserve-symlinks-flag@^1.0.0
1239 silly packumentCache full:https://registry.npmjs.org/supports-preserve-symlinks-flag cache-miss
1240 http fetch GET 200 https://registry.npmjs.org/supports-preserve-symlinks-flag 24ms (cache miss)
1241 silly packumentCache full:https://registry.npmjs.org/supports-preserve-symlinks-flag set size:undefined disposed:false
1242 silly placeDep ROOT @nolyfill/is-core-module@1.0.39 OK for: eslint-import-resolver-typescript@3.10.1 want: 1.0.39
1243 silly placeDep ROOT get-tsconfig@4.14.3 OK for: eslint-import-resolver-typescript@3.10.1 want: ^4.10.0
1244 silly placeDep ROOT is-bun-module@2.0.0 OK for: eslint-import-resolver-typescript@3.10.1 want: ^2.0.0
1245 silly placeDep ROOT stable-hash@0.0.5 OK for: eslint-import-resolver-typescript@3.10.1 want: ^0.0.5
1246 silly placeDep ROOT tinyglobby@0.2.17 OK for: eslint-import-resolver-typescript@3.10.1 want: ^0.2.13
1247 silly placeDep ROOT unrs-resolver@1.12.2 OK for: eslint-import-resolver-typescript@3.10.1 want: ^1.6.2
1248 silly fetch manifest resolve-pkg-maps@^1.0.0
1249 silly packumentCache full:https://registry.npmjs.org/resolve-pkg-maps cache-miss
1250 http fetch GET 200 https://registry.npmjs.org/resolve-pkg-maps 24ms (cache miss)
1251 silly packumentCache full:https://registry.npmjs.org/resolve-pkg-maps set size:undefined disposed:false
1252 silly fetch manifest semver@^7.7.1
1253 silly packumentCache full:https://registry.npmjs.org/semver cache-miss
1254 http fetch GET 200 https://registry.npmjs.org/semver 3ms (cache hit)
1255 silly packumentCache full:https://registry.npmjs.org/semver set size:246128 disposed:false
1256 silly fetch manifest fdir@^6.5.0
1257 silly packumentCache full:https://registry.npmjs.org/fdir cache-miss
1258 http fetch GET 200 https://registry.npmjs.org/fdir 29ms (cache miss)
1259 silly packumentCache full:https://registry.npmjs.org/fdir set size:undefined disposed:false
1260 silly fetch manifest picomatch@^4.0.4
1261 silly packumentCache full:https://registry.npmjs.org/picomatch cache-miss
1262 http fetch GET 200 https://registry.npmjs.org/picomatch 49ms (cache miss)
1263 silly packumentCache full:https://registry.npmjs.org/picomatch set size:undefined disposed:false
1264 silly fetch manifest napi-postinstall@^0.3.4
1265 silly packumentCache full:https://registry.npmjs.org/napi-postinstall cache-miss
1266 http fetch GET 200 https://registry.npmjs.org/napi-postinstall 52ms (cache miss)
1267 silly packumentCache full:https://registry.npmjs.org/napi-postinstall set size:undefined disposed:false
1268 silly fetch manifest @unrs/resolver-binding-darwin-arm64@1.12.2
1269 silly packumentCache full:https://registry.npmjs.org/@unrs%2fresolver-binding-darwin-arm64 cache-miss
1270 http fetch GET 200 https://registry.npmjs.org/@unrs%2fresolver-binding-darwin-arm64 106ms (cache miss)
1271 silly packumentCache full:https://registry.npmjs.org/@unrs%2fresolver-binding-darwin-arm64 set size:undefined disposed:false
1272 silly fetch manifest @unrs/resolver-binding-android-arm64@1.12.2
1273 silly packumentCache full:https://registry.npmjs.org/@unrs%2fresolver-binding-android-arm64 cache-miss
1274 http fetch GET 200 https://registry.npmjs.org/@unrs%2fresolver-binding-android-arm64 46ms (cache miss)
1275 silly packumentCache full:https://registry.npmjs.org/@unrs%2fresolver-binding-android-arm64 set size:undefined disposed:false
1276 silly fetch manifest @unrs/resolver-binding-win32-arm64-msvc@1.12.2
1277 silly packumentCache full:https://registry.npmjs.org/@unrs%2fresolver-binding-win32-arm64-msvc cache-miss
1278 http fetch GET 200 https://registry.npmjs.org/@unrs%2fresolver-binding-win32-arm64-msvc 43ms (cache miss)
1279 silly packumentCache full:https://registry.npmjs.org/@unrs%2fresolver-binding-win32-arm64-msvc set size:undefined disposed:false
1280 silly fetch manifest @unrs/resolver-binding-linux-arm64-gnu@1.12.2
1281 silly packumentCache full:https://registry.npmjs.org/@unrs%2fresolver-binding-linux-arm64-gnu cache-miss
1282 http fetch GET 200 https://registry.npmjs.org/@unrs%2fresolver-binding-linux-arm64-gnu 42ms (cache miss)
1283 silly packumentCache full:https://registry.npmjs.org/@unrs%2fresolver-binding-linux-arm64-gnu set size:undefined disposed:false
1284 silly fetch manifest @unrs/resolver-binding-linux-arm64-musl@1.12.2
1285 silly packumentCache full:https://registry.npmjs.org/@unrs%2fresolver-binding-linux-arm64-musl cache-miss
1286 http fetch GET 200 https://registry.npmjs.org/@unrs%2fresolver-binding-linux-arm64-musl 62ms (cache miss)
1287 silly packumentCache full:https://registry.npmjs.org/@unrs%2fresolver-binding-linux-arm64-musl set size:undefined disposed:false
1288 silly fetch manifest @unrs/resolver-binding-openharmony-arm64@1.12.2
1289 silly packumentCache full:https://registry.npmjs.org/@unrs%2fresolver-binding-openharmony-arm64 cache-miss
1290 http fetch GET 200 https://registry.npmjs.org/@unrs%2fresolver-binding-openharmony-arm64 47ms (cache miss)
1291 silly packumentCache full:https://registry.npmjs.org/@unrs%2fresolver-binding-openharmony-arm64 set size:undefined disposed:false
1292 silly fetch manifest @unrs/resolver-binding-android-arm-eabi@1.12.2
1293 silly packumentCache full:https://registry.npmjs.org/@unrs%2fresolver-binding-android-arm-eabi cache-miss
1294 http fetch GET 200 https://registry.npmjs.org/@unrs%2fresolver-binding-android-arm-eabi 51ms (cache miss)
1295 silly packumentCache full:https://registry.npmjs.org/@unrs%2fresolver-binding-android-arm-eabi set size:undefined disposed:false
1296 silly fetch manifest @unrs/resolver-binding-linux-arm-gnueabihf@1.12.2
1297 silly packumentCache full:https://registry.npmjs.org/@unrs%2fresolver-binding-linux-arm-gnueabihf cache-miss
1298 http fetch GET 200 https://registry.npmjs.org/@unrs%2fresolver-binding-linux-arm-gnueabihf 48ms (cache miss)
1299 silly packumentCache full:https://registry.npmjs.org/@unrs%2fresolver-binding-linux-arm-gnueabihf set size:undefined disposed:false
1300 silly fetch manifest @unrs/resolver-binding-linux-arm-musleabihf@1.12.2
1301 silly packumentCache full:https://registry.npmjs.org/@unrs%2fresolver-binding-linux-arm-musleabihf cache-miss
1302 http fetch GET 200 https://registry.npmjs.org/@unrs%2fresolver-binding-linux-arm-musleabihf 62ms (cache miss)
1303 silly packumentCache full:https://registry.npmjs.org/@unrs%2fresolver-binding-linux-arm-musleabihf set size:undefined disposed:false
1304 silly fetch manifest @unrs/resolver-binding-win32-ia32-msvc@1.12.2
1305 silly packumentCache full:https://registry.npmjs.org/@unrs%2fresolver-binding-win32-ia32-msvc cache-miss
1306 http fetch GET 200 https://registry.npmjs.org/@unrs%2fresolver-binding-win32-ia32-msvc 45ms (cache miss)
1307 silly packumentCache full:https://registry.npmjs.org/@unrs%2fresolver-binding-win32-ia32-msvc set size:undefined disposed:false
1308 silly fetch manifest @unrs/resolver-binding-linux-loong64-gnu@1.12.2
1309 silly packumentCache full:https://registry.npmjs.org/@unrs%2fresolver-binding-linux-loong64-gnu cache-miss
1310 http fetch GET 200 https://registry.npmjs.org/@unrs%2fresolver-binding-linux-loong64-gnu 42ms (cache miss)
1311 silly packumentCache full:https://registry.npmjs.org/@unrs%2fresolver-binding-linux-loong64-gnu set size:undefined disposed:false
1312 silly fetch manifest @unrs/resolver-binding-linux-loong64-musl@1.12.2
1313 silly packumentCache full:https://registry.npmjs.org/@unrs%2fresolver-binding-linux-loong64-musl cache-miss
1314 http fetch GET 200 https://registry.npmjs.org/@unrs%2fresolver-binding-linux-loong64-musl 49ms (cache miss)
1315 silly packumentCache full:https://registry.npmjs.org/@unrs%2fresolver-binding-linux-loong64-musl set size:undefined disposed:false
1316 silly fetch manifest @unrs/resolver-binding-linux-ppc64-gnu@1.12.2
1317 silly packumentCache full:https://registry.npmjs.org/@unrs%2fresolver-binding-linux-ppc64-gnu cache-miss
1318 http fetch GET 200 https://registry.npmjs.org/@unrs%2fresolver-binding-linux-ppc64-gnu 57ms (cache miss)
1319 silly packumentCache full:https://registry.npmjs.org/@unrs%2fresolver-binding-linux-ppc64-gnu set size:undefined disposed:false
1320 silly fetch manifest @unrs/resolver-binding-linux-riscv64-gnu@1.12.2
1321 silly packumentCache full:https://registry.npmjs.org/@unrs%2fresolver-binding-linux-riscv64-gnu cache-miss
1322 http fetch GET 200 https://registry.npmjs.org/@unrs%2fresolver-binding-linux-riscv64-gnu 39ms (cache miss)
1323 silly packumentCache full:https://registry.npmjs.org/@unrs%2fresolver-binding-linux-riscv64-gnu set size:undefined disposed:false
1324 silly fetch manifest @unrs/resolver-binding-linux-riscv64-musl@1.12.2
1325 silly packumentCache full:https://registry.npmjs.org/@unrs%2fresolver-binding-linux-riscv64-musl cache-miss
1326 http fetch GET 200 https://registry.npmjs.org/@unrs%2fresolver-binding-linux-riscv64-musl 84ms (cache miss)
1327 silly packumentCache full:https://registry.npmjs.org/@unrs%2fresolver-binding-linux-riscv64-musl set size:undefined disposed:false
1328 silly fetch manifest @unrs/resolver-binding-linux-s390x-gnu@1.12.2
1329 silly packumentCache full:https://registry.npmjs.org/@unrs%2fresolver-binding-linux-s390x-gnu cache-miss
1330 http fetch GET 200 https://registry.npmjs.org/@unrs%2fresolver-binding-linux-s390x-gnu 41ms (cache miss)
1331 silly packumentCache full:https://registry.npmjs.org/@unrs%2fresolver-binding-linux-s390x-gnu set size:undefined disposed:false
1332 silly fetch manifest @unrs/resolver-binding-wasm32-wasi@1.12.2
1333 silly packumentCache full:https://registry.npmjs.org/@unrs%2fresolver-binding-wasm32-wasi cache-miss
1334 http fetch GET 200 https://registry.npmjs.org/@unrs%2fresolver-binding-wasm32-wasi 54ms (cache miss)
1335 silly packumentCache full:https://registry.npmjs.org/@unrs%2fresolver-binding-wasm32-wasi set size:undefined disposed:false
1336 silly fetch manifest @unrs/resolver-binding-darwin-x64@1.12.2
1337 silly packumentCache full:https://registry.npmjs.org/@unrs%2fresolver-binding-darwin-x64 cache-miss
1338 http fetch GET 200 https://registry.npmjs.org/@unrs%2fresolver-binding-darwin-x64 41ms (cache miss)
1339 silly packumentCache full:https://registry.npmjs.org/@unrs%2fresolver-binding-darwin-x64 set size:undefined disposed:false
1340 silly fetch manifest @unrs/resolver-binding-win32-x64-msvc@1.12.2
1341 silly packumentCache full:https://registry.npmjs.org/@unrs%2fresolver-binding-win32-x64-msvc cache-miss
1342 http fetch GET 200 https://registry.npmjs.org/@unrs%2fresolver-binding-win32-x64-msvc 44ms (cache miss)
1343 silly packumentCache full:https://registry.npmjs.org/@unrs%2fresolver-binding-win32-x64-msvc set size:undefined disposed:false
1344 silly fetch manifest @unrs/resolver-binding-freebsd-x64@1.12.2
1345 silly packumentCache full:https://registry.npmjs.org/@unrs%2fresolver-binding-freebsd-x64 cache-miss
1346 http fetch GET 200 https://registry.npmjs.org/@unrs%2fresolver-binding-freebsd-x64 36ms (cache miss)
1347 silly packumentCache full:https://registry.npmjs.org/@unrs%2fresolver-binding-freebsd-x64 set size:undefined disposed:false
1348 silly fetch manifest @unrs/resolver-binding-linux-x64-gnu@1.12.2
1349 silly packumentCache full:https://registry.npmjs.org/@unrs%2fresolver-binding-linux-x64-gnu cache-miss
1350 http fetch GET 200 https://registry.npmjs.org/@unrs%2fresolver-binding-linux-x64-gnu 58ms (cache miss)
1351 silly packumentCache full:https://registry.npmjs.org/@unrs%2fresolver-binding-linux-x64-gnu set size:undefined disposed:false
1352 silly fetch manifest @unrs/resolver-binding-linux-x64-musl@1.12.2
1353 silly packumentCache full:https://registry.npmjs.org/@unrs%2fresolver-binding-linux-x64-musl cache-miss
1354 http fetch GET 200 https://registry.npmjs.org/@unrs%2fresolver-binding-linux-x64-musl 54ms (cache miss)
1355 silly packumentCache full:https://registry.npmjs.org/@unrs%2fresolver-binding-linux-x64-musl set size:undefined disposed:false
1356 silly placeDep ROOT @rtsao/scc@1.1.0 OK for: eslint-plugin-import@2.32.0 want: ^1.1.0
1357 silly placeDep ROOT array-includes@3.2.0 OK for: eslint-plugin-import@2.32.0 want: ^3.1.9
1358 silly placeDep ROOT array.prototype.findlastindex@1.2.6 OK for: eslint-plugin-import@2.32.0 want: ^1.2.6
1359 silly placeDep ROOT array.prototype.flat@1.3.3 OK for: eslint-plugin-import@2.32.0 want: ^1.3.3
1360 silly placeDep ROOT array.prototype.flatmap@1.3.3 OK for: eslint-plugin-import@2.32.0 want: ^1.3.3
1361 silly placeDep node_modules/eslint-plugin-import debug@3.2.7 OK for: eslint-plugin-import@2.32.0 want: ^3.2.7
1362 silly placeDep ROOT doctrine@2.1.0 OK for: eslint-plugin-import@2.32.0 want: ^2.1.0
1363 silly placeDep ROOT eslint-module-utils@2.14.0 OK for: eslint-plugin-import@2.32.0 want: ^2.12.1
1364 silly placeDep ROOT hasown@2.0.4 OK for: eslint-plugin-import@2.32.0 want: ^2.0.2
1365 silly placeDep ROOT object.fromentries@2.0.8 OK for: eslint-plugin-import@2.32.0 want: ^2.0.8
1366 silly placeDep ROOT object.groupby@1.0.3 OK for: eslint-plugin-import@2.32.0 want: ^1.0.3
1367 silly placeDep ROOT object.values@1.2.1 OK for: eslint-plugin-import@2.32.0 want: ^1.2.1
1368 silly placeDep ROOT semver@6.3.1 OK for: eslint-plugin-import@2.32.0 want: ^6.3.1
1369 silly placeDep ROOT string.prototype.trimend@1.0.10 OK for: eslint-plugin-import@2.32.0 want: ^1.0.9
1370 silly placeDep ROOT tsconfig-paths@3.15.0 OK for: eslint-plugin-import@2.32.0 want: ^3.15.0
1371 silly fetch manifest call-bind@^1.0.9
1372 silly packumentCache full:https://registry.npmjs.org/call-bind cache-miss
1373 http fetch GET 200 https://registry.npmjs.org/call-bind 32ms (cache miss)
1374 silly packumentCache full:https://registry.npmjs.org/call-bind set size:undefined disposed:false
1375 silly fetch manifest is-string@^1.1.1
1376 silly packumentCache full:https://registry.npmjs.org/is-string cache-miss
1377 http fetch GET 200 https://registry.npmjs.org/is-string 25ms (cache miss)
1378 silly packumentCache full:https://registry.npmjs.org/is-string set size:undefined disposed:false
1379 silly fetch manifest call-bound@^1.0.4
1380 silly packumentCache full:https://registry.npmjs.org/call-bound cache-miss
1381 http fetch GET 200 https://registry.npmjs.org/call-bound 24ms (cache miss)
1382 silly packumentCache full:https://registry.npmjs.org/call-bound set size:undefined disposed:false
1383 silly fetch manifest es-abstract@^1.24.2
1384 silly packumentCache full:https://registry.npmjs.org/es-abstract cache-miss
1385 http fetch GET 200 https://registry.npmjs.org/es-abstract 33ms (cache miss)
1386 silly packumentCache full:https://registry.npmjs.org/es-abstract set size:undefined disposed:false
1387 silly fetch manifest es-object-atoms@^1.1.2
1388 silly packumentCache full:https://registry.npmjs.org/es-object-atoms cache-miss
1389 http fetch GET 200 https://registry.npmjs.org/es-object-atoms 23ms (cache miss)
1390 silly packumentCache full:https://registry.npmjs.org/es-object-atoms set size:undefined disposed:false
1391 silly fetch manifest math-intrinsics@^1.1.0
1392 silly packumentCache full:https://registry.npmjs.org/math-intrinsics cache-miss
1393 http fetch GET 200 https://registry.npmjs.org/math-intrinsics 23ms (cache miss)
1394 silly packumentCache full:https://registry.npmjs.org/math-intrinsics set size:undefined disposed:false
1395 silly fetch manifest define-properties@^1.2.1
1396 silly packumentCache full:https://registry.npmjs.org/define-properties cache-miss
1397 http fetch GET 200 https://registry.npmjs.org/define-properties 20ms (cache miss)
1398 silly packumentCache full:https://registry.npmjs.org/define-properties set size:undefined disposed:false
1399 silly fetch manifest es-shim-unscopables@^1.1.0
1400 silly packumentCache full:https://registry.npmjs.org/es-shim-unscopables cache-miss
1401 http fetch GET 200 https://registry.npmjs.org/es-shim-unscopables 21ms (cache miss)
1402 silly packumentCache full:https://registry.npmjs.org/es-shim-unscopables set size:undefined disposed:false
1403 silly fetch manifest call-bind@^1.0.8
1404 silly packumentCache full:https://registry.npmjs.org/call-bind cache-miss
1405 http fetch GET 200 https://registry.npmjs.org/call-bind 3ms (cache hit)
1406 silly packumentCache full:https://registry.npmjs.org/call-bind set size:32985 disposed:false
1407 silly fetch manifest es-abstract@^1.23.9
1408 silly packumentCache full:https://registry.npmjs.org/es-abstract cache-miss
1409 http fetch GET 200 https://registry.npmjs.org/es-abstract 49ms (cache hit)
1410 silly packumentCache full:https://registry.npmjs.org/es-abstract set size:384124 disposed:false
1411 silly fetch manifest es-object-atoms@^1.1.1
1412 silly packumentCache full:https://registry.npmjs.org/es-object-atoms cache-miss
1413 http fetch GET 200 https://registry.npmjs.org/es-object-atoms 4ms (cache hit)
1414 silly packumentCache full:https://registry.npmjs.org/es-object-atoms set size:18278 disposed:false
1415 silly fetch manifest es-abstract@^1.23.5
1416 silly packumentCache full:https://registry.npmjs.org/es-abstract cache-hit
1417 silly fetch manifest es-shim-unscopables@^1.0.2
1418 silly packumentCache full:https://registry.npmjs.org/es-shim-unscopables cache-miss
1419 http fetch GET 200 https://registry.npmjs.org/es-shim-unscopables 3ms (cache hit)
1420 silly packumentCache full:https://registry.npmjs.org/es-shim-unscopables set size:13965 disposed:false
1421 silly fetch manifest function-bind@^1.1.2
1422 silly packumentCache full:https://registry.npmjs.org/function-bind cache-miss
1423 http fetch GET 200 https://registry.npmjs.org/function-bind 19ms (cache miss)
1424 silly packumentCache full:https://registry.npmjs.org/function-bind set size:undefined disposed:false
1425 silly fetch manifest call-bind@^1.0.7
1426 silly packumentCache full:https://registry.npmjs.org/call-bind cache-hit
1427 silly fetch manifest es-abstract@^1.23.2
1428 silly packumentCache full:https://registry.npmjs.org/es-abstract cache-hit
1429 silly fetch manifest es-object-atoms@^1.0.0
1430 silly packumentCache full:https://registry.npmjs.org/es-object-atoms cache-hit
1431 silly fetch manifest call-bound@^1.0.3
1432 silly packumentCache full:https://registry.npmjs.org/call-bound cache-miss
1433 http fetch GET 200 https://registry.npmjs.org/call-bound 4ms (cache hit)
1434 silly packumentCache full:https://registry.npmjs.org/call-bound set size:15317 disposed:false
1435 silly fetch manifest json5@^1.0.2
1436 silly packumentCache full:https://registry.npmjs.org/json5 cache-miss
1437 http fetch GET 200 https://registry.npmjs.org/json5 25ms (cache miss)
1438 silly packumentCache full:https://registry.npmjs.org/json5 set size:undefined disposed:false
1439 silly fetch manifest minimist@^1.2.6
1440 silly packumentCache full:https://registry.npmjs.org/minimist cache-miss
1441 http fetch GET 200 https://registry.npmjs.org/minimist 22ms (cache miss)
1442 silly packumentCache full:https://registry.npmjs.org/minimist set size:undefined disposed:false
1443 silly fetch manifest strip-bom@^3.0.0
1444 silly packumentCache full:https://registry.npmjs.org/strip-bom cache-miss
1445 http fetch GET 200 https://registry.npmjs.org/strip-bom 19ms (cache miss)
1446 silly packumentCache full:https://registry.npmjs.org/strip-bom set size:undefined disposed:false
1447 silly fetch manifest @types/json5@^0.0.29
1448 silly packumentCache full:https://registry.npmjs.org/@types%2fjson5 cache-miss
1449 http fetch GET 200 https://registry.npmjs.org/@types%2fjson5 26ms (cache miss)
1450 silly packumentCache full:https://registry.npmjs.org/@types%2fjson5 set size:undefined disposed:false
1451 silly placeDep ROOT call-bind@1.0.9 OK for: array-includes@3.2.0 want: ^1.0.9
1452 silly placeDep ROOT call-bound@1.0.4 OK for: array-includes@3.2.0 want: ^1.0.4
1453 silly placeDep ROOT define-properties@1.2.1 OK for: array-includes@3.2.0 want: ^1.2.1
1454 silly placeDep ROOT es-abstract@1.24.2 OK for: array-includes@3.2.0 want: ^1.24.2
1455 silly placeDep ROOT es-object-atoms@1.1.2 OK for: array-includes@3.2.0 want: ^1.1.2
1456 silly placeDep ROOT es-shim-unscopables@1.1.0 OK for: array-includes@3.2.0 want: ^1.1.0
1457 silly placeDep ROOT is-string@1.1.1 OK for: array-includes@3.2.0 want: ^1.1.1
1458 silly placeDep ROOT math-intrinsics@1.1.0 OK for: array-includes@3.2.0 want: ^1.1.0
1459 silly fetch manifest call-bind-apply-helpers@^1.0.2
1460 silly packumentCache full:https://registry.npmjs.org/call-bind-apply-helpers cache-miss
1461 http fetch GET 200 https://registry.npmjs.org/call-bind-apply-helpers 27ms (cache miss)
1462 silly packumentCache full:https://registry.npmjs.org/call-bind-apply-helpers set size:undefined disposed:false
1463 silly fetch manifest es-define-property@^1.0.1
1464 silly packumentCache full:https://registry.npmjs.org/es-define-property cache-miss
1465 http fetch GET 200 https://registry.npmjs.org/es-define-property 17ms (cache miss)
1466 silly packumentCache full:https://registry.npmjs.org/es-define-property set size:undefined disposed:false
1467 silly fetch manifest get-intrinsic@^1.3.0
1468 silly packumentCache full:https://registry.npmjs.org/get-intrinsic cache-miss
1469 http fetch GET 200 https://registry.npmjs.org/get-intrinsic 20ms (cache miss)
1470 silly packumentCache full:https://registry.npmjs.org/get-intrinsic set size:undefined disposed:false
1471 silly fetch manifest set-function-length@^1.2.2
1472 silly packumentCache full:https://registry.npmjs.org/set-function-length cache-miss
1473 http fetch GET 200 https://registry.npmjs.org/set-function-length 20ms (cache miss)
1474 silly packumentCache full:https://registry.npmjs.org/set-function-length set size:undefined disposed:false
1475 silly fetch manifest define-data-property@^1.0.1
1476 silly packumentCache full:https://registry.npmjs.org/define-data-property cache-miss
1477 http fetch GET 200 https://registry.npmjs.org/define-data-property 19ms (cache miss)
1478 silly packumentCache full:https://registry.npmjs.org/define-data-property set size:undefined disposed:false
1479 silly fetch manifest has-property-descriptors@^1.0.0
1480 silly packumentCache full:https://registry.npmjs.org/has-property-descriptors cache-miss
1481 http fetch GET 200 https://registry.npmjs.org/has-property-descriptors 23ms (cache miss)
1482 silly packumentCache full:https://registry.npmjs.org/has-property-descriptors set size:undefined disposed:false
1483 silly fetch manifest array-buffer-byte-length@^1.0.2
1484 silly packumentCache full:https://registry.npmjs.org/array-buffer-byte-length cache-miss
1485 http fetch GET 200 https://registry.npmjs.org/array-buffer-byte-length 22ms (cache miss)
1486 silly packumentCache full:https://registry.npmjs.org/array-buffer-byte-length set size:undefined disposed:false
1487 silly fetch manifest arraybuffer.prototype.slice@^1.0.4
1488 silly packumentCache full:https://registry.npmjs.org/arraybuffer.prototype.slice cache-miss
1489 http fetch GET 200 https://registry.npmjs.org/arraybuffer.prototype.slice 22ms (cache miss)
1490 silly packumentCache full:https://registry.npmjs.org/arraybuffer.prototype.slice set size:undefined disposed:false
1491 silly fetch manifest available-typed-arrays@^1.0.7
1492 silly packumentCache full:https://registry.npmjs.org/available-typed-arrays cache-miss
1493 http fetch GET 200 https://registry.npmjs.org/available-typed-arrays 19ms (cache miss)
1494 silly packumentCache full:https://registry.npmjs.org/available-typed-arrays set size:undefined disposed:false
1495 silly fetch manifest data-view-buffer@^1.0.2
1496 silly packumentCache full:https://registry.npmjs.org/data-view-buffer cache-miss
1497 http fetch GET 200 https://registry.npmjs.org/data-view-buffer 51ms (cache miss)
1498 silly packumentCache full:https://registry.npmjs.org/data-view-buffer set size:undefined disposed:false
1499 silly fetch manifest data-view-byte-length@^1.0.2
1500 silly packumentCache full:https://registry.npmjs.org/data-view-byte-length cache-miss
1501 http fetch GET 200 https://registry.npmjs.org/data-view-byte-length 33ms (cache miss)
1502 silly packumentCache full:https://registry.npmjs.org/data-view-byte-length set size:undefined disposed:false
1503 silly fetch manifest data-view-byte-offset@^1.0.1
1504 silly packumentCache full:https://registry.npmjs.org/data-view-byte-offset cache-miss
1505 http fetch GET 200 https://registry.npmjs.org/data-view-byte-offset 32ms (cache miss)
1506 silly packumentCache full:https://registry.npmjs.org/data-view-byte-offset set size:undefined disposed:false
1507 silly fetch manifest es-to-primitive@^1.3.0
1508 silly packumentCache full:https://registry.npmjs.org/es-to-primitive cache-miss
1509 http fetch GET 200 https://registry.npmjs.org/es-to-primitive 20ms (cache miss)
1510 silly packumentCache full:https://registry.npmjs.org/es-to-primitive set size:undefined disposed:false
1511 silly fetch manifest function.prototype.name@^1.1.8
1512 silly packumentCache full:https://registry.npmjs.org/function.prototype.name cache-miss
1513 http fetch GET 200 https://registry.npmjs.org/function.prototype.name 23ms (cache miss)
1514 silly packumentCache full:https://registry.npmjs.org/function.prototype.name set size:undefined disposed:false
1515 silly fetch manifest get-proto@^1.0.1
1516 silly packumentCache full:https://registry.npmjs.org/get-proto cache-miss
1517 http fetch GET 200 https://registry.npmjs.org/get-proto 28ms (cache miss)
1518 silly packumentCache full:https://registry.npmjs.org/get-proto set size:undefined disposed:false
1519 silly fetch manifest get-symbol-description@^1.1.0
1520 silly packumentCache full:https://registry.npmjs.org/get-symbol-description cache-miss
1521 http fetch GET 200 https://registry.npmjs.org/get-symbol-description 23ms (cache miss)
1522 silly packumentCache full:https://registry.npmjs.org/get-symbol-description set size:undefined disposed:false
1523 silly fetch manifest globalthis@^1.0.4
1524 silly packumentCache full:https://registry.npmjs.org/globalthis cache-miss
1525 http fetch GET 200 https://registry.npmjs.org/globalthis 23ms (cache miss)
1526 silly packumentCache full:https://registry.npmjs.org/globalthis set size:undefined disposed:false
1527 silly fetch manifest gopd@^1.2.0
1528 silly packumentCache full:https://registry.npmjs.org/gopd cache-miss
1529 http fetch GET 200 https://registry.npmjs.org/gopd 23ms (cache miss)
1530 silly packumentCache full:https://registry.npmjs.org/gopd set size:undefined disposed:false
1531 silly fetch manifest has-property-descriptors@^1.0.2
1532 silly packumentCache full:https://registry.npmjs.org/has-property-descriptors cache-miss
1533 http fetch GET 200 https://registry.npmjs.org/has-property-descriptors 2ms (cache hit)
1534 silly packumentCache full:https://registry.npmjs.org/has-property-descriptors set size:12452 disposed:false
1535 silly fetch manifest has-proto@^1.2.0
1536 silly packumentCache full:https://registry.npmjs.org/has-proto cache-miss
1537 http fetch GET 200 https://registry.npmjs.org/has-proto 22ms (cache miss)
1538 silly packumentCache full:https://registry.npmjs.org/has-proto set size:undefined disposed:false
1539 silly fetch manifest has-symbols@^1.1.0
1540 silly packumentCache full:https://registry.npmjs.org/has-symbols cache-miss
1541 http fetch GET 200 https://registry.npmjs.org/has-symbols 21ms (cache miss)
1542 silly packumentCache full:https://registry.npmjs.org/has-symbols set size:undefined disposed:false
1543 silly fetch manifest internal-slot@^1.1.0
1544 silly packumentCache full:https://registry.npmjs.org/internal-slot cache-miss
1545 http fetch GET 200 https://registry.npmjs.org/internal-slot 21ms (cache miss)
1546 silly packumentCache full:https://registry.npmjs.org/internal-slot set size:undefined disposed:false
1547 silly fetch manifest is-array-buffer@^3.0.5
1548 silly packumentCache full:https://registry.npmjs.org/is-array-buffer cache-miss
1549 http fetch GET 200 https://registry.npmjs.org/is-array-buffer 23ms (cache miss)
1550 silly packumentCache full:https://registry.npmjs.org/is-array-buffer set size:undefined disposed:false
1551 silly fetch manifest is-callable@^1.2.7
1552 silly packumentCache full:https://registry.npmjs.org/is-callable cache-miss
1553 http fetch GET 200 https://registry.npmjs.org/is-callable 26ms (cache miss)
1554 silly packumentCache full:https://registry.npmjs.org/is-callable set size:undefined disposed:false
1555 silly fetch manifest is-data-view@^1.0.2
1556 silly packumentCache full:https://registry.npmjs.org/is-data-view cache-miss
1557 http fetch GET 200 https://registry.npmjs.org/is-data-view 23ms (cache miss)
1558 silly packumentCache full:https://registry.npmjs.org/is-data-view set size:undefined disposed:false
1559 silly fetch manifest is-negative-zero@^2.0.3
1560 silly packumentCache full:https://registry.npmjs.org/is-negative-zero cache-miss
1561 http fetch GET 200 https://registry.npmjs.org/is-negative-zero 22ms (cache miss)
1562 silly packumentCache full:https://registry.npmjs.org/is-negative-zero set size:undefined disposed:false
1563 silly fetch manifest is-regex@^1.2.1
1564 silly packumentCache full:https://registry.npmjs.org/is-regex cache-miss
1565 http fetch GET 200 https://registry.npmjs.org/is-regex 30ms (cache miss)
1566 silly packumentCache full:https://registry.npmjs.org/is-regex set size:undefined disposed:false
1567 silly fetch manifest is-set@^2.0.3
1568 silly packumentCache full:https://registry.npmjs.org/is-set cache-miss
1569 http fetch GET 200 https://registry.npmjs.org/is-set 23ms (cache miss)
1570 silly packumentCache full:https://registry.npmjs.org/is-set set size:undefined disposed:false
1571 silly fetch manifest is-shared-array-buffer@^1.0.4
1572 silly packumentCache full:https://registry.npmjs.org/is-shared-array-buffer cache-miss
1573 http fetch GET 200 https://registry.npmjs.org/is-shared-array-buffer 24ms (cache miss)
1574 silly packumentCache full:https://registry.npmjs.org/is-shared-array-buffer set size:undefined disposed:false
1575 silly fetch manifest is-typed-array@^1.1.15
1576 silly packumentCache full:https://registry.npmjs.org/is-typed-array cache-miss
1577 http fetch GET 200 https://registry.npmjs.org/is-typed-array 51ms (cache miss)
1578 silly packumentCache full:https://registry.npmjs.org/is-typed-array set size:undefined disposed:false
1579 silly fetch manifest is-weakref@^1.1.1
1580 silly packumentCache full:https://registry.npmjs.org/is-weakref cache-miss
1581 http fetch GET 200 https://registry.npmjs.org/is-weakref 25ms (cache miss)
1582 silly packumentCache full:https://registry.npmjs.org/is-weakref set size:undefined disposed:false
1583 silly fetch manifest object-inspect@^1.13.4
1584 silly packumentCache full:https://registry.npmjs.org/object-inspect cache-miss
1585 http fetch GET 200 https://registry.npmjs.org/object-inspect 38ms (cache miss)
1586 silly packumentCache full:https://registry.npmjs.org/object-inspect set size:undefined disposed:false
1587 silly fetch manifest object.assign@^4.1.7
1588 silly packumentCache full:https://registry.npmjs.org/object.assign cache-miss
1589 http fetch GET 200 https://registry.npmjs.org/object.assign 34ms (cache miss)
1590 silly packumentCache full:https://registry.npmjs.org/object.assign set size:undefined disposed:false
1591 silly fetch manifest own-keys@^1.0.1
1592 silly packumentCache full:https://registry.npmjs.org/own-keys cache-miss
1593 http fetch GET 200 https://registry.npmjs.org/own-keys 22ms (cache miss)
1594 silly packumentCache full:https://registry.npmjs.org/own-keys set size:undefined disposed:false
1595 silly fetch manifest regexp.prototype.flags@^1.5.4
1596 silly packumentCache full:https://registry.npmjs.org/regexp.prototype.flags cache-miss
1597 http fetch GET 200 https://registry.npmjs.org/regexp.prototype.flags 32ms (cache miss)
1598 silly packumentCache full:https://registry.npmjs.org/regexp.prototype.flags set size:undefined disposed:false
1599 silly fetch manifest safe-array-concat@^1.1.3
1600 silly packumentCache full:https://registry.npmjs.org/safe-array-concat cache-miss
1601 http fetch GET 200 https://registry.npmjs.org/safe-array-concat 23ms (cache miss)
1602 silly packumentCache full:https://registry.npmjs.org/safe-array-concat set size:undefined disposed:false
1603 silly fetch manifest safe-push-apply@^1.0.0
1604 silly packumentCache full:https://registry.npmjs.org/safe-push-apply cache-miss
1605 http fetch GET 200 https://registry.npmjs.org/safe-push-apply 36ms (cache miss)
1606 silly packumentCache full:https://registry.npmjs.org/safe-push-apply set size:undefined disposed:false
1607 silly fetch manifest safe-regex-test@^1.1.0
1608 silly packumentCache full:https://registry.npmjs.org/safe-regex-test cache-miss
1609 http fetch GET 200 https://registry.npmjs.org/safe-regex-test 3ms (cache hit)
1610 silly packumentCache full:https://registry.npmjs.org/safe-regex-test set size:17412 disposed:false
1611 silly fetch manifest set-proto@^1.0.0
1612 silly packumentCache full:https://registry.npmjs.org/set-proto cache-miss
1613 http fetch GET 200 https://registry.npmjs.org/set-proto 29ms (cache miss)
1614 silly packumentCache full:https://registry.npmjs.org/set-proto set size:undefined disposed:false
1615 silly fetch manifest stop-iteration-iterator@^1.1.0
1616 silly packumentCache full:https://registry.npmjs.org/stop-iteration-iterator cache-miss
1617 http fetch GET 200 https://registry.npmjs.org/stop-iteration-iterator 46ms (cache miss)
1618 silly packumentCache full:https://registry.npmjs.org/stop-iteration-iterator set size:undefined disposed:false
1619 silly fetch manifest string.prototype.trim@^1.2.10
1620 silly packumentCache full:https://registry.npmjs.org/string.prototype.trim cache-miss
1621 http fetch GET 200 https://registry.npmjs.org/string.prototype.trim 24ms (cache miss)
1622 silly packumentCache full:https://registry.npmjs.org/string.prototype.trim set size:undefined disposed:false
1623 silly fetch manifest string.prototype.trimstart@^1.0.8
1624 silly packumentCache full:https://registry.npmjs.org/string.prototype.trimstart cache-miss
1625 http fetch GET 200 https://registry.npmjs.org/string.prototype.trimstart 21ms (cache miss)
1626 silly packumentCache full:https://registry.npmjs.org/string.prototype.trimstart set size:undefined disposed:false
1627 silly fetch manifest typed-array-buffer@^1.0.3
1628 silly packumentCache full:https://registry.npmjs.org/typed-array-buffer cache-miss
1629 http fetch GET 200 https://registry.npmjs.org/typed-array-buffer 36ms (cache miss)
1630 silly packumentCache full:https://registry.npmjs.org/typed-array-buffer set size:undefined disposed:false
1631 silly fetch manifest typed-array-byte-length@^1.0.3
1632 silly packumentCache full:https://registry.npmjs.org/typed-array-byte-length cache-miss
1633 http fetch GET 200 https://registry.npmjs.org/typed-array-byte-length 29ms (cache miss)
1634 silly packumentCache full:https://registry.npmjs.org/typed-array-byte-length set size:undefined disposed:false
1635 silly fetch manifest typed-array-byte-offset@^1.0.4
1636 silly packumentCache full:https://registry.npmjs.org/typed-array-byte-offset cache-miss
1637 http fetch GET 200 https://registry.npmjs.org/typed-array-byte-offset 22ms (cache miss)
1638 silly packumentCache full:https://registry.npmjs.org/typed-array-byte-offset set size:undefined disposed:false
1639 silly fetch manifest typed-array-length@^1.0.7
1640 silly packumentCache full:https://registry.npmjs.org/typed-array-length cache-miss
1641 http fetch GET 200 https://registry.npmjs.org/typed-array-length 28ms (cache miss)
1642 silly packumentCache full:https://registry.npmjs.org/typed-array-length set size:undefined disposed:false
1643 silly fetch manifest unbox-primitive@^1.1.0
1644 silly packumentCache full:https://registry.npmjs.org/unbox-primitive cache-miss
1645 http fetch GET 200 https://registry.npmjs.org/unbox-primitive 21ms (cache miss)
1646 silly packumentCache full:https://registry.npmjs.org/unbox-primitive set size:undefined disposed:false
1647 silly fetch manifest which-typed-array@^1.1.19
1648 silly packumentCache full:https://registry.npmjs.org/which-typed-array cache-miss
1649 http fetch GET 200 https://registry.npmjs.org/which-typed-array 26ms (cache miss)
1650 silly packumentCache full:https://registry.npmjs.org/which-typed-array set size:undefined disposed:false
1651 silly fetch manifest has-tostringtag@^1.0.2
1652 silly packumentCache full:https://registry.npmjs.org/has-tostringtag cache-miss
1653 http fetch GET 200 https://registry.npmjs.org/has-tostringtag 49ms (cache miss)
1654 silly packumentCache full:https://registry.npmjs.org/has-tostringtag set size:undefined disposed:false
1655 silly placeDep ROOT es-errors@1.3.0 OK for: array.prototype.findlastindex@1.2.6 want: ^1.3.0
1656 silly placeDep ROOT call-bind-apply-helpers@1.0.2 OK for: call-bind@1.0.9 want: ^1.0.2
1657 silly placeDep ROOT es-define-property@1.0.1 OK for: call-bind@1.0.9 want: ^1.0.1
1658 silly placeDep ROOT get-intrinsic@1.3.0 OK for: call-bind@1.0.9 want: ^1.3.0
1659 silly placeDep ROOT set-function-length@1.2.2 OK for: call-bind@1.0.9 want: ^1.2.2
1660 silly fetch manifest define-data-property@^1.1.4
1661 silly packumentCache full:https://registry.npmjs.org/define-data-property cache-miss
1662 http fetch GET 200 https://registry.npmjs.org/define-data-property 5ms (cache hit)
1663 silly packumentCache full:https://registry.npmjs.org/define-data-property set size:28048 disposed:false
1664 silly fetch manifest gopd@^1.0.1
1665 silly packumentCache full:https://registry.npmjs.org/gopd cache-miss
1666 http fetch GET 200 https://registry.npmjs.org/gopd 3ms (cache hit)
1667 silly packumentCache full:https://registry.npmjs.org/gopd set size:11483 disposed:false
1668 silly placeDep ROOT function-bind@1.1.2 OK for: call-bind-apply-helpers@1.0.2 want: ^1.1.2
1669 silly placeDep ROOT define-data-property@1.1.4 OK for: define-properties@1.2.1 want: ^1.0.1
1670 silly placeDep ROOT has-property-descriptors@1.0.2 OK for: define-properties@1.2.1 want: ^1.0.0
1671 silly placeDep ROOT object-keys@1.1.1 OK for: define-properties@1.2.1 want: ^1.1.1
1672 silly placeDep ROOT gopd@1.2.0 OK for: define-data-property@1.1.4 want: ^1.0.1
1673 silly placeDep ROOT array-buffer-byte-length@1.0.2 OK for: es-abstract@1.24.2 want: ^1.0.2
1674 silly placeDep ROOT arraybuffer.prototype.slice@1.0.4 OK for: es-abstract@1.24.2 want: ^1.0.4
1675 silly placeDep ROOT available-typed-arrays@1.0.7 OK for: es-abstract@1.24.2 want: ^1.0.7
1676 silly placeDep ROOT data-view-buffer@1.0.2 OK for: es-abstract@1.24.2 want: ^1.0.2
1677 silly placeDep ROOT data-view-byte-length@1.0.2 OK for: es-abstract@1.24.2 want: ^1.0.2
1678 silly placeDep ROOT data-view-byte-offset@1.0.1 OK for: es-abstract@1.24.2 want: ^1.0.1
1679 silly placeDep ROOT es-set-tostringtag@2.1.0 OK for: es-abstract@1.24.2 want: ^2.1.0
1680 silly placeDep ROOT es-to-primitive@1.3.4 OK for: es-abstract@1.24.2 want: ^1.3.0
1681 silly placeDep ROOT function.prototype.name@1.2.0 OK for: es-abstract@1.24.2 want: ^1.1.8
1682 silly placeDep ROOT get-proto@1.0.1 OK for: es-abstract@1.24.2 want: ^1.0.1
1683 silly placeDep ROOT get-symbol-description@1.1.0 OK for: es-abstract@1.24.2 want: ^1.1.0
1684 silly placeDep ROOT globalthis@1.0.4 OK for: es-abstract@1.24.2 want: ^1.0.4
1685 silly placeDep ROOT has-proto@1.2.0 OK for: es-abstract@1.24.2 want: ^1.2.0
1686 silly placeDep ROOT has-symbols@1.1.0 OK for: es-abstract@1.24.2 want: ^1.1.0
1687 silly placeDep ROOT internal-slot@1.1.0 OK for: es-abstract@1.24.2 want: ^1.1.0
1688 silly placeDep ROOT is-array-buffer@3.0.5 OK for: es-abstract@1.24.2 want: ^3.0.5
1689 silly placeDep ROOT is-callable@1.2.7 OK for: es-abstract@1.24.2 want: ^1.2.7
1690 silly placeDep ROOT is-data-view@1.0.2 OK for: es-abstract@1.24.2 want: ^1.0.2
1691 silly placeDep ROOT is-negative-zero@2.0.3 OK for: es-abstract@1.24.2 want: ^2.0.3
1692 silly placeDep ROOT is-regex@1.2.1 OK for: es-abstract@1.24.2 want: ^1.2.1
1693 silly placeDep ROOT is-set@2.0.3 OK for: es-abstract@1.24.2 want: ^2.0.3
1694 silly placeDep ROOT is-shared-array-buffer@1.0.4 OK for: es-abstract@1.24.2 want: ^1.0.4
1695 silly placeDep ROOT is-typed-array@1.1.15 OK for: es-abstract@1.24.2 want: ^1.1.15
1696 silly placeDep ROOT is-weakref@1.1.1 OK for: es-abstract@1.24.2 want: ^1.1.1
1697 silly placeDep ROOT object-inspect@1.13.4 OK for: es-abstract@1.24.2 want: ^1.13.4
1698 silly placeDep ROOT object.assign@4.1.7 OK for: es-abstract@1.24.2 want: ^4.1.7
1699 silly placeDep ROOT own-keys@1.0.2 OK for: es-abstract@1.24.2 want: ^1.0.1
1700 silly placeDep ROOT regexp.prototype.flags@1.5.4 OK for: es-abstract@1.24.2 want: ^1.5.4
1701 silly placeDep ROOT safe-array-concat@1.1.4 OK for: es-abstract@1.24.2 want: ^1.1.3
1702 silly placeDep ROOT safe-push-apply@1.0.0 OK for: es-abstract@1.24.2 want: ^1.0.0
1703 silly placeDep ROOT safe-regex-test@1.1.0 OK for: es-abstract@1.24.2 want: ^1.1.0
1704 silly placeDep ROOT set-proto@1.0.0 OK for: es-abstract@1.24.2 want: ^1.0.0
1705 silly placeDep ROOT stop-iteration-iterator@1.1.0 OK for: es-abstract@1.24.2 want: ^1.1.0
1706 silly placeDep ROOT string.prototype.trim@1.2.11 OK for: es-abstract@1.24.2 want: ^1.2.10
1707 silly placeDep ROOT string.prototype.trimstart@1.0.8 OK for: es-abstract@1.24.2 want: ^1.0.8
1708 silly placeDep ROOT typed-array-buffer@1.0.3 OK for: es-abstract@1.24.2 want: ^1.0.3
1709 silly placeDep ROOT typed-array-byte-length@1.0.3 OK for: es-abstract@1.24.2 want: ^1.0.3
1710 silly placeDep ROOT typed-array-byte-offset@1.0.4 OK for: es-abstract@1.24.2 want: ^1.0.4
1711 silly placeDep ROOT typed-array-length@1.0.8 OK for: es-abstract@1.24.2 want: ^1.0.7
1712 silly placeDep ROOT unbox-primitive@1.1.0 OK for: es-abstract@1.24.2 want: ^1.1.0
1713 silly placeDep ROOT which-typed-array@1.1.22 OK for: es-abstract@1.24.2 want: ^1.1.19
1714 silly fetch manifest is-array-buffer@^3.0.4
1715 silly packumentCache full:https://registry.npmjs.org/is-array-buffer cache-miss
1716 http fetch GET 200 https://registry.npmjs.org/is-array-buffer 3ms (cache hit)
1717 silly packumentCache full:https://registry.npmjs.org/is-array-buffer set size:33562 disposed:false
1718 silly fetch manifest possible-typed-array-names@^1.0.0
1719 silly packumentCache full:https://registry.npmjs.org/possible-typed-array-names cache-miss
1720 http fetch GET 200 https://registry.npmjs.org/possible-typed-array-names 35ms (cache miss)
1721 silly packumentCache full:https://registry.npmjs.org/possible-typed-array-names set size:undefined disposed:false
1722 silly fetch manifest is-data-view@^1.0.1
1723 silly packumentCache full:https://registry.npmjs.org/is-data-view cache-miss
1724 http fetch GET 200 https://registry.npmjs.org/is-data-view 3ms (cache hit)
1725 silly packumentCache full:https://registry.npmjs.org/is-data-view set size:13756 disposed:false
1726 silly fetch manifest is-symbol@^1.1.1
1727 silly packumentCache full:https://registry.npmjs.org/is-symbol cache-miss
1728 http fetch GET 200 https://registry.npmjs.org/is-symbol 24ms (cache miss)
1729 silly packumentCache full:https://registry.npmjs.org/is-symbol set size:undefined disposed:false
1730 silly fetch manifest is-date-object@^1.1.0
1731 silly packumentCache full:https://registry.npmjs.org/is-date-object cache-miss
1732 http fetch GET 200 https://registry.npmjs.org/is-date-object 24ms (cache miss)
1733 silly packumentCache full:https://registry.npmjs.org/is-date-object set size:undefined disposed:false
1734 silly fetch manifest es-abstract-get@^1.0.0
1735 silly packumentCache full:https://registry.npmjs.org/es-abstract-get cache-miss
1736 http fetch GET 200 https://registry.npmjs.org/es-abstract-get 27ms (cache miss)
1737 silly packumentCache full:https://registry.npmjs.org/es-abstract-get set size:undefined disposed:false
1738 silly fetch manifest is-document.all@^1.0.0
1739 silly packumentCache full:https://registry.npmjs.org/is-document.all cache-miss
1740 http fetch GET 200 https://registry.npmjs.org/is-document.all 34ms (cache miss)
1741 silly packumentCache full:https://registry.npmjs.org/is-document.all set size:undefined disposed:false
1742 silly fetch manifest functions-have-names@^1.2.3
1743 silly packumentCache full:https://registry.npmjs.org/functions-have-names cache-miss
1744 http fetch GET 200 https://registry.npmjs.org/functions-have-names 36ms (cache miss)
1745 silly packumentCache full:https://registry.npmjs.org/functions-have-names set size:undefined disposed:false
1746 silly fetch manifest dunder-proto@^1.0.1
1747 silly packumentCache full:https://registry.npmjs.org/dunder-proto cache-miss
1748 http fetch GET 200 https://registry.npmjs.org/dunder-proto 27ms (cache miss)
1749 silly packumentCache full:https://registry.npmjs.org/dunder-proto set size:undefined disposed:false
1750 silly fetch manifest dunder-proto@^1.0.0
1751 silly packumentCache full:https://registry.npmjs.org/dunder-proto cache-miss
1752 http fetch GET 200 https://registry.npmjs.org/dunder-proto 2ms (cache hit)
1753 silly packumentCache full:https://registry.npmjs.org/dunder-proto set size:8256 disposed:false
1754 silly fetch manifest side-channel@^1.1.0
1755 silly packumentCache full:https://registry.npmjs.org/side-channel cache-miss
1756 http fetch GET 200 https://registry.npmjs.org/side-channel 27ms (cache miss)
1757 silly packumentCache full:https://registry.npmjs.org/side-channel set size:undefined disposed:false
1758 silly fetch manifest is-typed-array@^1.1.13
1759 silly packumentCache full:https://registry.npmjs.org/is-typed-array cache-miss
1760 http fetch GET 200 https://registry.npmjs.org/is-typed-array 5ms (cache hit)
1761 silly packumentCache full:https://registry.npmjs.org/is-typed-array set size:79965 disposed:false
1762 silly fetch manifest which-typed-array@^1.1.16
1763 silly packumentCache full:https://registry.npmjs.org/which-typed-array cache-miss
1764 http fetch GET 200 https://registry.npmjs.org/which-typed-array 4ms (cache hit)
1765 silly packumentCache full:https://registry.npmjs.org/which-typed-array set size:101551 disposed:false
1766 silly fetch manifest set-function-name@^2.0.2
1767 silly packumentCache full:https://registry.npmjs.org/set-function-name cache-miss
1768 http fetch GET 200 https://registry.npmjs.org/set-function-name 26ms (cache miss)
1769 silly packumentCache full:https://registry.npmjs.org/set-function-name set size:undefined disposed:false
1770 silly fetch manifest isarray@^2.0.5
1771 silly packumentCache full:https://registry.npmjs.org/isarray cache-miss
1772 http fetch GET 200 https://registry.npmjs.org/isarray 20ms (cache miss)
1773 silly packumentCache full:https://registry.npmjs.org/isarray set size:undefined disposed:false
1774 silly fetch manifest for-each@^0.3.3
1775 silly packumentCache full:https://registry.npmjs.org/for-each cache-miss
1776 http fetch GET 200 https://registry.npmjs.org/for-each 53ms (cache miss)
1777 silly packumentCache full:https://registry.npmjs.org/for-each set size:undefined disposed:false
1778 silly fetch manifest reflect.getprototypeof@^1.0.9
1779 silly packumentCache full:https://registry.npmjs.org/reflect.getprototypeof cache-miss
1780 http fetch GET 200 https://registry.npmjs.org/reflect.getprototypeof 36ms (cache miss)
1781 silly packumentCache full:https://registry.npmjs.org/reflect.getprototypeof set size:undefined disposed:false
1782 silly fetch manifest for-each@^0.3.5
1783 silly packumentCache full:https://registry.npmjs.org/for-each cache-miss
1784 http fetch GET 200 https://registry.npmjs.org/for-each 3ms (cache hit)
1785 silly packumentCache full:https://registry.npmjs.org/for-each set size:14327 disposed:false
1786 silly fetch manifest possible-typed-array-names@^1.1.0
1787 silly packumentCache full:https://registry.npmjs.org/possible-typed-array-names cache-miss
1788 http fetch GET 200 https://registry.npmjs.org/possible-typed-array-names 6ms (cache hit)
1789 silly packumentCache full:https://registry.npmjs.org/possible-typed-array-names set size:9167 disposed:false
1790 silly fetch manifest reflect.getprototypeof@^1.0.10
1791 silly packumentCache full:https://registry.npmjs.org/reflect.getprototypeof cache-miss
1792 http fetch GET 200 https://registry.npmjs.org/reflect.getprototypeof 2ms (cache hit)
1793 silly packumentCache full:https://registry.npmjs.org/reflect.getprototypeof set size:44083 disposed:false
1794 silly fetch manifest has-bigints@^1.0.2
1795 silly packumentCache full:https://registry.npmjs.org/has-bigints cache-miss
1796 http fetch GET 200 https://registry.npmjs.org/has-bigints 31ms (cache miss)
1797 silly packumentCache full:https://registry.npmjs.org/has-bigints set size:undefined disposed:false
1798 silly fetch manifest which-boxed-primitive@^1.1.1
1799 silly packumentCache full:https://registry.npmjs.org/which-boxed-primitive cache-miss
1800 http fetch GET 200 https://registry.npmjs.org/which-boxed-primitive 33ms (cache miss)
1801 silly packumentCache full:https://registry.npmjs.org/which-boxed-primitive set size:undefined disposed:false
1802 silly placeDep ROOT possible-typed-array-names@1.1.0 OK for: available-typed-arrays@1.0.7 want: ^1.0.0
1803 silly placeDep ROOT has-tostringtag@1.0.2 OK for: es-set-tostringtag@2.1.0 want: ^1.0.2
1804 silly placeDep ROOT es-abstract-get@1.0.0 OK for: es-to-primitive@1.3.4 want: ^1.0.0
1805 silly placeDep ROOT is-date-object@1.1.0 OK for: es-to-primitive@1.3.4 want: ^1.1.0
1806 silly placeDep ROOT is-symbol@1.1.1 OK for: es-to-primitive@1.3.4 want: ^1.1.1
1807 silly placeDep node_modules/eslint-module-utils debug@3.2.7 OK for: eslint-module-utils@2.14.0 want: ^3.2.7
1808 silly placeDep ROOT aria-query@5.3.2 OK for: eslint-plugin-jsx-a11y@6.10.2 want: ^5.3.2
1809 silly placeDep ROOT ast-types-flow@0.0.8 OK for: eslint-plugin-jsx-a11y@6.10.2 want: ^0.0.8
1810 silly placeDep ROOT axe-core@4.13.0 OK for: eslint-plugin-jsx-a11y@6.10.2 want: ^4.10.0
1811 silly placeDep ROOT axobject-query@4.1.0 OK for: eslint-plugin-jsx-a11y@6.10.2 want: ^4.1.0
1812 silly placeDep ROOT damerau-levenshtein@1.0.8 OK for: eslint-plugin-jsx-a11y@6.10.2 want: ^1.0.8
1813 silly placeDep ROOT emoji-regex@9.2.2 OK for: eslint-plugin-jsx-a11y@6.10.2 want: ^9.2.2
1814 silly placeDep ROOT jsx-ast-utils@3.3.5 OK for: eslint-plugin-jsx-a11y@6.10.2 want: ^3.3.5
1815 silly placeDep ROOT language-tags@1.0.9 OK for: eslint-plugin-jsx-a11y@6.10.2 want: ^1.0.9
1816 silly placeDep ROOT string.prototype.includes@2.0.1 OK for: eslint-plugin-jsx-a11y@6.10.2 want: ^2.0.1
1817 silly fetch manifest language-subtag-registry@^0.3.20
1818 silly packumentCache full:https://registry.npmjs.org/language-subtag-registry cache-miss
1819 http fetch GET 200 https://registry.npmjs.org/language-subtag-registry 25ms (cache miss)
1820 silly packumentCache full:https://registry.npmjs.org/language-subtag-registry set size:undefined disposed:false
1821 silly placeDep ROOT array.prototype.findlast@1.2.5 OK for: eslint-plugin-react@7.37.5 want: ^1.2.5
1822 silly placeDep ROOT array.prototype.tosorted@1.1.4 OK for: eslint-plugin-react@7.37.5 want: ^1.1.4
1823 silly placeDep ROOT es-iterator-helpers@1.4.0 OK for: eslint-plugin-react@7.37.5 want: ^1.2.1
1824 silly placeDep ROOT estraverse@5.3.0 OK for: eslint-plugin-react@7.37.5 want: ^5.3.0
1825 silly placeDep ROOT object.entries@1.1.9 OK for: eslint-plugin-react@7.37.5 want: ^1.1.9
1826 silly placeDep ROOT prop-types@15.8.1 OK for: eslint-plugin-react@7.37.5 want: ^15.8.1
1827 silly placeDep ROOT string.prototype.matchall@4.1.0 OK for: eslint-plugin-react@7.37.5 want: ^4.0.12
1828 silly placeDep ROOT string.prototype.repeat@1.0.0 OK for: eslint-plugin-react@7.37.5 want: ^1.0.0
1829 silly fetch manifest iterator.prototype@^1.1.5
1830 silly packumentCache full:https://registry.npmjs.org/iterator.prototype cache-miss
1831 http fetch GET 200 https://registry.npmjs.org/iterator.prototype 24ms (cache miss)
1832 silly packumentCache full:https://registry.npmjs.org/iterator.prototype set size:undefined disposed:false
1833 silly fetch manifest loose-envify@^1.4.0
1834 silly packumentCache full:https://registry.npmjs.org/loose-envify cache-miss
1835 http fetch GET 200 https://registry.npmjs.org/loose-envify 22ms (cache miss)
1836 silly packumentCache full:https://registry.npmjs.org/loose-envify set size:undefined disposed:false
1837 silly fetch manifest object-assign@^4.1.1
1838 silly packumentCache full:https://registry.npmjs.org/object-assign cache-miss
1839 http fetch GET 200 https://registry.npmjs.org/object-assign 22ms (cache miss)
1840 silly packumentCache full:https://registry.npmjs.org/object-assign set size:undefined disposed:false
1841 silly fetch manifest react-is@^16.13.1
1842 silly packumentCache full:https://registry.npmjs.org/react-is cache-miss
1843 http fetch GET 200 https://registry.npmjs.org/react-is 226ms (cache miss)
1844 silly packumentCache full:https://registry.npmjs.org/react-is set size:undefined disposed:false
1845 silly fetch manifest side-channel@^1.1.1
1846 silly packumentCache full:https://registry.npmjs.org/side-channel cache-miss
1847 http fetch GET 200 https://registry.npmjs.org/side-channel 17ms (cache hit)
1848 silly packumentCache full:https://registry.npmjs.org/side-channel set size:27650 disposed:false
1849 silly placeDep ROOT iterator.prototype@1.1.5 OK for: es-iterator-helpers@1.4.0 want: ^1.1.5
1850 silly placeDep ROOT @babel/core@7.29.7 OK for: eslint-plugin-react-hooks@7.1.1 want: ^7.24.4
1851 silly placeDep ROOT @babel/parser@7.29.8 OK for: eslint-plugin-react-hooks@7.1.1 want: ^7.24.4
1852 silly placeDep ROOT hermes-parser@0.25.1 OK for: eslint-plugin-react-hooks@7.1.1 want: ^0.25.1
1853 silly placeDep ROOT zod@4.6.5 OK for: eslint-plugin-react-hooks@7.1.1 want: ^3.25.0 || ^4.0.0
1854 silly placeDep ROOT zod-validation-error@4.0.2 OK for: eslint-plugin-react-hooks@7.1.1 want: ^3.5.0 || ^4.0.0
1855 silly fetch manifest json5@^2.2.3
1856 silly packumentCache full:https://registry.npmjs.org/json5 cache-miss
1857 http fetch GET 200 https://registry.npmjs.org/json5 4ms (cache hit)
1858 silly packumentCache full:https://registry.npmjs.org/json5 set size:86136 disposed:false
1859 silly fetch manifest gensync@^1.0.0-beta.2
1860 silly packumentCache full:https://registry.npmjs.org/gensync cache-miss
1861 http fetch GET 200 https://registry.npmjs.org/gensync 23ms (cache miss)
1862 silly packumentCache full:https://registry.npmjs.org/gensync set size:undefined disposed:false
1863 silly fetch manifest @babel/types@^7.29.7
1864 silly packumentCache full:https://registry.npmjs.org/@babel%2ftypes cache-miss
1865 http fetch GET 200 https://registry.npmjs.org/@babel%2ftypes 41ms (cache miss)
1866 silly packumentCache full:https://registry.npmjs.org/@babel%2ftypes set size:undefined disposed:false
1867 silly fetch manifest @babel/parser@^7.29.7
1868 silly packumentCache full:https://registry.npmjs.org/@babel%2fparser cache-miss
1869 http fetch GET 200 https://registry.npmjs.org/@babel%2fparser 6ms (cache hit)
1870 silly packumentCache full:https://registry.npmjs.org/@babel%2fparser set size:740578 disposed:false
1871 silly fetch manifest @babel/helpers@^7.29.7
1872 silly packumentCache full:https://registry.npmjs.org/@babel%2fhelpers cache-miss
1873 http fetch GET 200 https://registry.npmjs.org/@babel%2fhelpers 46ms (cache miss)
1874 silly packumentCache full:https://registry.npmjs.org/@babel%2fhelpers set size:undefined disposed:false
1875 silly fetch manifest @babel/template@^7.29.7
1876 silly packumentCache full:https://registry.npmjs.org/@babel%2ftemplate cache-miss
1877 http fetch GET 200 https://registry.npmjs.org/@babel%2ftemplate 37ms (cache miss)
1878 silly packumentCache full:https://registry.npmjs.org/@babel%2ftemplate set size:undefined disposed:false
1879 silly fetch manifest @babel/traverse@^7.29.7
1880 silly packumentCache full:https://registry.npmjs.org/@babel%2ftraverse cache-miss
1881 http fetch GET 200 https://registry.npmjs.org/@babel%2ftraverse 42ms (cache miss)
1882 silly packumentCache full:https://registry.npmjs.org/@babel%2ftraverse set size:undefined disposed:false
1883 silly fetch manifest @babel/generator@^7.29.7
1884 silly packumentCache full:https://registry.npmjs.org/@babel%2fgenerator cache-miss
1885 http fetch GET 200 https://registry.npmjs.org/@babel%2fgenerator 46ms (cache miss)
1886 silly packumentCache full:https://registry.npmjs.org/@babel%2fgenerator set size:undefined disposed:false
1887 silly fetch manifest @babel/code-frame@^7.29.7
1888 silly packumentCache full:https://registry.npmjs.org/@babel%2fcode-frame cache-miss
1889 http fetch GET 200 https://registry.npmjs.org/@babel%2fcode-frame 40ms (cache miss)
1890 silly packumentCache full:https://registry.npmjs.org/@babel%2fcode-frame set size:undefined disposed:false
1891 silly fetch manifest convert-source-map@^2.0.0
1892 silly packumentCache full:https://registry.npmjs.org/convert-source-map cache-miss
1893 http fetch GET 200 https://registry.npmjs.org/convert-source-map 30ms (cache miss)
1894 silly packumentCache full:https://registry.npmjs.org/convert-source-map set size:undefined disposed:false
1895 silly fetch manifest @babel/helper-module-transforms@^7.29.7
1896 silly packumentCache full:https://registry.npmjs.org/@babel%2fhelper-module-transforms cache-miss
1897 http fetch GET 200 https://registry.npmjs.org/@babel%2fhelper-module-transforms 39ms (cache miss)
1898 silly packumentCache full:https://registry.npmjs.org/@babel%2fhelper-module-transforms set size:undefined disposed:false
1899 silly fetch manifest @babel/helper-compilation-targets@^7.29.7
1900 silly packumentCache full:https://registry.npmjs.org/@babel%2fhelper-compilation-targets cache-miss
1901 http fetch GET 200 https://registry.npmjs.org/@babel%2fhelper-compilation-targets 38ms (cache miss)
1902 silly packumentCache full:https://registry.npmjs.org/@babel%2fhelper-compilation-targets set size:undefined disposed:false
1903 silly fetch manifest @babel/types@^7.29.8
1904 silly packumentCache full:https://registry.npmjs.org/@babel%2ftypes cache-miss
1905 http fetch GET 200 https://registry.npmjs.org/@babel%2ftypes 6ms (cache hit)
1906 silly packumentCache full:https://registry.npmjs.org/@babel%2ftypes set size:505250 disposed:false
1907 silly fetch manifest hermes-estree@0.25.1
1908 silly packumentCache full:https://registry.npmjs.org/hermes-estree cache-miss
1909 http fetch GET 200 https://registry.npmjs.org/hermes-estree 23ms (cache miss)
1910 silly packumentCache full:https://registry.npmjs.org/hermes-estree set size:undefined disposed:false
1911 silly fetch manifest @babel/core@^7.0.0
1912 silly packumentCache full:https://registry.npmjs.org/@babel%2fcore cache-miss
1913 http fetch GET 200 https://registry.npmjs.org/@babel%2fcore 5ms (cache hit)
1914 silly packumentCache full:https://registry.npmjs.org/@babel%2fcore set size:792733 disposed:false
1915 silly placeDep ROOT @babel/code-frame@7.29.7 OK for: @babel/core@7.29.7 want: ^7.29.7
1916 silly placeDep ROOT @babel/generator@7.29.8 OK for: @babel/core@7.29.7 want: ^7.29.7
1917 silly placeDep ROOT @babel/helper-compilation-targets@7.29.7 OK for: @babel/core@7.29.7 want: ^7.29.7
1918 silly placeDep ROOT @babel/helper-module-transforms@7.29.7 OK for: @babel/core@7.29.7 want: ^7.29.7
1919 silly placeDep ROOT @babel/helpers@7.29.7 OK for: @babel/core@7.29.7 want: ^7.29.7
1920 silly placeDep ROOT @babel/template@7.29.7 OK for: @babel/core@7.29.7 want: ^7.29.7
1921 silly placeDep ROOT @babel/traverse@7.29.8 OK for: @babel/core@7.29.7 want: ^7.29.7
1922 silly placeDep ROOT @babel/types@7.29.8 OK for: @babel/core@7.29.7 want: ^7.29.7
1923 silly placeDep ROOT convert-source-map@2.0.0 OK for: @babel/core@7.29.7 want: ^2.0.0
1924 silly placeDep ROOT gensync@1.0.0-beta.2 OK for: @babel/core@7.29.7 want: ^1.0.0-beta.2
1925 silly placeDep ROOT json5@2.2.3 OK for: @babel/core@7.29.7 want: ^2.2.3
1926 silly fetch manifest js-tokens@^4.0.0
1927 silly packumentCache full:https://registry.npmjs.org/js-tokens cache-miss
1928 http fetch GET 200 https://registry.npmjs.org/js-tokens 59ms (cache miss)
1929 silly packumentCache full:https://registry.npmjs.org/js-tokens set size:undefined disposed:false
1930 silly fetch manifest @babel/helper-validator-identifier@^7.29.7
1931 silly packumentCache full:https://registry.npmjs.org/@babel%2fhelper-validator-identifier cache-miss
1932 http fetch GET 200 https://registry.npmjs.org/@babel%2fhelper-validator-identifier 32ms (cache miss)
1933 silly packumentCache full:https://registry.npmjs.org/@babel%2fhelper-validator-identifier set size:undefined disposed:false
1934 silly fetch manifest jsesc@^3.0.2
1935 silly packumentCache full:https://registry.npmjs.org/jsesc cache-miss
1936 http fetch GET 200 https://registry.npmjs.org/jsesc 22ms (cache miss)
1937 silly packumentCache full:https://registry.npmjs.org/jsesc set size:undefined disposed:false
1938 silly fetch manifest lru-cache@^5.1.1
1939 silly packumentCache full:https://registry.npmjs.org/lru-cache cache-miss
1940 http fetch GET 200 https://registry.npmjs.org/lru-cache 35ms (cache miss)
1941 silly packumentCache full:https://registry.npmjs.org/lru-cache set size:undefined disposed:false
1942 silly fetch manifest @babel/compat-data@^7.29.7
1943 silly packumentCache full:https://registry.npmjs.org/@babel%2fcompat-data cache-miss
1944 http fetch GET 200 https://registry.npmjs.org/@babel%2fcompat-data 43ms (cache miss)
1945 silly packumentCache full:https://registry.npmjs.org/@babel%2fcompat-data set size:undefined disposed:false
1946 silly fetch manifest @babel/helper-validator-option@^7.29.7
1947 silly packumentCache full:https://registry.npmjs.org/@babel%2fhelper-validator-option cache-miss
1948 http fetch GET 200 https://registry.npmjs.org/@babel%2fhelper-validator-option 30ms (cache miss)
1949 silly packumentCache full:https://registry.npmjs.org/@babel%2fhelper-validator-option set size:undefined disposed:false
1950 silly fetch manifest @babel/helper-module-imports@^7.29.7
1951 silly packumentCache full:https://registry.npmjs.org/@babel%2fhelper-module-imports cache-miss
1952 http fetch GET 200 https://registry.npmjs.org/@babel%2fhelper-module-imports 37ms (cache miss)
1953 silly packumentCache full:https://registry.npmjs.org/@babel%2fhelper-module-imports set size:undefined disposed:false
1954 silly fetch manifest @babel/helper-globals@^7.29.7
1955 silly packumentCache full:https://registry.npmjs.org/@babel%2fhelper-globals cache-miss
1956 http fetch GET 200 https://registry.npmjs.org/@babel%2fhelper-globals 33ms (cache miss)
1957 silly packumentCache full:https://registry.npmjs.org/@babel%2fhelper-globals set size:undefined disposed:false
1958 silly fetch manifest @babel/helper-string-parser@^7.29.7
1959 silly packumentCache full:https://registry.npmjs.org/@babel%2fhelper-string-parser cache-miss
1960 http fetch GET 200 https://registry.npmjs.org/@babel%2fhelper-string-parser 29ms (cache miss)
1961 silly packumentCache full:https://registry.npmjs.org/@babel%2fhelper-string-parser set size:undefined disposed:false
1962 silly placeDep ROOT @babel/helper-validator-identifier@7.29.7 OK for: @babel/code-frame@7.29.7 want: ^7.29.7
1963 silly placeDep ROOT js-tokens@4.0.0 OK for: @babel/code-frame@7.29.7 want: ^4.0.0
1964 silly placeDep ROOT jsesc@3.1.0 OK for: @babel/generator@7.29.8 want: ^3.0.2
1965 silly placeDep ROOT @babel/compat-data@7.29.7 OK for: @babel/helper-compilation-targets@7.29.7 want: ^7.29.7
1966 silly placeDep ROOT @babel/helper-validator-option@7.29.7 OK for: @babel/helper-compilation-targets@7.29.7 want: ^7.29.7
1967 silly placeDep ROOT lru-cache@5.1.1 OK for: @babel/helper-compilation-targets@7.29.7 want: ^5.1.1
1968 silly fetch manifest yallist@^3.0.2
1969 silly packumentCache full:https://registry.npmjs.org/yallist cache-miss
1970 http fetch GET 200 https://registry.npmjs.org/yallist 26ms (cache miss)
1971 silly packumentCache full:https://registry.npmjs.org/yallist set size:undefined disposed:false
1972 silly placeDep ROOT @babel/helper-module-imports@7.29.7 OK for: @babel/helper-module-transforms@7.29.7 want: ^7.29.7
1973 silly placeDep ROOT @babel/helper-globals@7.29.7 OK for: @babel/traverse@7.29.8 want: ^7.29.7
1974 silly placeDep ROOT @babel/helper-string-parser@7.29.7 OK for: @babel/types@7.29.8 want: ^7.29.7
1975 silly placeDep ROOT esrecurse@4.3.0 OK for: eslint-scope@8.4.0 want: ^4.3.0
1976 silly placeDep ROOT acorn@8.18.0 OK for: espree@10.4.0 want: ^8.15.0
1977 silly placeDep ROOT acorn-jsx@5.3.2 OK for: espree@10.4.0 want: ^5.3.2
1978 silly placeDep ROOT @nodelib/fs.stat@2.0.5 OK for: fast-glob@3.3.1 want: ^2.0.2
1979 silly placeDep ROOT @nodelib/fs.walk@1.2.8 OK for: fast-glob@3.3.1 want: ^1.2.3
1980 silly placeDep node_modules/fast-glob glob-parent@5.1.2 OK for: fast-glob@3.3.1 want: ^5.1.2
1981 silly placeDep ROOT merge2@1.4.1 OK for: fast-glob@3.3.1 want: ^1.3.0
1982 silly placeDep ROOT micromatch@4.0.8 OK for: fast-glob@3.3.1 want: ^4.0.4
1983 silly fetch manifest fastq@^1.6.0
1984 silly packumentCache full:https://registry.npmjs.org/fastq cache-miss
1985 http fetch GET 200 https://registry.npmjs.org/fastq 24ms (cache miss)
1986 silly packumentCache full:https://registry.npmjs.org/fastq set size:undefined disposed:false
1987 silly fetch manifest @nodelib/fs.scandir@2.1.5
1988 silly packumentCache full:https://registry.npmjs.org/@nodelib%2ffs.scandir cache-miss
1989 http fetch GET 200 https://registry.npmjs.org/@nodelib%2ffs.scandir 38ms (cache miss)
1990 silly packumentCache full:https://registry.npmjs.org/@nodelib%2ffs.scandir set size:undefined disposed:false
1991 silly fetch manifest braces@^3.0.3
1992 silly packumentCache full:https://registry.npmjs.org/braces cache-miss
1993 http fetch GET 200 https://registry.npmjs.org/braces 28ms (cache miss)
1994 silly packumentCache full:https://registry.npmjs.org/braces set size:undefined disposed:false
1995 silly fetch manifest picomatch@^2.3.1
1996 silly packumentCache full:https://registry.npmjs.org/picomatch cache-miss
1997 http fetch GET 200 https://registry.npmjs.org/picomatch 5ms (cache hit)
1998 silly packumentCache full:https://registry.npmjs.org/picomatch set size:134451 disposed:false
1999 silly placeDep ROOT @nodelib/fs.scandir@2.1.5 OK for: @nodelib/fs.walk@1.2.8 want: 2.1.5
2000 silly placeDep ROOT fastq@1.20.3 OK for: @nodelib/fs.walk@1.2.8 want: ^1.6.0
2001 silly fetch manifest run-parallel@^1.1.9
2002 silly packumentCache full:https://registry.npmjs.org/run-parallel cache-miss
2003 http fetch GET 200 https://registry.npmjs.org/run-parallel 24ms (cache miss)
2004 silly packumentCache full:https://registry.npmjs.org/run-parallel set size:undefined disposed:false
2005 silly fetch manifest reusify@^1.0.4
2006 silly packumentCache full:https://registry.npmjs.org/reusify cache-miss
2007 http fetch GET 200 https://registry.npmjs.org/reusify 33ms (cache miss)
2008 silly packumentCache full:https://registry.npmjs.org/reusify set size:undefined disposed:false
2009 silly placeDep ROOT run-parallel@1.2.0 OK for: @nodelib/fs.scandir@2.1.5 want: ^1.1.9
2010 silly fetch manifest queue-microtask@^1.2.2
2011 silly packumentCache full:https://registry.npmjs.org/queue-microtask cache-miss
2012 http fetch GET 200 https://registry.npmjs.org/queue-microtask 24ms (cache miss)
2013 silly packumentCache full:https://registry.npmjs.org/queue-microtask set size:undefined disposed:false
2014 silly placeDep ROOT reusify@1.1.0 OK for: fastq@1.20.3 want: ^1.0.4
2015 silly placeDep ROOT flat-cache@4.0.1 OK for: file-entry-cache@8.0.0 want: ^4.0.0
2016 silly fetch manifest keyv@^4.5.4
2017 silly packumentCache full:https://registry.npmjs.org/keyv cache-miss
2018 http fetch GET 200 https://registry.npmjs.org/keyv 29ms (cache miss)
2019 silly packumentCache full:https://registry.npmjs.org/keyv set size:undefined disposed:false
2020 silly fetch manifest flatted@^3.2.9
2021 silly packumentCache full:https://registry.npmjs.org/flatted cache-miss
2022 http fetch GET 200 https://registry.npmjs.org/flatted 39ms (cache miss)
2023 silly packumentCache full:https://registry.npmjs.org/flatted set size:undefined disposed:false
2024 silly placeDep ROOT locate-path@6.0.0 OK for: find-up@5.0.0 want: ^6.0.0
2025 silly placeDep ROOT path-exists@4.0.0 OK for: find-up@5.0.0 want: ^4.0.0
2026 silly fetch manifest p-locate@^5.0.0
2027 silly packumentCache full:https://registry.npmjs.org/p-locate cache-miss
2028 http fetch GET 200 https://registry.npmjs.org/p-locate 65ms (cache miss)
2029 silly packumentCache full:https://registry.npmjs.org/p-locate set size:undefined disposed:false
2030 silly placeDep ROOT flatted@3.4.4 OK for: flat-cache@4.0.1 want: ^3.2.9
2031 silly placeDep ROOT keyv@4.5.4 OK for: flat-cache@4.0.1 want: ^4.5.4
2032 silly fetch manifest json-buffer@3.0.1
2033 silly packumentCache full:https://registry.npmjs.org/json-buffer cache-miss
2034 http fetch GET 200 https://registry.npmjs.org/json-buffer 30ms (cache miss)
2035 silly packumentCache full:https://registry.npmjs.org/json-buffer set size:undefined disposed:false
2036 silly placeDep ROOT asynckit@0.4.0 OK for: form-data@4.0.6 want: ^0.4.0
2037 silly placeDep ROOT combined-stream@1.0.8 OK for: form-data@4.0.6 want: ^1.0.8
2038 silly placeDep ROOT mime-types@2.1.35 OK for: form-data@4.0.6 want: ^2.1.35
2039 silly fetch manifest delayed-stream@~1.0.0
2040 silly packumentCache full:https://registry.npmjs.org/delayed-stream cache-miss
2041 http fetch GET 200 https://registry.npmjs.org/delayed-stream 28ms (cache miss)
2042 silly packumentCache full:https://registry.npmjs.org/delayed-stream set size:undefined disposed:false
2043 silly fetch manifest mime-db@1.52.0
2044 silly packumentCache full:https://registry.npmjs.org/mime-db cache-miss
2045 http fetch GET 200 https://registry.npmjs.org/mime-db 27ms (cache miss)
2046 silly packumentCache full:https://registry.npmjs.org/mime-db set size:undefined disposed:false
2047 silly placeDep ROOT delayed-stream@1.0.0 OK for: combined-stream@1.0.8 want: ~1.0.0
2048 silly placeDep ROOT motion-dom@12.43.0 OK for: framer-motion@12.43.0 want: ^12.43.0
2049 silly placeDep ROOT motion-utils@12.39.0 OK for: framer-motion@12.43.0 want: ^12.39.0
2050 silly placeDep ROOT tslib@2.8.1 OK for: framer-motion@12.43.0 want: ^2.4.0
2051 silly placeDep ROOT functions-have-names@1.2.3 OK for: function.prototype.name@1.2.0 want: ^1.2.3
2052 silly placeDep ROOT is-document.all@1.0.0 OK for: function.prototype.name@1.2.0 want: ^1.0.0
2053 silly placeDep ROOT dunder-proto@1.0.1 OK for: get-proto@1.0.1 want: ^1.0.1
2054 silly placeDep ROOT resolve-pkg-maps@1.0.0 OK for: get-tsconfig@4.14.3 want: ^1.0.0
2055 silly placeDep ROOT hermes-estree@0.25.1 OK for: hermes-parser@0.25.1 want: 0.25.1
2056 silly placeDep ROOT agent-base@6.0.2 OK for: https-proxy-agent@5.0.1 want: 6
2057 silly placeDep ROOT parent-module@1.0.1 OK for: import-fresh@3.3.1 want: ^1.0.0
2058 silly placeDep ROOT resolve-from@4.0.0 OK for: import-fresh@3.3.1 want: ^4.0.0
2059 silly fetch manifest callsites@^3.0.0
2060 silly packumentCache full:https://registry.npmjs.org/callsites cache-miss
2061 http fetch GET 200 https://registry.npmjs.org/callsites 101ms (cache miss)
2062 silly packumentCache full:https://registry.npmjs.org/callsites set size:undefined disposed:false
2063 silly placeDep ROOT side-channel@1.1.1 OK for: internal-slot@1.1.0 want: ^1.1.0
2064 silly fetch manifest side-channel-list@^1.0.1
2065 silly packumentCache full:https://registry.npmjs.org/side-channel-list cache-miss
2066 http fetch GET 200 https://registry.npmjs.org/side-channel-list 26ms (cache miss)
2067 silly packumentCache full:https://registry.npmjs.org/side-channel-list set size:undefined disposed:false
2068 silly fetch manifest side-channel-map@^1.0.1
2069 silly packumentCache full:https://registry.npmjs.org/side-channel-map cache-miss
2070 http fetch GET 200 https://registry.npmjs.org/side-channel-map 22ms (cache miss)
2071 silly packumentCache full:https://registry.npmjs.org/side-channel-map set size:undefined disposed:false
2072 silly fetch manifest side-channel-weakmap@^1.0.2
2073 silly packumentCache full:https://registry.npmjs.org/side-channel-weakmap cache-miss
2074 http fetch GET 200 https://registry.npmjs.org/side-channel-weakmap 21ms (cache miss)
2075 silly packumentCache full:https://registry.npmjs.org/side-channel-weakmap set size:undefined disposed:false
2076 silly placeDep node_modules/is-bun-module semver@7.8.5 OK for: is-bun-module@2.0.0 want: ^7.7.1
2077 silly placeDep ROOT is-extglob@2.1.1 OK for: is-glob@4.0.3 want: ^2.1.1
2078 silly placeDep ROOT set-function-name@2.0.2 OK for: iterator.prototype@1.1.5 want: ^2.0.2
2079 silly placeDep ROOT argparse@2.0.1 OK for: js-yaml@4.3.2 want: ^2.0.1
2080 silly placeDep ROOT json-buffer@3.0.1 OK for: keyv@4.5.4 want: 3.0.1
2081 silly placeDep ROOT language-subtag-registry@0.3.23 OK for: language-tags@1.0.9 want: ^0.3.20
2082 silly placeDep ROOT prelude-ls@1.2.1 OK for: levn@0.4.1 want: ^1.2.1
2083 silly placeDep ROOT type-check@0.4.0 OK for: levn@0.4.1 want: ~0.4.0
2084 silly placeDep ROOT detect-libc@2.1.2 OK for: lightningcss@1.32.0 want: ^2.0.3
2085 silly placeDep ROOT lightningcss-android-arm64@1.32.0 OK for: lightningcss@1.32.0 want: 1.32.0
2086 silly placeDep ROOT lightningcss-darwin-arm64@1.32.0 OK for: lightningcss@1.32.0 want: 1.32.0
2087 silly placeDep ROOT lightningcss-darwin-x64@1.32.0 OK for: lightningcss@1.32.0 want: 1.32.0
2088 silly placeDep ROOT lightningcss-freebsd-x64@1.32.0 OK for: lightningcss@1.32.0 want: 1.32.0
2089 silly placeDep ROOT lightningcss-linux-arm-gnueabihf@1.32.0 OK for: lightningcss@1.32.0 want: 1.32.0
2090 silly placeDep ROOT lightningcss-linux-arm64-gnu@1.32.0 OK for: lightningcss@1.32.0 want: 1.32.0
2091 silly placeDep ROOT lightningcss-linux-arm64-musl@1.32.0 OK for: lightningcss@1.32.0 want: 1.32.0
2092 silly placeDep ROOT lightningcss-linux-x64-gnu@1.32.0 OK for: lightningcss@1.32.0 want: 1.32.0
2093 silly placeDep ROOT lightningcss-linux-x64-musl@1.32.0 OK for: lightningcss@1.32.0 want: 1.32.0
2094 silly placeDep ROOT lightningcss-win32-arm64-msvc@1.32.0 OK for: lightningcss@1.32.0 want: 1.32.0
2095 silly placeDep ROOT lightningcss-win32-x64-msvc@1.32.0 OK for: lightningcss@1.32.0 want: 1.32.0
2096 silly placeDep ROOT p-locate@5.0.0 OK for: locate-path@6.0.0 want: ^5.0.0
2097 silly fetch manifest p-limit@^3.0.2
2098 silly packumentCache full:https://registry.npmjs.org/p-limit cache-miss
2099 http fetch GET 200 https://registry.npmjs.org/p-limit 25ms (cache miss)
2100 silly packumentCache full:https://registry.npmjs.org/p-limit set size:undefined disposed:false
2101 silly placeDep ROOT yallist@3.1.1 OK for: lru-cache@5.1.1 want: ^3.0.2
2102 silly placeDep ROOT braces@3.0.3 OK for: micromatch@4.0.8 want: ^3.0.3
2103 silly placeDep ROOT picomatch@2.3.2 OK for: micromatch@4.0.8 want: ^2.3.1
2104 silly fetch manifest fill-range@^7.1.1
2105 silly packumentCache full:https://registry.npmjs.org/fill-range cache-miss
2106 http fetch GET 200 https://registry.npmjs.org/fill-range 20ms (cache miss)
2107 silly packumentCache full:https://registry.npmjs.org/fill-range set size:undefined disposed:false
2108 silly placeDep ROOT fill-range@7.1.1 OK for: braces@3.0.3 want: ^7.1.1
2109 silly fetch manifest to-regex-range@^5.0.1
2110 silly packumentCache full:https://registry.npmjs.org/to-regex-range cache-miss
2111 http fetch GET 200 https://registry.npmjs.org/to-regex-range 27ms (cache miss)
2112 silly packumentCache full:https://registry.npmjs.org/to-regex-range set size:undefined disposed:false
2113 silly placeDep ROOT to-regex-range@5.0.1 OK for: fill-range@7.1.1 want: ^5.0.1
2114 silly fetch manifest is-number@^7.0.0
2115 silly packumentCache full:https://registry.npmjs.org/is-number cache-miss
2116 http fetch GET 200 https://registry.npmjs.org/is-number 22ms (cache miss)
2117 silly packumentCache full:https://registry.npmjs.org/is-number set size:undefined disposed:false
2118 silly placeDep ROOT mime-db@1.52.0 OK for: mime-types@2.1.35 want: 1.52.0
2119 silly placeDep ROOT brace-expansion@1.1.21 OK for: minimatch@3.1.5 want: ^1.1.7
2120 silly fetch manifest concat-map@0.0.1
2121 silly packumentCache full:https://registry.npmjs.org/concat-map cache-miss
2122 http fetch GET 200 https://registry.npmjs.org/concat-map 25ms (cache miss)
2123 silly packumentCache full:https://registry.npmjs.org/concat-map set size:undefined disposed:false
2124 silly fetch manifest balanced-match@^1.0.0
2125 silly packumentCache full:https://registry.npmjs.org/balanced-match cache-miss
2126 http fetch GET 200 https://registry.npmjs.org/balanced-match 23ms (cache miss)
2127 silly packumentCache full:https://registry.npmjs.org/balanced-match set size:undefined disposed:false
2128 silly placeDep ROOT balanced-match@1.0.2 OK for: brace-expansion@1.1.21 want: ^1.0.0
2129 silly placeDep ROOT concat-map@0.0.1 OK for: brace-expansion@1.1.21 want: 0.0.1
2130 silly fetch manifest react@^18.2.0 || 19.0.0-rc-de68d2f4-20241204 || ^19.0.0
2131 silly packumentCache full:https://registry.npmjs.org/react cache-miss
2132 http fetch GET 200 https://registry.npmjs.org/react 41ms (cache hit)
2133 silly packumentCache full:https://registry.npmjs.org/react set size:6987358 disposed:false
2134 silly placeDep ROOT @next/env@16.1.6 OK for: next@16.1.6 want: 16.1.6
2135 silly placeDep ROOT @next/swc-darwin-arm64@16.1.6 OK for: next@16.1.6 want: 16.1.6
2136 silly placeDep ROOT @next/swc-darwin-x64@16.1.6 OK for: next@16.1.6 want: 16.1.6
2137 silly placeDep ROOT @next/swc-linux-arm64-gnu@16.1.6 OK for: next@16.1.6 want: 16.1.6
2138 silly placeDep ROOT @next/swc-linux-arm64-musl@16.1.6 OK for: next@16.1.6 want: 16.1.6
2139 silly placeDep ROOT @next/swc-linux-x64-gnu@16.1.6 OK for: next@16.1.6 want: 16.1.6
2140 silly placeDep ROOT @next/swc-linux-x64-musl@16.1.6 OK for: next@16.1.6 want: 16.1.6
2141 silly placeDep ROOT @next/swc-win32-arm64-msvc@16.1.6 OK for: next@16.1.6 want: 16.1.6
2142 silly placeDep ROOT @next/swc-win32-x64-msvc@16.1.6 OK for: next@16.1.6 want: 16.1.6
2143 silly placeDep ROOT @swc/helpers@0.5.15 OK for: next@16.1.6 want: 0.5.15
2144 silly placeDep node_modules/next postcss@8.4.31 OK for: next@16.1.6 want: 8.4.31
2145 silly placeDep ROOT sharp@0.34.5 OK for: next@16.1.6 want: ^0.34.4
2146 silly placeDep ROOT styled-jsx@5.1.6 OK for: next@16.1.6 want: 5.1.6
2147 silly fetch manifest nanoid@^3.3.6
2148 silly packumentCache full:https://registry.npmjs.org/nanoid cache-miss
2149 http fetch GET 200 https://registry.npmjs.org/nanoid 7ms (cache hit)
2150 silly packumentCache full:https://registry.npmjs.org/nanoid set size:345858 disposed:false
2151 silly fetch manifest semver@^7.7.3
2152 silly packumentCache full:https://registry.npmjs.org/semver cache-hit
2153 silly fetch manifest @img/colour@^1.0.0
2154 silly packumentCache full:https://registry.npmjs.org/@img%2fcolour cache-miss
2155 http fetch GET 200 https://registry.npmjs.org/@img%2fcolour 37ms (cache miss)
2156 silly packumentCache full:https://registry.npmjs.org/@img%2fcolour set size:undefined disposed:false
2157 silly fetch manifest @img/sharp-wasm32@0.34.5
2158 silly packumentCache full:https://registry.npmjs.org/@img%2fsharp-wasm32 cache-miss
2159 http fetch GET 200 https://registry.npmjs.org/@img%2fsharp-wasm32 33ms (cache miss)
2160 silly packumentCache full:https://registry.npmjs.org/@img%2fsharp-wasm32 set size:undefined disposed:false
2161 silly fetch manifest @img/sharp-linux-arm@0.34.5
2162 silly packumentCache full:https://registry.npmjs.org/@img%2fsharp-linux-arm cache-miss
2163 http fetch GET 200 https://registry.npmjs.org/@img%2fsharp-linux-arm 36ms (cache miss)
2164 silly packumentCache full:https://registry.npmjs.org/@img%2fsharp-linux-arm set size:undefined disposed:false
2165 silly fetch manifest @img/sharp-linux-x64@0.34.5
2166 silly packumentCache full:https://registry.npmjs.org/@img%2fsharp-linux-x64 cache-miss
2167 http fetch GET 200 https://registry.npmjs.org/@img%2fsharp-linux-x64 34ms (cache miss)
2168 silly packumentCache full:https://registry.npmjs.org/@img%2fsharp-linux-x64 set size:undefined disposed:false
2169 silly fetch manifest @img/sharp-win32-x64@0.34.5
2170 silly packumentCache full:https://registry.npmjs.org/@img%2fsharp-win32-x64 cache-miss
2171 http fetch GET 200 https://registry.npmjs.org/@img%2fsharp-win32-x64 48ms (cache miss)
2172 silly packumentCache full:https://registry.npmjs.org/@img%2fsharp-win32-x64 set size:undefined disposed:false
2173 silly fetch manifest @img/sharp-darwin-x64@0.34.5
2174 silly packumentCache full:https://registry.npmjs.org/@img%2fsharp-darwin-x64 cache-miss
2175 http fetch GET 200 https://registry.npmjs.org/@img%2fsharp-darwin-x64 36ms (cache miss)
2176 silly packumentCache full:https://registry.npmjs.org/@img%2fsharp-darwin-x64 set size:undefined disposed:false
2177 silly fetch manifest @img/sharp-win32-ia32@0.34.5
2178 silly packumentCache full:https://registry.npmjs.org/@img%2fsharp-win32-ia32 cache-miss
2179 http fetch GET 200 https://registry.npmjs.org/@img%2fsharp-win32-ia32 34ms (cache miss)
2180 silly packumentCache full:https://registry.npmjs.org/@img%2fsharp-win32-ia32 set size:undefined disposed:false
2181 silly fetch manifest @img/sharp-linux-arm64@0.34.5
2182 silly packumentCache full:https://registry.npmjs.org/@img%2fsharp-linux-arm64 cache-miss
2183 http fetch GET 200 https://registry.npmjs.org/@img%2fsharp-linux-arm64 37ms (cache miss)
2184 silly packumentCache full:https://registry.npmjs.org/@img%2fsharp-linux-arm64 set size:undefined disposed:false
2185 silly fetch manifest @img/sharp-linux-ppc64@0.34.5
2186 silly packumentCache full:https://registry.npmjs.org/@img%2fsharp-linux-ppc64 cache-miss
2187 http fetch GET 200 https://registry.npmjs.org/@img%2fsharp-linux-ppc64 40ms (cache miss)
2188 silly packumentCache full:https://registry.npmjs.org/@img%2fsharp-linux-ppc64 set size:undefined disposed:false
2189 silly fetch manifest @img/sharp-linux-s390x@0.34.5
2190 silly packumentCache full:https://registry.npmjs.org/@img%2fsharp-linux-s390x cache-miss
2191 http fetch GET 200 https://registry.npmjs.org/@img%2fsharp-linux-s390x 41ms (cache miss)
2192 silly packumentCache full:https://registry.npmjs.org/@img%2fsharp-linux-s390x set size:undefined disposed:false
2193 silly fetch manifest @img/sharp-win32-arm64@0.34.5
2194 silly packumentCache full:https://registry.npmjs.org/@img%2fsharp-win32-arm64 cache-miss
2195 http fetch GET 200 https://registry.npmjs.org/@img%2fsharp-win32-arm64 47ms (cache miss)
2196 silly packumentCache full:https://registry.npmjs.org/@img%2fsharp-win32-arm64 set size:undefined disposed:false
2197 silly fetch manifest @img/sharp-darwin-arm64@0.34.5
2198 silly packumentCache full:https://registry.npmjs.org/@img%2fsharp-darwin-arm64 cache-miss
2199 http fetch GET 200 https://registry.npmjs.org/@img%2fsharp-darwin-arm64 34ms (cache miss)
2200 silly packumentCache full:https://registry.npmjs.org/@img%2fsharp-darwin-arm64 set size:undefined disposed:false
2201 silly fetch manifest @img/sharp-linux-riscv64@0.34.5
2202 silly packumentCache full:https://registry.npmjs.org/@img%2fsharp-linux-riscv64 cache-miss
2203 http fetch GET 200 https://registry.npmjs.org/@img%2fsharp-linux-riscv64 33ms (cache miss)
2204 silly packumentCache full:https://registry.npmjs.org/@img%2fsharp-linux-riscv64 set size:undefined disposed:false
2205 silly fetch manifest @img/sharp-linuxmusl-x64@0.34.5
2206 silly packumentCache full:https://registry.npmjs.org/@img%2fsharp-linuxmusl-x64 cache-miss
2207 http fetch GET 200 https://registry.npmjs.org/@img%2fsharp-linuxmusl-x64 48ms (cache miss)
2208 silly packumentCache full:https://registry.npmjs.org/@img%2fsharp-linuxmusl-x64 set size:undefined disposed:false
2209 silly fetch manifest @img/sharp-linuxmusl-arm64@0.34.5
2210 silly packumentCache full:https://registry.npmjs.org/@img%2fsharp-linuxmusl-arm64 cache-miss
2211 http fetch GET 200 https://registry.npmjs.org/@img%2fsharp-linuxmusl-arm64 40ms (cache miss)
2212 silly packumentCache full:https://registry.npmjs.org/@img%2fsharp-linuxmusl-arm64 set size:undefined disposed:false
2213 silly fetch manifest @img/sharp-libvips-linux-arm@1.2.4
2214 silly packumentCache full:https://registry.npmjs.org/@img%2fsharp-libvips-linux-arm cache-miss
2215 http fetch GET 200 https://registry.npmjs.org/@img%2fsharp-libvips-linux-arm 97ms (cache miss)
2216 silly packumentCache full:https://registry.npmjs.org/@img%2fsharp-libvips-linux-arm set size:undefined disposed:false
2217 silly fetch manifest @img/sharp-libvips-linux-x64@1.2.4
2218 silly packumentCache full:https://registry.npmjs.org/@img%2fsharp-libvips-linux-x64 cache-miss
2219 http fetch GET 200 https://registry.npmjs.org/@img%2fsharp-libvips-linux-x64 42ms (cache miss)
2220 silly packumentCache full:https://registry.npmjs.org/@img%2fsharp-libvips-linux-x64 set size:undefined disposed:false
2221 silly fetch manifest @img/sharp-libvips-darwin-x64@1.2.4
2222 silly packumentCache full:https://registry.npmjs.org/@img%2fsharp-libvips-darwin-x64 cache-miss
2223 http fetch GET 200 https://registry.npmjs.org/@img%2fsharp-libvips-darwin-x64 38ms (cache miss)
2224 silly packumentCache full:https://registry.npmjs.org/@img%2fsharp-libvips-darwin-x64 set size:undefined disposed:false
2225 silly fetch manifest @img/sharp-libvips-linux-arm64@1.2.4
2226 silly packumentCache full:https://registry.npmjs.org/@img%2fsharp-libvips-linux-arm64 cache-miss
2227 http fetch GET 200 https://registry.npmjs.org/@img%2fsharp-libvips-linux-arm64 61ms (cache miss)
2228 silly packumentCache full:https://registry.npmjs.org/@img%2fsharp-libvips-linux-arm64 set size:undefined disposed:false
2229 silly fetch manifest @img/sharp-libvips-linux-ppc64@1.2.4
2230 silly packumentCache full:https://registry.npmjs.org/@img%2fsharp-libvips-linux-ppc64 cache-miss
2231 http fetch GET 200 https://registry.npmjs.org/@img%2fsharp-libvips-linux-ppc64 60ms (cache miss)
2232 silly packumentCache full:https://registry.npmjs.org/@img%2fsharp-libvips-linux-ppc64 set size:undefined disposed:false
2233 silly fetch manifest @img/sharp-libvips-linux-s390x@1.2.4
2234 silly packumentCache full:https://registry.npmjs.org/@img%2fsharp-libvips-linux-s390x cache-miss
2235 http fetch GET 200 https://registry.npmjs.org/@img%2fsharp-libvips-linux-s390x 52ms (cache miss)
2236 silly packumentCache full:https://registry.npmjs.org/@img%2fsharp-libvips-linux-s390x set size:undefined disposed:false
2237 silly fetch manifest @img/sharp-libvips-darwin-arm64@1.2.4
2238 silly packumentCache full:https://registry.npmjs.org/@img%2fsharp-libvips-darwin-arm64 cache-miss
2239 http fetch GET 200 https://registry.npmjs.org/@img%2fsharp-libvips-darwin-arm64 55ms (cache miss)
2240 silly packumentCache full:https://registry.npmjs.org/@img%2fsharp-libvips-darwin-arm64 set size:undefined disposed:false
2241 silly fetch manifest @img/sharp-libvips-linux-riscv64@1.2.4
2242 silly packumentCache full:https://registry.npmjs.org/@img%2fsharp-libvips-linux-riscv64 cache-miss
2243 http fetch GET 200 https://registry.npmjs.org/@img%2fsharp-libvips-linux-riscv64 44ms (cache miss)
2244 silly packumentCache full:https://registry.npmjs.org/@img%2fsharp-libvips-linux-riscv64 set size:undefined disposed:false
2245 silly fetch manifest @img/sharp-libvips-linuxmusl-x64@1.2.4
2246 silly packumentCache full:https://registry.npmjs.org/@img%2fsharp-libvips-linuxmusl-x64 cache-miss
2247 http fetch GET 200 https://registry.npmjs.org/@img%2fsharp-libvips-linuxmusl-x64 36ms (cache miss)
2248 silly packumentCache full:https://registry.npmjs.org/@img%2fsharp-libvips-linuxmusl-x64 set size:undefined disposed:false
2249 silly fetch manifest @img/sharp-libvips-linuxmusl-arm64@1.2.4
2250 silly packumentCache full:https://registry.npmjs.org/@img%2fsharp-libvips-linuxmusl-arm64 cache-miss
2251 http fetch GET 200 https://registry.npmjs.org/@img%2fsharp-libvips-linuxmusl-arm64 55ms (cache miss)
2252 silly packumentCache full:https://registry.npmjs.org/@img%2fsharp-libvips-linuxmusl-arm64 set size:undefined disposed:false
2253 silly fetch manifest client-only@0.0.1
2254 silly packumentCache full:https://registry.npmjs.org/client-only cache-miss
2255 http fetch GET 200 https://registry.npmjs.org/client-only 65ms (cache miss)
2256 silly packumentCache full:https://registry.npmjs.org/client-only set size:undefined disposed:false
2257 silly placeDep ROOT deep-is@0.1.4 OK for: optionator@0.9.4 want: ^0.1.3
2258 silly placeDep ROOT fast-levenshtein@2.0.6 OK for: optionator@0.9.4 want: ^2.0.6
2259 silly placeDep ROOT word-wrap@1.2.5 OK for: optionator@0.9.4 want: ^1.2.5
2260 silly placeDep ROOT p-limit@3.1.0 OK for: p-locate@5.0.0 want: ^3.0.2
2261 silly fetch manifest yocto-queue@^0.1.0
2262 silly packumentCache full:https://registry.npmjs.org/yocto-queue cache-miss
2263 http fetch GET 200 https://registry.npmjs.org/yocto-queue 44ms (cache miss)
2264 silly packumentCache full:https://registry.npmjs.org/yocto-queue set size:undefined disposed:false
2265 silly placeDep ROOT yocto-queue@0.1.0 OK for: p-limit@3.1.0 want: ^0.1.0
2266 silly placeDep ROOT callsites@3.1.0 OK for: parent-module@1.0.1 want: ^3.0.0
2267 silly placeDep ROOT nanoid@3.3.19 OK for: postcss@8.5.28 want: ^3.3.18
2268 silly placeDep ROOT loose-envify@1.4.0 OK for: prop-types@15.8.1 want: ^1.4.0
2269 silly placeDep ROOT object-assign@4.1.1 OK for: prop-types@15.8.1 want: ^4.1.1
2270 silly placeDep ROOT react-is@16.13.1 OK for: prop-types@15.8.1 want: ^16.13.1
2271 silly placeDep ROOT scheduler@0.27.0 OK for: react-dom@19.2.3 want: ^0.27.0
2272 silly placeDep ROOT node-exports-info@1.6.2 OK for: resolve@2.0.0-next.7 want: ^1.6.0
2273 silly placeDep ROOT path-parse@1.0.7 OK for: resolve@2.0.0-next.7 want: ^1.0.7
2274 silly placeDep ROOT supports-preserve-symlinks-flag@1.0.0 OK for: resolve@2.0.0-next.7 want: ^1.0.0
2275 silly placeDep ROOT queue-microtask@1.2.3 OK for: run-parallel@1.2.0 want: ^1.2.2
2276 silly placeDep ROOT isarray@2.0.5 OK for: safe-array-concat@1.1.4 want: ^2.0.5
2277 silly placeDep ROOT @img/colour@1.1.0 OK for: sharp@0.34.5 want: ^1.0.0
2278 silly placeDep ROOT @img/sharp-darwin-arm64@0.34.5 OK for: sharp@0.34.5 want: 0.34.5
2279 silly placeDep ROOT @img/sharp-darwin-x64@0.34.5 OK for: sharp@0.34.5 want: 0.34.5
2280 silly placeDep ROOT @img/sharp-libvips-darwin-arm64@1.2.4 OK for: sharp@0.34.5 want: 1.2.4
2281 silly placeDep ROOT @img/sharp-libvips-darwin-x64@1.2.4 OK for: sharp@0.34.5 want: 1.2.4
2282 silly placeDep ROOT @img/sharp-libvips-linux-arm@1.2.4 OK for: sharp@0.34.5 want: 1.2.4
2283 silly placeDep ROOT @img/sharp-libvips-linux-arm64@1.2.4 OK for: sharp@0.34.5 want: 1.2.4
2284 silly placeDep ROOT @img/sharp-libvips-linux-ppc64@1.2.4 OK for: sharp@0.34.5 want: 1.2.4
2285 silly placeDep ROOT @img/sharp-libvips-linux-riscv64@1.2.4 OK for: sharp@0.34.5 want: 1.2.4
2286 silly placeDep ROOT @img/sharp-libvips-linux-s390x@1.2.4 OK for: sharp@0.34.5 want: 1.2.4
2287 silly placeDep ROOT @img/sharp-libvips-linux-x64@1.2.4 OK for: sharp@0.34.5 want: 1.2.4
2288 silly placeDep ROOT @img/sharp-libvips-linuxmusl-arm64@1.2.4 OK for: sharp@0.34.5 want: 1.2.4
2289 silly placeDep ROOT @img/sharp-libvips-linuxmusl-x64@1.2.4 OK for: sharp@0.34.5 want: 1.2.4
2290 silly placeDep ROOT @img/sharp-linux-arm@0.34.5 OK for: sharp@0.34.5 want: 0.34.5
2291 silly placeDep ROOT @img/sharp-linux-arm64@0.34.5 OK for: sharp@0.34.5 want: 0.34.5
2292 silly placeDep ROOT @img/sharp-linux-ppc64@0.34.5 OK for: sharp@0.34.5 want: 0.34.5
2293 silly placeDep ROOT @img/sharp-linux-riscv64@0.34.5 OK for: sharp@0.34.5 want: 0.34.5
2294 silly placeDep ROOT @img/sharp-linux-s390x@0.34.5 OK for: sharp@0.34.5 want: 0.34.5
2295 silly placeDep ROOT @img/sharp-linux-x64@0.34.5 OK for: sharp@0.34.5 want: 0.34.5
2296 silly placeDep ROOT @img/sharp-linuxmusl-arm64@0.34.5 OK for: sharp@0.34.5 want: 0.34.5
2297 silly placeDep ROOT @img/sharp-linuxmusl-x64@0.34.5 OK for: sharp@0.34.5 want: 0.34.5
2298 silly placeDep ROOT @img/sharp-wasm32@0.34.5 OK for: sharp@0.34.5 want: 0.34.5
2299 silly placeDep ROOT @img/sharp-win32-arm64@0.34.5 OK for: sharp@0.34.5 want: 0.34.5
2300 silly placeDep ROOT @img/sharp-win32-ia32@0.34.5 OK for: sharp@0.34.5 want: 0.34.5
2301 silly placeDep ROOT @img/sharp-win32-x64@0.34.5 OK for: sharp@0.34.5 want: 0.34.5
2302 silly placeDep node_modules/sharp semver@7.8.5 OK for: sharp@0.34.5 want: ^7.7.3
2303 silly fetch manifest @emnapi/runtime@^1.7.0
2304 silly packumentCache full:https://registry.npmjs.org/@emnapi%2fruntime cache-miss
2305 http fetch GET 200 https://registry.npmjs.org/@emnapi%2fruntime 57ms (cache miss)
2306 silly packumentCache full:https://registry.npmjs.org/@emnapi%2fruntime set size:undefined disposed:false
2307 silly placeDep ROOT @emnapi/runtime@1.11.3 OK for: @img/sharp-wasm32@0.34.5 want: ^1.7.0
2308 silly placeDep ROOT shebang-regex@3.0.0 OK for: shebang-command@2.0.0 want: ^3.0.0
2309 silly placeDep ROOT side-channel-list@1.0.1 OK for: side-channel@1.1.1 want: ^1.0.1
2310 silly placeDep ROOT side-channel-map@1.0.1 OK for: side-channel@1.1.1 want: ^1.0.1
2311 silly placeDep ROOT side-channel-weakmap@1.0.2 OK for: side-channel@1.1.1 want: ^1.0.2
2312 silly placeDep ROOT client-only@0.0.1 OK for: styled-jsx@5.1.6 want: 0.0.1
2313 silly placeDep ROOT has-flag@4.0.0 OK for: supports-color@7.2.0 want: ^4.0.0
2314 silly placeDep node_modules/tinyglobby fdir@6.5.0 OK for: tinyglobby@0.2.17 want: ^6.5.0
2315 silly placeDep node_modules/tinyglobby picomatch@4.0.7 OK for: fdir@6.5.0 want: ^3 || ^4
2316 silly placeDep ROOT is-number@7.0.0 OK for: to-regex-range@5.0.1 want: ^7.0.0
2317 silly placeDep ROOT @types/json5@0.0.29 OK for: tsconfig-paths@3.15.0 want: ^0.0.29
2318 silly placeDep node_modules/tsconfig-paths json5@1.0.2 OK for: tsconfig-paths@3.15.0 want: ^1.0.2
2319 silly placeDep ROOT minimist@1.2.8 OK for: tsconfig-paths@3.15.0 want: ^1.2.6
2320 silly placeDep ROOT strip-bom@3.0.0 OK for: tsconfig-paths@3.15.0 want: ^3.0.0
2321 silly fetch manifest minimist@^1.2.0
2322 silly packumentCache full:https://registry.npmjs.org/minimist cache-miss
2323 http fetch GET 200 https://registry.npmjs.org/minimist 4ms (cache hit)
2324 silly packumentCache full:https://registry.npmjs.org/minimist set size:77063 disposed:false
2325 silly placeDep ROOT for-each@0.3.5 OK for: typed-array-byte-length@1.0.3 want: ^0.3.3
2326 silly placeDep ROOT reflect.getprototypeof@1.0.10 OK for: typed-array-byte-offset@1.0.4 want: ^1.0.9
2327 silly fetch manifest which-builtin-type@^1.2.1
2328 silly packumentCache full:https://registry.npmjs.org/which-builtin-type cache-miss
2329 http fetch GET 200 https://registry.npmjs.org/which-builtin-type 31ms (cache miss)
2330 silly packumentCache full:https://registry.npmjs.org/which-builtin-type set size:undefined disposed:false
2331 silly placeDep ROOT which-builtin-type@1.2.1 OK for: reflect.getprototypeof@1.0.10 want: ^1.2.1
2332 silly fetch manifest is-async-function@^2.0.0
2333 silly packumentCache full:https://registry.npmjs.org/is-async-function cache-miss
2334 http fetch GET 200 https://registry.npmjs.org/is-async-function 25ms (cache miss)
2335 silly packumentCache full:https://registry.npmjs.org/is-async-function set size:undefined disposed:false
2336 silly fetch manifest is-finalizationregistry@^1.1.0
2337 silly packumentCache full:https://registry.npmjs.org/is-finalizationregistry cache-miss
2338 http fetch GET 200 https://registry.npmjs.org/is-finalizationregistry 29ms (cache miss)
2339 silly packumentCache full:https://registry.npmjs.org/is-finalizationregistry set size:undefined disposed:false
2340 silly fetch manifest is-generator-function@^1.0.10
2341 silly packumentCache full:https://registry.npmjs.org/is-generator-function cache-miss
2342 http fetch GET 200 https://registry.npmjs.org/is-generator-function 28ms (cache miss)
2343 silly packumentCache full:https://registry.npmjs.org/is-generator-function set size:undefined disposed:false
2344 silly fetch manifest which-boxed-primitive@^1.1.0
2345 silly packumentCache full:https://registry.npmjs.org/which-boxed-primitive cache-miss
2346 http fetch GET 200 https://registry.npmjs.org/which-boxed-primitive 2ms (cache hit)
2347 silly packumentCache full:https://registry.npmjs.org/which-boxed-primitive set size:19407 disposed:false
2348 silly fetch manifest which-collection@^1.0.2
2349 silly packumentCache full:https://registry.npmjs.org/which-collection cache-miss
2350 http fetch GET 200 https://registry.npmjs.org/which-collection 34ms (cache miss)
2351 silly packumentCache full:https://registry.npmjs.org/which-collection set size:undefined disposed:false
2352 silly fetch manifest eslint@^8.57.0 || ^9.0.0 || ^10.0.0
2353 silly packumentCache full:https://registry.npmjs.org/eslint cache-miss
2354 http fetch GET 200 https://registry.npmjs.org/eslint 7ms (cache hit)
2355 silly packumentCache full:https://registry.npmjs.org/eslint set size:2077457 disposed:false
2356 silly placeDep ROOT @typescript-eslint/eslint-plugin@8.70.0 OK for: typescript-eslint@8.70.0 want: 8.70.0
2357 silly placeDep ROOT @typescript-eslint/parser@8.70.0 OK for: @typescript-eslint/eslint-plugin@8.70.0 want: ^8.70.0
2358 silly placeDep ROOT @typescript-eslint/typescript-estree@8.70.0 OK for: typescript-eslint@8.70.0 want: 8.70.0
2359 silly placeDep ROOT @typescript-eslint/utils@8.70.0 OK for: typescript-eslint@8.70.0 want: 8.70.0
2360 silly fetch manifest ignore@^7.0.5
2361 silly packumentCache full:https://registry.npmjs.org/ignore cache-miss
2362 http fetch GET 200 https://registry.npmjs.org/ignore 63ms (cache hit)
2363 silly packumentCache full:https://registry.npmjs.org/ignore set size:255101 disposed:false
2364 silly fetch manifest ts-api-utils@^2.5.0
2365 silly packumentCache full:https://registry.npmjs.org/ts-api-utils cache-miss
2366 http fetch GET 200 https://registry.npmjs.org/ts-api-utils 25ms (cache miss)
2367 silly packumentCache full:https://registry.npmjs.org/ts-api-utils set size:undefined disposed:false
2368 silly fetch manifest @typescript-eslint/type-utils@8.70.0
2369 silly packumentCache full:https://registry.npmjs.org/@typescript-eslint%2ftype-utils cache-miss
2370 http fetch GET 200 https://registry.npmjs.org/@typescript-eslint%2ftype-utils 308ms (cache miss)
2371 silly packumentCache full:https://registry.npmjs.org/@typescript-eslint%2ftype-utils set size:undefined disposed:false
2372 silly fetch manifest @typescript-eslint/visitor-keys@8.70.0
2373 silly packumentCache full:https://registry.npmjs.org/@typescript-eslint%2fvisitor-keys cache-miss
2374 http fetch GET 200 https://registry.npmjs.org/@typescript-eslint%2fvisitor-keys 308ms (cache miss)
2375 silly packumentCache full:https://registry.npmjs.org/@typescript-eslint%2fvisitor-keys set size:undefined disposed:false
2376 silly fetch manifest @typescript-eslint/scope-manager@8.70.0
2377 silly packumentCache full:https://registry.npmjs.org/@typescript-eslint%2fscope-manager cache-miss
2378 http fetch GET 200 https://registry.npmjs.org/@typescript-eslint%2fscope-manager 326ms (cache miss)
2379 silly packumentCache full:https://registry.npmjs.org/@typescript-eslint%2fscope-manager set size:undefined disposed:false
2380 silly fetch manifest @typescript-eslint/types@8.70.0
2381 silly packumentCache full:https://registry.npmjs.org/@typescript-eslint%2ftypes cache-miss
2382 http fetch GET 200 https://registry.npmjs.org/@typescript-eslint%2ftypes 300ms (cache miss)
2383 silly packumentCache full:https://registry.npmjs.org/@typescript-eslint%2ftypes set size:undefined disposed:false
2384 silly fetch manifest minimatch@^10.2.2
2385 silly packumentCache full:https://registry.npmjs.org/minimatch cache-miss
2386 http fetch GET 200 https://registry.npmjs.org/minimatch 38ms (cache hit)
2387 silly packumentCache full:https://registry.npmjs.org/minimatch set size:377924 disposed:false
2388 silly fetch manifest @typescript-eslint/tsconfig-utils@8.70.0
2389 silly packumentCache full:https://registry.npmjs.org/@typescript-eslint%2ftsconfig-utils cache-miss
2390 http fetch GET 200 https://registry.npmjs.org/@typescript-eslint%2ftsconfig-utils 77ms (cache miss)
2391 silly packumentCache full:https://registry.npmjs.org/@typescript-eslint%2ftsconfig-utils set size:undefined disposed:false
2392 silly fetch manifest @typescript-eslint/project-service@8.70.0
2393 silly packumentCache full:https://registry.npmjs.org/@typescript-eslint%2fproject-service cache-miss
2394 http fetch GET 200 https://registry.npmjs.org/@typescript-eslint%2fproject-service 72ms (cache miss)
2395 silly packumentCache full:https://registry.npmjs.org/@typescript-eslint%2fproject-service set size:undefined disposed:false
2396 silly placeDep ROOT @typescript-eslint/scope-manager@8.70.0 OK for: @typescript-eslint/eslint-plugin@8.70.0 want: 8.70.0
2397 silly placeDep ROOT @typescript-eslint/type-utils@8.70.0 OK for: @typescript-eslint/eslint-plugin@8.70.0 want: 8.70.0
2398 silly placeDep ROOT @typescript-eslint/visitor-keys@8.70.0 OK for: @typescript-eslint/eslint-plugin@8.70.0 want: 8.70.0
2399 silly placeDep node_modules/@typescript-eslint/eslint-plugin ignore@7.0.9 OK for: @typescript-eslint/eslint-plugin@8.70.0 want: ^7.0.5
2400 silly placeDep ROOT ts-api-utils@2.5.0 OK for: @typescript-eslint/eslint-plugin@8.70.0 want: ^2.5.0
2401 silly fetch manifest eslint-visitor-keys@^5.0.0
2402 silly packumentCache full:https://registry.npmjs.org/eslint-visitor-keys cache-hit
2403 silly placeDep ROOT @typescript-eslint/types@8.70.0 OK for: @typescript-eslint/parser@8.70.0 want: 8.70.0
2404 silly placeDep ROOT @typescript-eslint/project-service@8.70.0 OK for: @typescript-eslint/typescript-estree@8.70.0 want: 8.70.0
2405 silly placeDep ROOT @typescript-eslint/tsconfig-utils@8.70.0 OK for: @typescript-eslint/typescript-estree@8.70.0 want: 8.70.0
2406 silly placeDep node_modules/@typescript-eslint/typescript-estree minimatch@10.2.6 OK for: @typescript-eslint/typescript-estree@8.70.0 want: ^10.2.2
2407 silly placeDep node_modules/@typescript-eslint/typescript-estree semver@7.8.5 OK for: @typescript-eslint/typescript-estree@8.70.0 want: ^7.7.3
2408 silly fetch manifest @typescript-eslint/tsconfig-utils@^8.70.0
2409 silly packumentCache full:https://registry.npmjs.org/@typescript-eslint%2ftsconfig-utils cache-miss
2410 http fetch GET 200 https://registry.npmjs.org/@typescript-eslint%2ftsconfig-utils 7ms (cache hit)
2411 silly packumentCache full:https://registry.npmjs.org/@typescript-eslint%2ftsconfig-utils set size:1877282 disposed:false
2412 silly fetch manifest brace-expansion@^5.0.8
2413 silly packumentCache full:https://registry.npmjs.org/brace-expansion cache-miss
2414 http fetch GET 200 https://registry.npmjs.org/brace-expansion 6ms (cache hit)
2415 silly packumentCache full:https://registry.npmjs.org/brace-expansion set size:128514 disposed:false
2416 silly placeDep node_modules/@typescript-eslint/visitor-keys eslint-visitor-keys@5.0.1 OK for: @typescript-eslint/visitor-keys@8.70.0 want: ^5.0.0
2417 silly placeDep ROOT has-bigints@1.1.0 OK for: unbox-primitive@1.1.0 want: ^1.0.2
2418 silly placeDep ROOT which-boxed-primitive@1.1.1 OK for: unbox-primitive@1.1.0 want: ^1.1.1
2419 silly fetch manifest is-bigint@^1.1.0
2420 silly packumentCache full:https://registry.npmjs.org/is-bigint cache-miss
2421 http fetch GET 200 https://registry.npmjs.org/is-bigint 19ms (cache miss)
2422 silly packumentCache full:https://registry.npmjs.org/is-bigint set size:undefined disposed:false
2423 silly fetch manifest is-boolean-object@^1.2.1
2424 silly packumentCache full:https://registry.npmjs.org/is-boolean-object cache-miss
2425 http fetch GET 200 https://registry.npmjs.org/is-boolean-object 19ms (cache miss)
2426 silly packumentCache full:https://registry.npmjs.org/is-boolean-object set size:undefined disposed:false
2427 silly fetch manifest is-number-object@^1.1.1
2428 silly packumentCache full:https://registry.npmjs.org/is-number-object cache-miss
2429 http fetch GET 200 https://registry.npmjs.org/is-number-object 21ms (cache miss)
2430 silly packumentCache full:https://registry.npmjs.org/is-number-object set size:undefined disposed:false
2431 silly placeDep ROOT @unrs/resolver-binding-android-arm-eabi@1.12.2 OK for: unrs-resolver@1.12.2 want: 1.12.2
2432 silly placeDep ROOT @unrs/resolver-binding-android-arm64@1.12.2 OK for: unrs-resolver@1.12.2 want: 1.12.2
2433 silly placeDep ROOT @unrs/resolver-binding-darwin-arm64@1.12.2 OK for: unrs-resolver@1.12.2 want: 1.12.2
2434 silly placeDep ROOT @unrs/resolver-binding-darwin-x64@1.12.2 OK for: unrs-resolver@1.12.2 want: 1.12.2
2435 silly placeDep ROOT @unrs/resolver-binding-freebsd-x64@1.12.2 OK for: unrs-resolver@1.12.2 want: 1.12.2
2436 silly placeDep ROOT @unrs/resolver-binding-linux-arm-gnueabihf@1.12.2 OK for: unrs-resolver@1.12.2 want: 1.12.2
2437 silly placeDep ROOT @unrs/resolver-binding-linux-arm-musleabihf@1.12.2 OK for: unrs-resolver@1.12.2 want: 1.12.2
2438 silly placeDep ROOT @unrs/resolver-binding-linux-arm64-gnu@1.12.2 OK for: unrs-resolver@1.12.2 want: 1.12.2
2439 silly placeDep ROOT @unrs/resolver-binding-linux-arm64-musl@1.12.2 OK for: unrs-resolver@1.12.2 want: 1.12.2
2440 silly placeDep ROOT @unrs/resolver-binding-linux-loong64-gnu@1.12.2 OK for: unrs-resolver@1.12.2 want: 1.12.2
2441 silly placeDep ROOT @unrs/resolver-binding-linux-loong64-musl@1.12.2 OK for: unrs-resolver@1.12.2 want: 1.12.2
2442 silly placeDep ROOT @unrs/resolver-binding-linux-ppc64-gnu@1.12.2 OK for: unrs-resolver@1.12.2 want: 1.12.2
2443 silly placeDep ROOT @unrs/resolver-binding-linux-riscv64-gnu@1.12.2 OK for: unrs-resolver@1.12.2 want: 1.12.2
2444 silly placeDep ROOT @unrs/resolver-binding-linux-riscv64-musl@1.12.2 OK for: unrs-resolver@1.12.2 want: 1.12.2
2445 silly placeDep ROOT @unrs/resolver-binding-linux-s390x-gnu@1.12.2 OK for: unrs-resolver@1.12.2 want: 1.12.2
2446 silly placeDep ROOT @unrs/resolver-binding-linux-x64-gnu@1.12.2 OK for: unrs-resolver@1.12.2 want: 1.12.2
2447 silly placeDep ROOT @unrs/resolver-binding-linux-x64-musl@1.12.2 OK for: unrs-resolver@1.12.2 want: 1.12.2
2448 silly placeDep ROOT @unrs/resolver-binding-openharmony-arm64@1.12.2 OK for: unrs-resolver@1.12.2 want: 1.12.2
2449 silly placeDep ROOT @unrs/resolver-binding-wasm32-wasi@1.12.2 OK for: unrs-resolver@1.12.2 want: 1.12.2
2450 silly placeDep ROOT @unrs/resolver-binding-win32-arm64-msvc@1.12.2 OK for: unrs-resolver@1.12.2 want: 1.12.2
2451 silly placeDep ROOT @unrs/resolver-binding-win32-ia32-msvc@1.12.2 OK for: unrs-resolver@1.12.2 want: 1.12.2
2452 silly placeDep ROOT @unrs/resolver-binding-win32-x64-msvc@1.12.2 OK for: unrs-resolver@1.12.2 want: 1.12.2
2453 silly placeDep ROOT napi-postinstall@0.3.4 OK for: unrs-resolver@1.12.2 want: ^0.3.4
2454 silly fetch manifest @napi-rs/wasm-runtime@^1.1.4
2455 silly packumentCache full:https://registry.npmjs.org/@napi-rs%2fwasm-runtime cache-miss
2456 http fetch GET 200 https://registry.npmjs.org/@napi-rs%2fwasm-runtime 64ms (cache miss)
2457 silly packumentCache full:https://registry.npmjs.org/@napi-rs%2fwasm-runtime set size:undefined disposed:false
2458 silly fetch manifest @emnapi/core@1.10.0
2459 silly packumentCache full:https://registry.npmjs.org/@emnapi%2fcore cache-miss
2460 http fetch GET 200 https://registry.npmjs.org/@emnapi%2fcore 37ms (cache miss)
2461 silly packumentCache full:https://registry.npmjs.org/@emnapi%2fcore set size:undefined disposed:false
2462 silly fetch manifest @emnapi/runtime@1.10.0
2463 silly packumentCache full:https://registry.npmjs.org/@emnapi%2fruntime cache-miss
2464 http fetch GET 200 https://registry.npmjs.org/@emnapi%2fruntime 3ms (cache hit)
2465 silly packumentCache full:https://registry.npmjs.org/@emnapi%2fruntime set size:127256 disposed:false
2466 silly placeDep ROOT @emnapi/core@1.10.0 OK for: @unrs/resolver-binding-wasm32-wasi@1.12.2 want: 1.10.0
2467 silly placeDep node_modules/@unrs/resolver-binding-wasm32-wasi @emnapi/runtime@1.10.0 OK for: @unrs/resolver-binding-wasm32-wasi@1.12.2 want: 1.10.0
2468 silly placeDep ROOT @napi-rs/wasm-runtime@1.2.4 OK for: @unrs/resolver-binding-wasm32-wasi@1.12.2 want: ^1.1.4
2469 silly fetch manifest @emnapi/wasi-threads@1.2.1
2470 silly packumentCache full:https://registry.npmjs.org/@emnapi%2fwasi-threads cache-miss
2471 http fetch GET 200 https://registry.npmjs.org/@emnapi%2fwasi-threads 46ms (cache miss)
2472 silly packumentCache full:https://registry.npmjs.org/@emnapi%2fwasi-threads set size:undefined disposed:false
2473 silly fetch manifest @tybys/wasm-util@^0.10.3
2474 silly packumentCache full:https://registry.npmjs.org/@tybys%2fwasm-util cache-miss
2475 http fetch GET 200 https://registry.npmjs.org/@tybys%2fwasm-util 35ms (cache miss)
2476 silly packumentCache full:https://registry.npmjs.org/@tybys%2fwasm-util set size:undefined disposed:false
2477 silly placeDep ROOT @emnapi/wasi-threads@1.2.1 OK for: @emnapi/core@1.10.0 want: 1.2.1
2478 silly placeDep ROOT @tybys/wasm-util@0.10.4 OK for: @napi-rs/wasm-runtime@1.2.4 want: ^0.10.3
2479 silly placeDep ROOT escalade@3.2.0 OK for: update-browserslist-db@1.3.3 want: ^3.2.0
2480 silly placeDep ROOT punycode@2.3.1 OK for: uri-js@4.4.1 want: ^2.1.0
2481 silly placeDep ROOT isexe@2.0.0 OK for: which@2.0.2 want: ^2.0.0
2482 silly placeDep ROOT is-bigint@1.1.0 OK for: which-boxed-primitive@1.1.1 want: ^1.1.0
2483 silly placeDep ROOT is-boolean-object@1.2.2 OK for: which-boxed-primitive@1.1.1 want: ^1.2.1
2484 silly placeDep ROOT is-number-object@1.1.1 OK for: which-boxed-primitive@1.1.1 want: ^1.1.1
2485 silly placeDep ROOT is-async-function@2.1.1 OK for: which-builtin-type@1.2.1 want: ^2.0.0
2486 silly placeDep ROOT is-finalizationregistry@1.1.1 OK for: which-builtin-type@1.2.1 want: ^1.1.0
2487 silly placeDep ROOT is-generator-function@1.1.2 OK for: which-builtin-type@1.2.1 want: ^1.0.10
2488 silly placeDep ROOT which-collection@1.0.2 OK for: which-builtin-type@1.2.1 want: ^1.0.2
2489 silly fetch manifest async-function@^1.0.0
2490 silly packumentCache full:https://registry.npmjs.org/async-function cache-miss
2491 http fetch GET 200 https://registry.npmjs.org/async-function 18ms (cache miss)
2492 silly packumentCache full:https://registry.npmjs.org/async-function set size:undefined disposed:false
2493 silly fetch manifest generator-function@^2.0.0
2494 silly packumentCache full:https://registry.npmjs.org/generator-function cache-miss
2495 http fetch GET 200 https://registry.npmjs.org/generator-function 25ms (cache miss)
2496 silly packumentCache full:https://registry.npmjs.org/generator-function set size:undefined disposed:false
2497 silly fetch manifest is-map@^2.0.3
2498 silly packumentCache full:https://registry.npmjs.org/is-map cache-miss
2499 http fetch GET 200 https://registry.npmjs.org/is-map 18ms (cache miss)
2500 silly packumentCache full:https://registry.npmjs.org/is-map set size:undefined disposed:false
2501 silly fetch manifest is-weakmap@^2.0.2
2502 silly packumentCache full:https://registry.npmjs.org/is-weakmap cache-miss
2503 http fetch GET 200 https://registry.npmjs.org/is-weakmap 22ms (cache miss)
2504 silly packumentCache full:https://registry.npmjs.org/is-weakmap set size:undefined disposed:false
2505 silly fetch manifest is-weakset@^2.0.3
2506 silly packumentCache full:https://registry.npmjs.org/is-weakset cache-miss
2507 http fetch GET 200 https://registry.npmjs.org/is-weakset 17ms (cache miss)
2508 silly packumentCache full:https://registry.npmjs.org/is-weakset set size:undefined disposed:false
2509 silly placeDep ROOT async-function@1.0.0 OK for: is-async-function@2.1.1 want: ^1.0.0
2510 silly placeDep ROOT generator-function@2.0.1 OK for: is-generator-function@1.1.2 want: ^2.0.0
2511 silly placeDep ROOT is-map@2.0.3 OK for: which-collection@1.0.2 want: ^2.0.3
2512 silly placeDep ROOT is-weakmap@2.0.2 OK for: which-collection@1.0.2 want: ^2.0.2
2513 silly placeDep ROOT is-weakset@2.0.4 OK for: which-collection@1.0.2 want: ^2.0.3
2514 silly placeDep node_modules/@typescript-eslint/typescript-estree brace-expansion@5.0.12 OK for: minimatch@10.2.6 want: ^5.0.8
2515 silly fetch manifest balanced-match@^4.0.2
2516 silly packumentCache full:https://registry.npmjs.org/balanced-match cache-miss
2517 http fetch GET 200 https://registry.npmjs.org/balanced-match 9ms (cache hit)
2518 silly packumentCache full:https://registry.npmjs.org/balanced-match set size:39082 disposed:false
2519 silly placeDep node_modules/@typescript-eslint/typescript-estree balanced-match@4.0.4 OK for: brace-expansion@5.0.12 want: ^4.0.2
2520 silly reify moves {}
2521 verbose reify failed optional dependency /home/ubuntu/frontend/node_modules/@tailwindcss/oxide-wasm32-wasi
2522 silly reify mark deleted [ '/home/ubuntu/frontend/node_modules/@tailwindcss/oxide-wasm32-wasi' ]
2523 silly audit bulk request {
2523 silly audit   '@tailwindcss/postcss': [ '4.3.3' ],
2523 silly audit   '@types/node': [ '20.19.43' ],
2523 silly audit   '@types/react': [ '19.3.0' ],
2523 silly audit   '@types/react-dom': [ '19.3.0' ],
2523 silly audit   autoprefixer: [ '10.6.1' ],
2523 silly audit   postcss: [ '8.5.28', '8.4.31' ],
2523 silly audit   axios: [ '1.20.0' ],
2523 silly audit   clsx: [ '2.1.1' ],
2523 silly audit   eslint: [ '9.39.5' ],
2523 silly audit   'eslint-config-next': [ '16.1.6' ],
2523 silly audit   'framer-motion': [ '12.43.0' ],
2523 silly audit   'lucide-react': [ '0.563.0' ],
2523 silly audit   react: [ '19.2.3' ],
2523 silly audit   next: [ '16.1.6' ],
2523 silly audit   'react-dom': [ '19.2.3' ],
2523 silly audit   'tailwind-merge': [ '3.7.0' ],
2523 silly audit   tailwindcss: [ '4.3.3' ],
2523 silly audit   typescript: [ '5.9.3' ],
2523 silly audit   '@alloc/quick-lru': [ '5.3.0' ],
2523 silly audit   '@tailwindcss/node': [ '4.3.3' ],
2523 silly audit   '@tailwindcss/oxide': [ '4.3.3' ],
2523 silly audit   '@jridgewell/remapping': [ '2.3.5' ],
2523 silly audit   'enhanced-resolve': [ '5.25.1' ],
2523 silly audit   jiti: [ '2.7.0' ],
2523 silly audit   lightningcss: [ '1.32.0' ],
2523 silly audit   'magic-string': [ '0.30.21' ],
2523 silly audit   'source-map-js': [ '1.2.1' ],
2523 silly audit   '@jridgewell/gen-mapping': [ '0.3.13' ],
2523 silly audit   '@jridgewell/trace-mapping': [ '0.3.31' ],
2523 silly audit   '@jridgewell/sourcemap-codec': [ '1.6.0' ],
2523 silly audit   '@jridgewell/resolve-uri': [ '3.1.2' ],
2523 silly audit   '@tailwindcss/oxide-android-arm64': [ '4.3.3' ],
2523 silly audit   '@tailwindcss/oxide-darwin-arm64': [ '4.3.3' ],
2523 silly audit   '@tailwindcss/oxide-darwin-x64': [ '4.3.3' ],
2523 silly audit   '@tailwindcss/oxide-freebsd-x64': [ '4.3.3' ],
2523 silly audit   '@tailwindcss/oxide-linux-arm-gnueabihf': [ '4.3.3' ],
2523 silly audit   '@tailwindcss/oxide-linux-arm64-gnu': [ '4.3.3' ],
2523 silly audit   '@tailwindcss/oxide-linux-arm64-musl': [ '4.3.3' ],
2523 silly audit   '@tailwindcss/oxide-linux-x64-gnu': [ '4.3.3' ],
2523 silly audit   '@tailwindcss/oxide-linux-x64-musl': [ '4.3.3' ],
2523 silly audit   '@tailwindcss/oxide-win32-arm64-msvc': [ '4.3.3' ],
2523 silly audit   '@tailwindcss/oxide-win32-x64-msvc': [ '4.3.3' ],
2523 silly audit   'undici-types': [ '6.21.0' ],
2523 silly audit   csstype: [ '3.2.3' ],
2523 silly audit   browserslist: [ '4.29.0' ],
2523 silly audit   'caniuse-lite': [ '1.0.30001810' ],
2523 silly audit   'fraction.js': [ '5.3.4' ],
2523 silly audit   picocolors: [ '1.1.1' ],
2523 silly audit   'postcss-value-parser': [ '4.2.0' ],
2523 silly audit   'follow-redirects': [ '1.16.0' ],
2523 silly audit   'form-data': [ '4.0.6' ],
2523 silly audit   'https-proxy-agent': [ '5.0.1' ],
2523 silly audit   'proxy-from-env': [ '2.1.0' ],
2523 silly audit   'baseline-browser-mapping': [ '2.11.24' ],
2523 silly audit   'electron-to-chromium': [ '1.5.430' ],
2523 silly audit   'node-releases': [ '2.0.55' ],
2523 silly audit   'update-browserslist-db': [ '1.3.3' ],
2523 silly audit   'graceful-fs': [ '4.2.11' ],
2523 silly audit   tapable: [ '2.3.3' ],
2523 silly audit   '@eslint-community/eslint-utils': [ '4.10.1' ],
2523 silly audit   '@eslint-community/regexpp': [ '4.12.2' ],
2523 silly audit   '@eslint/config-array': [ '0.21.2' ],
2523 silly audit   '@eslint/config-helpers': [ '0.4.2' ],
2523 silly audit   '@eslint/core': [ '0.17.0' ],
2523 silly audit   '@eslint/eslintrc': [ '3.3.7' ],
2523 silly audit   '@eslint/js': [ '9.39.5' ],
2523 silly audit   '@eslint/plugin-kit': [ '0.4.1' ],
2523 silly audit   '@humanfs/node': [ '0.16.8' ],
2523 silly audit   '@humanwhocodes/module-importer': [ '1.0.1' ],
2523 silly audit   '@humanwhocodes/retry': [ '0.4.3' ],
2523 silly audit   '@types/estree': [ '1.0.9' ],
2523 silly audit   ajv: [ '6.15.0' ],
2523 silly audit   chalk: [ '4.1.2' ],
2523 silly audit   'cross-spawn': [ '7.0.6' ],
2523 silly audit   debug: [ '4.4.3', '3.2.7' ],
2523 silly audit   'escape-string-regexp': [ '4.0.0' ],
2523 silly audit   'eslint-scope': [ '8.4.0' ],
2523 silly audit   'eslint-visitor-keys': [ '4.2.1', '3.4.3', '5.0.1' ],
2523 silly audit   espree: [ '10.4.0' ],
2523 silly audit   esquery: [ '1.7.0' ],
2523 silly audit   esutils: [ '2.0.3' ],
2523 silly audit   'fast-deep-equal': [ '3.1.3' ],
2523 silly audit   'file-entry-cache': [ '8.0.0' ],
2523 silly audit   'find-up': [ '5.0.0' ],
2523 silly audit   'glob-parent': [ '6.0.2', '5.1.2' ],
2523 silly audit   ignore: [ '5.3.2', '7.0.9' ],
2523 silly audit   imurmurhash: [ '0.1.4' ],
2523 silly audit   'is-glob': [ '4.0.3' ],
2523 silly audit   'json-stable-stringify-without-jsonify': [ '1.0.1' ],
2523 silly audit   'lodash.merge': [ '4.6.2' ],
2523 silly audit   minimatch: [ '3.1.5', '10.2.6' ],
2523 silly audit   'natural-compare': [ '1.4.0' ],
2523 silly audit   optionator: [ '0.9.4' ],
2523 silly audit   '@eslint/object-schema': [ '2.1.7' ],
2523 silly audit   '@types/json-schema': [ '7.0.15' ],
2523 silly audit   globals: [ '14.0.0', '16.4.0' ],
2523 silly audit   'import-fresh': [ '3.3.1' ],
2523 silly audit   'js-yaml': [ '4.3.2' ],
2523 silly audit   'strip-json-comments': [ '3.1.1' ],
2523 silly audit   levn: [ '0.4.1' ],
2523 silly audit   '@humanfs/core': [ '0.19.2' ],
2523 silly audit   '@humanfs/types': [ '0.15.0' ],
2523 silly audit   'fast-json-stable-stringify': [ '2.1.0' ],
2523 silly audit   'json-schema-traverse': [ '0.4.1' ],
2523 silly audit   'uri-js': [ '4.4.1' ],
2523 silly audit   'ansi-styles': [ '4.3.0' ],
2523 silly audit   'supports-color': [ '7.2.0' ],
2523 silly audit   'color-convert': [ '2.0.1' ],
2523 silly audit   'color-name': [ '1.1.4' ],
2523 silly audit   'path-key': [ '3.1.1' ],
2523 silly audit   'shebang-command': [ '2.0.0' ],
2523 silly audit   which: [ '2.0.2' ],
2523 silly audit   ms: [ '2.1.3' ],
2523 silly audit   '@next/eslint-plugin-next': [ '16.1.6' ],
2523 silly audit   'eslint-import-resolver-node': [ '0.3.10' ],
2523 silly audit   'eslint-import-resolver-typescript': [ '3.10.1' ],
2523 silly audit   'eslint-plugin-import': [ '2.32.0' ],
2523 silly audit   'eslint-plugin-jsx-a11y': [ '6.10.2' ],
2523 silly audit   'eslint-plugin-react': [ '7.37.5' ],
2523 silly audit   'eslint-plugin-react-hooks': [ '7.1.1' ],
2523 silly audit   'typescript-eslint': [ '8.70.0' ],
2523 silly audit   'fast-glob': [ '3.3.1' ],
2523 silly audit   'is-core-module': [ '2.16.2' ],
2523 silly audit   resolve: [ '2.0.0-next.7' ],
2523 silly audit   '@nolyfill/is-core-module': [ '1.0.39' ],
2523 silly audit   'get-tsconfig': [ '4.14.3' ],
2523 silly audit   'is-bun-module': [ '2.0.0' ],
2523 silly audit   'stable-hash': [ '0.0.5' ],
2523 silly audit   tinyglobby: [ '0.2.17' ],
2523 silly audit   'unrs-resolver': [ '1.12.2' ],
2523 silly audit   '@rtsao/scc': [ '1.1.0' ],
2523 silly audit   'array-includes': [ '3.2.0' ],
2523 silly audit   'array.prototype.findlastindex': [ '1.2.6' ],
2523 silly audit   'array.prototype.flat': [ '1.3.3' ],
2523 silly audit   'array.prototype.flatmap': [ '1.3.3' ],
2523 silly audit   doctrine: [ '2.1.0' ],
2523 silly audit   'eslint-module-utils': [ '2.14.0' ],
2523 silly audit   hasown: [ '2.0.4' ],
2523 silly audit   'object.fromentries': [ '2.0.8' ],
2523 silly audit   'object.groupby': [ '1.0.3' ],
2523 silly audit   'object.values': [ '1.2.1' ],
2523 silly audit   semver: [ '6.3.1', '7.8.5' ],
2523 silly audit   'string.prototype.trimend': [ '1.0.10' ],
2523 silly audit   'tsconfig-paths': [ '3.15.0' ],
2523 silly audit   'call-bind': [ '1.0.9' ],
2523 silly audit   'call-bound': [ '1.0.4' ],
2523 silly audit   'define-properties': [ '1.2.1' ],
2523 silly audit   'es-abstract': [ '1.24.2' ],
2523 silly audit   'es-object-atoms': [ '1.1.2' ],
2523 silly audit   'es-shim-unscopables': [ '1.1.0' ],
2523 silly audit   'is-string': [ '1.1.1' ],
2523 silly audit   'math-intrinsics': [ '1.1.0' ],
2523 silly audit   'es-errors': [ '1.3.0' ],
2523 silly audit   'call-bind-apply-helpers': [ '1.0.2' ],
2523 silly audit   'es-define-property': [ '1.0.1' ],
2523 silly audit   'get-intrinsic': [ '1.3.0' ],
2523 silly audit   'set-function-length': [ '1.2.2' ],
2523 silly audit   'function-bind': [ '1.1.2' ],
2523 silly audit   'define-data-property': [ '1.1.4' ],
2523 silly audit   'has-property-descriptors': [ '1.0.2' ],
2523 silly audit   'object-keys': [ '1.1.1' ],
2523 silly audit   gopd: [ '1.2.0' ],
2523 silly audit   'array-buffer-byte-length': [ '1.0.2' ],
2523 silly audit   'arraybuffer.prototype.slice': [ '1.0.4' ],
2523 silly audit   'available-typed-arrays': [ '1.0.7' ],
2523 silly audit   'data-view-buffer': [ '1.0.2' ],
2523 silly audit   'data-view-byte-length': [ '1.0.2' ],
2523 silly audit   'data-view-byte-offset': [ '1.0.1' ],
2523 silly audit   'es-set-tostringtag': [ '2.1.0' ],
2523 silly audit   'es-to-primitive': [ '1.3.4' ],
2523 silly audit   'function.prototype.name': [ '1.2.0' ],
2523 silly audit   'get-proto': [ '1.0.1' ],
2523 silly audit   'get-symbol-description': [ '1.1.0' ],
2523 silly audit   globalthis: [ '1.0.4' ],
2523 silly audit   'has-proto': [ '1.2.0' ],
2523 silly audit   'has-symbols': [ '1.1.0' ],
2523 silly audit   'internal-slot': [ '1.1.0' ],
2523 silly audit   'is-array-buffer': [ '3.0.5' ],
2523 silly audit   'is-callable': [ '1.2.7' ],
2523 silly audit   'is-data-view': [ '1.0.2' ],
2523 silly audit   'is-negative-zero': [ '2.0.3' ],
2523 silly audit   'is-regex': [ '1.2.1' ],
2523 silly audit   'is-set': [ '2.0.3' ],
2523 silly audit   'is-shared-array-buffer': [ '1.0.4' ],
2523 silly audit   'is-typed-array': [ '1.1.15' ],
2523 silly audit   'is-weakref': [ '1.1.1' ],
2523 silly audit   'object-inspect': [ '1.13.4' ],
2523 silly audit   'object.assign': [ '4.1.7' ],
2523 silly audit   'own-keys': [ '1.0.2' ],
2523 silly audit   'regexp.prototype.flags': [ '1.5.4' ],
2523 silly audit   'safe-array-concat': [ '1.1.4' ],
2523 silly audit   'safe-push-apply': [ '1.0.0' ],
2523 silly audit   'safe-regex-test': [ '1.1.0' ],
2523 silly audit   'set-proto': [ '1.0.0' ],
2523 silly audit   'stop-iteration-iterator': [ '1.1.0' ],
2523 silly audit   'string.prototype.trim': [ '1.2.11' ],
2523 silly audit   'string.prototype.trimstart': [ '1.0.8' ],
2523 silly audit   'typed-array-buffer': [ '1.0.3' ],
2523 silly audit   'typed-array-byte-length': [ '1.0.3' ],
2523 silly audit   'typed-array-byte-offset': [ '1.0.4' ],
2523 silly audit   'typed-array-length': [ '1.0.8' ],
2523 silly audit   'unbox-primitive': [ '1.1.0' ],
2523 silly audit   'which-typed-array': [ '1.1.22' ],
2523 silly audit   'possible-typed-array-names': [ '1.1.0' ],
2523 silly audit   'has-tostringtag': [ '1.0.2' ],
2523 silly audit   'es-abstract-get': [ '1.0.0' ],
2523 silly audit   'is-date-object': [ '1.1.0' ],
2523 silly audit   'is-symbol': [ '1.1.1' ],
2523 silly audit   'aria-query': [ '5.3.2' ],
2523 silly audit   'ast-types-flow': [ '0.0.8' ],
2523 silly audit   'axe-core': [ '4.13.0' ],
2523 silly audit   'axobject-query': [ '4.1.0' ],
2523 silly audit   'damerau-levenshtein': [ '1.0.8' ],
2523 silly audit   'emoji-regex': [ '9.2.2' ],
2523 silly audit   'jsx-ast-utils': [ '3.3.5' ],
2523 silly audit   'language-tags': [ '1.0.9' ],
2523 silly audit   'string.prototype.includes': [ '2.0.1' ],
2523 silly audit   'array.prototype.findlast': [ '1.2.5' ],
2523 silly audit   'array.prototype.tosorted': [ '1.1.4' ],
2523 silly audit   'es-iterator-helpers': [ '1.4.0' ],
2523 silly audit   estraverse: [ '5.3.0' ],
2523 silly audit   'object.entries': [ '1.1.9' ],
2523 silly audit   'prop-types': [ '15.8.1' ],
2523 silly audit   'string.prototype.matchall': [ '4.1.0' ],
2523 silly audit   'string.prototype.repeat': [ '1.0.0' ],
2523 silly audit   'iterator.prototype': [ '1.1.5' ],
2523 silly audit   '@babel/core': [ '7.29.7' ],
2523 silly audit   '@babel/parser': [ '7.29.8' ],
2523 silly audit   'hermes-parser': [ '0.25.1' ],
2523 silly audit   zod: [ '4.6.5' ],
2523 silly audit   'zod-validation-error': [ '4.0.2' ],
2523 silly audit   '@babel/code-frame': [ '7.29.7' ],
2523 silly audit   '@babel/generator': [ '7.29.8' ],
2523 silly audit   '@babel/helper-compilation-targets': [ '7.29.7' ],
2523 silly audit   '@babel/helper-module-transforms': [ '7.29.7' ],
2523 silly audit   '@babel/helpers': [ '7.29.7' ],
2523 silly audit   '@babel/template': [ '7.29.7' ],
2523 silly audit   '@babel/traverse': [ '7.29.8' ],
2523 silly audit   '@babel/types': [ '7.29.8' ],
2523 silly audit   'convert-source-map': [ '2.0.0' ],
2523 silly audit   gensync: [ '1.0.0-beta.2' ],
2523 silly audit   json5: [ '2.2.3', '1.0.2' ],
2523 silly audit   '@babel/helper-validator-identifier': [ '7.29.7' ],
2523 silly audit   'js-tokens': [ '4.0.0' ],
2523 silly audit   jsesc: [ '3.1.0' ],
2523 silly audit   '@babel/compat-data': [ '7.29.7' ],
2523 silly audit   '@babel/helper-validator-option': [ '7.29.7' ],
2523 silly audit   'lru-cache': [ '5.1.1' ],
2523 silly audit   '@babel/helper-module-imports': [ '7.29.7' ],
2523 silly audit   '@babel/helper-globals': [ '7.29.7' ],
2523 silly audit   '@babel/helper-string-parser': [ '7.29.7' ],
2523 silly audit   esrecurse: [ '4.3.0' ],
2523 silly audit   acorn: [ '8.18.0' ],
2523 silly audit   'acorn-jsx': [ '5.3.2' ],
2523 silly audit   '@nodelib/fs.stat': [ '2.0.5' ],
2523 silly audit   '@nodelib/fs.walk': [ '1.2.8' ],
2523 silly audit   merge2: [ '1.4.1' ],
2523 silly audit   micromatch: [ '4.0.8' ],
2523 silly audit   '@nodelib/fs.scandir': [ '2.1.5' ],
2523 silly audit   fastq: [ '1.20.3' ],
2523 silly audit   'run-parallel': [ '1.2.0' ],
2523 silly audit   reusify: [ '1.1.0' ],
2523 silly audit   'flat-cache': [ '4.0.1' ],
2523 silly audit   'locate-path': [ '6.0.0' ],
2523 silly audit   'path-exists': [ '4.0.0' ],
2523 silly audit   flatted: [ '3.4.4' ],
2523 silly audit   keyv: [ '4.5.4' ],
2523 silly audit   asynckit: [ '0.4.0' ],
2523 silly audit   'combined-stream': [ '1.0.8' ],
2523 silly audit   'mime-types': [ '2.1.35' ],
2523 silly audit   'delayed-stream': [ '1.0.0' ],
2523 silly audit   'motion-dom': [ '12.43.0' ],
2523 silly audit   'motion-utils': [ '12.39.0' ],
2523 silly audit   tslib: [ '2.8.1' ],
2523 silly audit   'functions-have-names': [ '1.2.3' ],
2523 silly audit   'is-document.all': [ '1.0.0' ],
2523 silly audit   'dunder-proto': [ '1.0.1' ],
2523 silly audit   'resolve-pkg-maps': [ '1.0.0' ],
2523 silly audit   'hermes-estree': [ '0.25.1' ],
2523 silly audit   'agent-base': [ '6.0.2' ],
2523 silly audit   'parent-module': [ '1.0.1' ],
2523 silly audit   'resolve-from': [ '4.0.0' ],
2523 silly audit   'side-channel': [ '1.1.1' ],
2523 silly audit   'is-extglob': [ '2.1.1' ],
2523 silly audit   'set-function-name': [ '2.0.2' ],
2523 silly audit   argparse: [ '2.0.1' ],
2523 silly audit   'json-buffer': [ '3.0.1' ],
2523 silly audit   'language-subtag-registry': [ '0.3.23' ],
2523 silly audit   'prelude-ls': [ '1.2.1' ],
2523 silly audit   'type-check': [ '0.4.0' ],
2523 silly audit   'detect-libc': [ '2.1.2' ],
2523 silly audit   'lightningcss-android-arm64': [ '1.32.0' ],
2523 silly audit   'lightningcss-darwin-arm64': [ '1.32.0' ],
2523 silly audit   'lightningcss-darwin-x64': [ '1.32.0' ],
2523 silly audit   'lightningcss-freebsd-x64': [ '1.32.0' ],
2523 silly audit   'lightningcss-linux-arm-gnueabihf': [ '1.32.0' ],
2523 silly audit   'lightningcss-linux-arm64-gnu': [ '1.32.0' ],
2523 silly audit   'lightningcss-linux-arm64-musl': [ '1.32.0' ],
2523 silly audit   'lightningcss-linux-x64-gnu': [ '1.32.0' ],
2523 silly audit   'lightningcss-linux-x64-musl': [ '1.32.0' ],
2523 silly audit   'lightningcss-win32-arm64-msvc': [ '1.32.0' ],
2523 silly audit   'lightningcss-win32-x64-msvc': [ '1.32.0' ],
2523 silly audit   'p-locate': [ '5.0.0' ],
2523 silly audit   yallist: [ '3.1.1' ],
2523 silly audit   braces: [ '3.0.3' ],
2523 silly audit   picomatch: [ '2.3.2', '4.0.7' ],
2523 silly audit   'fill-range': [ '7.1.1' ],
2523 silly audit   'to-regex-range': [ '5.0.1' ],
2523 silly audit   'mime-db': [ '1.52.0' ],
2523 silly audit   'brace-expansion': [ '1.1.21', '5.0.12' ],
2523 silly audit   'balanced-match': [ '1.0.2', '4.0.4' ],
2523 silly audit   'concat-map': [ '0.0.1' ],
2523 silly audit   '@next/env': [ '16.1.6' ],
2523 silly audit   '@next/swc-darwin-arm64': [ '16.1.6' ],
2523 silly audit   '@next/swc-darwin-x64': [ '16.1.6' ],
2523 silly audit   '@next/swc-linux-arm64-gnu': [ '16.1.6' ],
2523 silly audit   '@next/swc-linux-arm64-musl': [ '16.1.6' ],
2523 silly audit   '@next/swc-linux-x64-gnu': [ '16.1.6' ],
2523 silly audit   '@next/swc-linux-x64-musl': [ '16.1.6' ],
2523 silly audit   '@next/swc-win32-arm64-msvc': [ '16.1.6' ],
2523 silly audit   '@next/swc-win32-x64-msvc': [ '16.1.6' ],
2523 silly audit   '@swc/helpers': [ '0.5.15' ],
2523 silly audit   sharp: [ '0.34.5' ],
2523 silly audit   'styled-jsx': [ '5.1.6' ],
2523 silly audit   'deep-is': [ '0.1.4' ],
2523 silly audit   'fast-levenshtein': [ '2.0.6' ],
2523 silly audit   'word-wrap': [ '1.2.5' ],
2523 silly audit   'p-limit': [ '3.1.0' ],
2523 silly audit   'yocto-queue': [ '0.1.0' ],
2523 silly audit   callsites: [ '3.1.0' ],
2523 silly audit   nanoid: [ '3.3.19' ],
2523 silly audit   'loose-envify': [ '1.4.0' ],
2523 silly audit   'object-assign': [ '4.1.1' ],
2523 silly audit   'react-is': [ '16.13.1' ],
2523 silly audit   scheduler: [ '0.27.0' ],
2523 silly audit   'node-exports-info': [ '1.6.2' ],
2523 silly audit   'path-parse': [ '1.0.7' ],
2523 silly audit   'supports-preserve-symlinks-flag': [ '1.0.0' ],
2523 silly audit   'queue-microtask': [ '1.2.3' ],
2523 silly audit   isarray: [ '2.0.5' ],
2523 silly audit   '@img/colour': [ '1.1.0' ],
2523 silly audit   '@img/sharp-darwin-arm64': [ '0.34.5' ],
2523 silly audit   '@img/sharp-darwin-x64': [ '0.34.5' ],
2523 silly audit   '@img/sharp-libvips-darwin-arm64': [ '1.2.4' ],
2523 silly audit   '@img/sharp-libvips-darwin-x64': [ '1.2.4' ],
2523 silly audit   '@img/sharp-libvips-linux-arm': [ '1.2.4' ],
2523 silly audit   '@img/sharp-libvips-linux-arm64': [ '1.2.4' ],
2523 silly audit   '@img/sharp-libvips-linux-ppc64': [ '1.2.4' ],
2523 silly audit   '@img/sharp-libvips-linux-riscv64': [ '1.2.4' ],
2523 silly audit   '@img/sharp-libvips-linux-s390x': [ '1.2.4' ],
2523 silly audit   '@img/sharp-libvips-linux-x64': [ '1.2.4' ],
2523 silly audit   '@img/sharp-libvips-linuxmusl-arm64': [ '1.2.4' ],
2523 silly audit   '@img/sharp-libvips-linuxmusl-x64': [ '1.2.4' ],
2523 silly audit   '@img/sharp-linux-arm': [ '0.34.5' ],
2523 silly audit   '@img/sharp-linux-arm64': [ '0.34.5' ],
2523 silly audit   '@img/sharp-linux-ppc64': [ '0.34.5' ],
2523 silly audit   '@img/sharp-linux-riscv64': [ '0.34.5' ],
2523 silly audit   '@img/sharp-linux-s390x': [ '0.34.5' ],
2523 silly audit   '@img/sharp-linux-x64': [ '0.34.5' ],
2523 silly audit   '@img/sharp-linuxmusl-arm64': [ '0.34.5' ],
2523 silly audit   '@img/sharp-linuxmusl-x64': [ '0.34.5' ],
2523 silly audit   '@img/sharp-wasm32': [ '0.34.5' ],
2523 silly audit   '@img/sharp-win32-arm64': [ '0.34.5' ],
2523 silly audit   '@img/sharp-win32-ia32': [ '0.34.5' ],
2523 silly audit   '@img/sharp-win32-x64': [ '0.34.5' ],
2523 silly audit   '@emnapi/runtime': [ '1.11.3', '1.10.0' ],
2523 silly audit   'shebang-regex': [ '3.0.0' ],
2523 silly audit   'side-channel-list': [ '1.0.1' ],
2523 silly audit   'side-channel-map': [ '1.0.1' ],
2523 silly audit   'side-channel-weakmap': [ '1.0.2' ],
2523 silly audit   'client-only': [ '0.0.1' ],
2523 silly audit   'has-flag': [ '4.0.0' ],
2523 silly audit   fdir: [ '6.5.0' ],
2523 silly audit   'is-number': [ '7.0.0' ],
2523 silly audit   '@types/json5': [ '0.0.29' ],
2523 silly audit   minimist: [ '1.2.8' ],
2523 silly audit   'strip-bom': [ '3.0.0' ],
2523 silly audit   'for-each': [ '0.3.5' ],
2523 silly audit   'reflect.getprototypeof': [ '1.0.10' ],
2523 silly audit   'which-builtin-type': [ '1.2.1' ],
2523 silly audit   '@typescript-eslint/eslint-plugin': [ '8.70.0' ],
2523 silly audit   '@typescript-eslint/parser': [ '8.70.0' ],
2523 silly audit   '@typescript-eslint/typescript-estree': [ '8.70.0' ],
2523 silly audit   '@typescript-eslint/utils': [ '8.70.0' ],
2523 silly audit   '@typescript-eslint/scope-manager': [ '8.70.0' ],
2523 silly audit   '@typescript-eslint/type-utils': [ '8.70.0' ],
2523 silly audit   '@typescript-eslint/visitor-keys': [ '8.70.0' ],
2523 silly audit   'ts-api-utils': [ '2.5.0' ],
2523 silly audit   '@typescript-eslint/types': [ '8.70.0' ],
2523 silly audit   '@typescript-eslint/project-service': [ '8.70.0' ],
2523 silly audit   '@typescript-eslint/tsconfig-utils': [ '8.70.0' ],
2523 silly audit   'has-bigints': [ '1.1.0' ],
2523 silly audit   'which-boxed-primitive': [ '1.1.1' ],
2523 silly audit   '@unrs/resolver-binding-android-arm-eabi': [ '1.12.2' ],
2523 silly audit   '@unrs/resolver-binding-android-arm64': [ '1.12.2' ],
2523 silly audit   '@unrs/resolver-binding-darwin-arm64': [ '1.12.2' ],
2523 silly audit   '@unrs/resolver-binding-darwin-x64': [ '1.12.2' ],
2523 silly audit   '@unrs/resolver-binding-freebsd-x64': [ '1.12.2' ],
2523 silly audit   '@unrs/resolver-binding-linux-arm-gnueabihf': [ '1.12.2' ],
2523 silly audit   '@unrs/resolver-binding-linux-arm-musleabihf': [ '1.12.2' ],
2523 silly audit   '@unrs/resolver-binding-linux-arm64-gnu': [ '1.12.2' ],
2523 silly audit   '@unrs/resolver-binding-linux-arm64-musl': [ '1.12.2' ],
2523 silly audit   '@unrs/resolver-binding-linux-loong64-gnu': [ '1.12.2' ],
2523 silly audit   '@unrs/resolver-binding-linux-loong64-musl': [ '1.12.2' ],
2523 silly audit   '@unrs/resolver-binding-linux-ppc64-gnu': [ '1.12.2' ],
2523 silly audit   '@unrs/resolver-binding-linux-riscv64-gnu': [ '1.12.2' ],
2523 silly audit   '@unrs/resolver-binding-linux-riscv64-musl': [ '1.12.2' ],
2523 silly audit   '@unrs/resolver-binding-linux-s390x-gnu': [ '1.12.2' ],
2523 silly audit   '@unrs/resolver-binding-linux-x64-gnu': [ '1.12.2' ],
2523 silly audit   '@unrs/resolver-binding-linux-x64-musl': [ '1.12.2' ],
2523 silly audit   '@unrs/resolver-binding-openharmony-arm64': [ '1.12.2' ],
2523 silly audit   '@unrs/resolver-binding-wasm32-wasi': [ '1.12.2' ],
2523 silly audit   '@unrs/resolver-binding-win32-arm64-msvc': [ '1.12.2' ],
2523 silly audit   '@unrs/resolver-binding-win32-ia32-msvc': [ '1.12.2' ],
2523 silly audit   '@unrs/resolver-binding-win32-x64-msvc': [ '1.12.2' ],
2523 silly audit   'napi-postinstall': [ '0.3.4' ],
2523 silly audit   '@emnapi/core': [ '1.10.0' ],
2523 silly audit   '@napi-rs/wasm-runtime': [ '1.2.4' ],
2523 silly audit   '@emnapi/wasi-threads': [ '1.2.1' ],
2523 silly audit   '@tybys/wasm-util': [ '0.10.4' ],
2523 silly audit   escalade: [ '3.2.0' ],
2523 silly audit   punycode: [ '2.3.1' ],
2523 silly audit   isexe: [ '2.0.0' ],
2523 silly audit   'is-bigint': [ '1.1.0' ],
2523 silly audit   'is-boolean-object': [ '1.2.2' ],
2523 silly audit   'is-number-object': [ '1.1.1' ],
2523 silly audit   'is-async-function': [ '2.1.1' ],
2523 silly audit   'is-finalizationregistry': [ '1.1.1' ],
2523 silly audit   'is-generator-function': [ '1.1.2' ],
2523 silly audit   'which-collection': [ '1.0.2' ],
2523 silly audit   'async-function': [ '1.0.0' ],
2523 silly audit   'generator-function': [ '2.0.1' ],
2523 silly audit   'is-map': [ '2.0.3' ],
2523 silly audit   'is-weakmap': [ '2.0.2' ],
2523 silly audit   'is-weakset': [ '2.0.4' ],
2523 silly audit   '@tailwindcss/oxide-wasm32-wasi': [ '4.3.3' ]
2523 silly audit }
2524 verbose reify failed optional dependency /home/ubuntu/frontend/node_modules/@unrs/resolver-binding-win32-x64-msvc
2525 silly reify mark deleted [
2525 silly reify   '/home/ubuntu/frontend/node_modules/@unrs/resolver-binding-win32-x64-msvc'
2525 silly reify ]
2526 verbose reify failed optional dependency /home/ubuntu/frontend/node_modules/@unrs/resolver-binding-win32-ia32-msvc
2527 silly reify mark deleted [
2527 silly reify   '/home/ubuntu/frontend/node_modules/@unrs/resolver-binding-win32-ia32-msvc'
2527 silly reify ]
2528 verbose reify failed optional dependency /home/ubuntu/frontend/node_modules/@unrs/resolver-binding-win32-arm64-msvc
2529 silly reify mark deleted [
2529 silly reify   '/home/ubuntu/frontend/node_modules/@unrs/resolver-binding-win32-arm64-msvc'
2529 silly reify ]
2530 verbose reify failed optional dependency /home/ubuntu/frontend/node_modules/@unrs/resolver-binding-wasm32-wasi
2531 silly reify mark deleted [
2531 silly reify   '/home/ubuntu/frontend/node_modules/@unrs/resolver-binding-wasm32-wasi'
2531 silly reify ]
2532 verbose reify failed optional dependency /home/ubuntu/frontend/node_modules/@unrs/resolver-binding-wasm32-wasi/node_modules/@emnapi/runtime
2533 silly reify mark deleted [
2533 silly reify   '/home/ubuntu/frontend/node_modules/@unrs/resolver-binding-wasm32-wasi/node_modules/@emnapi/runtime'
2533 silly reify ]
2534 verbose reify failed optional dependency /home/ubuntu/frontend/node_modules/@unrs/resolver-binding-openharmony-arm64
2535 silly reify mark deleted [
2535 silly reify   '/home/ubuntu/frontend/node_modules/@unrs/resolver-binding-openharmony-arm64'
2535 silly reify ]
2536 verbose reify failed optional dependency /home/ubuntu/frontend/node_modules/@unrs/resolver-binding-linux-x64-musl
2537 silly reify mark deleted [
2537 silly reify   '/home/ubuntu/frontend/node_modules/@unrs/resolver-binding-linux-x64-musl'
2537 silly reify ]
2538 verbose reify failed optional dependency /home/ubuntu/frontend/node_modules/@unrs/resolver-binding-linux-s390x-gnu
2539 silly reify mark deleted [
2539 silly reify   '/home/ubuntu/frontend/node_modules/@unrs/resolver-binding-linux-s390x-gnu'
2539 silly reify ]
2540 verbose reify failed optional dependency /home/ubuntu/frontend/node_modules/@unrs/resolver-binding-linux-riscv64-musl
2541 silly reify mark deleted [
2541 silly reify   '/home/ubuntu/frontend/node_modules/@unrs/resolver-binding-linux-riscv64-musl'
2541 silly reify ]
2542 verbose reify failed optional dependency /home/ubuntu/frontend/node_modules/@unrs/resolver-binding-linux-riscv64-gnu
2543 silly reify mark deleted [
2543 silly reify   '/home/ubuntu/frontend/node_modules/@unrs/resolver-binding-linux-riscv64-gnu'
2543 silly reify ]
2544 verbose reify failed optional dependency /home/ubuntu/frontend/node_modules/@unrs/resolver-binding-linux-ppc64-gnu
2545 silly reify mark deleted [
2545 silly reify   '/home/ubuntu/frontend/node_modules/@unrs/resolver-binding-linux-ppc64-gnu'
2545 silly reify ]
2546 verbose reify failed optional dependency /home/ubuntu/frontend/node_modules/@unrs/resolver-binding-linux-loong64-musl
2547 silly reify mark deleted [
2547 silly reify   '/home/ubuntu/frontend/node_modules/@unrs/resolver-binding-linux-loong64-musl'
2547 silly reify ]
2548 verbose reify failed optional dependency /home/ubuntu/frontend/node_modules/@unrs/resolver-binding-linux-loong64-gnu
2549 silly reify mark deleted [
2549 silly reify   '/home/ubuntu/frontend/node_modules/@unrs/resolver-binding-linux-loong64-gnu'
2549 silly reify ]
2550 verbose reify failed optional dependency /home/ubuntu/frontend/node_modules/@unrs/resolver-binding-linux-arm64-musl
2551 silly reify mark deleted [
2551 silly reify   '/home/ubuntu/frontend/node_modules/@unrs/resolver-binding-linux-arm64-musl'
2551 silly reify ]
2552 verbose reify failed optional dependency /home/ubuntu/frontend/node_modules/@unrs/resolver-binding-linux-arm64-gnu
2553 silly reify mark deleted [
2553 silly reify   '/home/ubuntu/frontend/node_modules/@unrs/resolver-binding-linux-arm64-gnu'
2553 silly reify ]
2554 verbose reify failed optional dependency /home/ubuntu/frontend/node_modules/@unrs/resolver-binding-linux-arm-musleabihf
2555 silly reify mark deleted [
2555 silly reify   '/home/ubuntu/frontend/node_modules/@unrs/resolver-binding-linux-arm-musleabihf'
2555 silly reify ]
2556 verbose reify failed optional dependency /home/ubuntu/frontend/node_modules/@unrs/resolver-binding-linux-arm-gnueabihf
2557 silly reify mark deleted [
2557 silly reify   '/home/ubuntu/frontend/node_modules/@unrs/resolver-binding-linux-arm-gnueabihf'
2557 silly reify ]
2558 verbose reify failed optional dependency /home/ubuntu/frontend/node_modules/@unrs/resolver-binding-freebsd-x64
2559 silly reify mark deleted [
2559 silly reify   '/home/ubuntu/frontend/node_modules/@unrs/resolver-binding-freebsd-x64'
2559 silly reify ]
2560 verbose reify failed optional dependency /home/ubuntu/frontend/node_modules/@unrs/resolver-binding-darwin-x64
2561 silly reify mark deleted [
2561 silly reify   '/home/ubuntu/frontend/node_modules/@unrs/resolver-binding-darwin-x64'
2561 silly reify ]
2562 verbose reify failed optional dependency /home/ubuntu/frontend/node_modules/@unrs/resolver-binding-darwin-arm64
2563 silly reify mark deleted [
2563 silly reify   '/home/ubuntu/frontend/node_modules/@unrs/resolver-binding-darwin-arm64'
2563 silly reify ]
2564 verbose reify failed optional dependency /home/ubuntu/frontend/node_modules/@unrs/resolver-binding-android-arm64
2565 silly reify mark deleted [
2565 silly reify   '/home/ubuntu/frontend/node_modules/@unrs/resolver-binding-android-arm64'
2565 silly reify ]
2566 verbose reify failed optional dependency /home/ubuntu/frontend/node_modules/@unrs/resolver-binding-android-arm-eabi
2567 silly reify mark deleted [
2567 silly reify   '/home/ubuntu/frontend/node_modules/@unrs/resolver-binding-android-arm-eabi'
2567 silly reify ]
2568 verbose reify failed optional dependency /home/ubuntu/frontend/node_modules/@img/sharp-win32-x64
2569 silly reify mark deleted [ '/home/ubuntu/frontend/node_modules/@img/sharp-win32-x64' ]
2570 verbose reify failed optional dependency /home/ubuntu/frontend/node_modules/@img/sharp-win32-ia32
2571 silly reify mark deleted [ '/home/ubuntu/frontend/node_modules/@img/sharp-win32-ia32' ]
2572 verbose reify failed optional dependency /home/ubuntu/frontend/node_modules/@img/sharp-win32-arm64
2573 silly reify mark deleted [ '/home/ubuntu/frontend/node_modules/@img/sharp-win32-arm64' ]
2574 verbose reify failed optional dependency /home/ubuntu/frontend/node_modules/@img/sharp-wasm32
2575 silly reify mark deleted [ '/home/ubuntu/frontend/node_modules/@img/sharp-wasm32' ]
2576 verbose reify failed optional dependency /home/ubuntu/frontend/node_modules/@img/sharp-linuxmusl-x64
2577 silly reify mark deleted [ '/home/ubuntu/frontend/node_modules/@img/sharp-linuxmusl-x64' ]
2578 verbose reify failed optional dependency /home/ubuntu/frontend/node_modules/@img/sharp-linuxmusl-arm64
2579 silly reify mark deleted [ '/home/ubuntu/frontend/node_modules/@img/sharp-linuxmusl-arm64' ]
2580 verbose reify failed optional dependency /home/ubuntu/frontend/node_modules/@img/sharp-linux-s390x
2581 silly reify mark deleted [ '/home/ubuntu/frontend/node_modules/@img/sharp-linux-s390x' ]
2582 verbose reify failed optional dependency /home/ubuntu/frontend/node_modules/@img/sharp-linux-riscv64
2583 silly reify mark deleted [ '/home/ubuntu/frontend/node_modules/@img/sharp-linux-riscv64' ]
2584 verbose reify failed optional dependency /home/ubuntu/frontend/node_modules/@img/sharp-linux-ppc64
2585 silly reify mark deleted [ '/home/ubuntu/frontend/node_modules/@img/sharp-linux-ppc64' ]
2586 verbose reify failed optional dependency /home/ubuntu/frontend/node_modules/@img/sharp-linux-arm64
2587 silly reify mark deleted [ '/home/ubuntu/frontend/node_modules/@img/sharp-linux-arm64' ]
2588 verbose reify failed optional dependency /home/ubuntu/frontend/node_modules/@img/sharp-linux-arm
2589 silly reify mark deleted [ '/home/ubuntu/frontend/node_modules/@img/sharp-linux-arm' ]
2590 verbose reify failed optional dependency /home/ubuntu/frontend/node_modules/@img/sharp-libvips-linuxmusl-x64
2591 silly reify mark deleted [
2591 silly reify   '/home/ubuntu/frontend/node_modules/@img/sharp-libvips-linuxmusl-x64'
2591 silly reify ]
2592 verbose reify failed optional dependency /home/ubuntu/frontend/node_modules/@img/sharp-libvips-linuxmusl-arm64
2593 silly reify mark deleted [
2593 silly reify   '/home/ubuntu/frontend/node_modules/@img/sharp-libvips-linuxmusl-arm64'
2593 silly reify ]
2594 verbose reify failed optional dependency /home/ubuntu/frontend/node_modules/@img/sharp-libvips-linux-s390x
2595 silly reify mark deleted [ '/home/ubuntu/frontend/node_modules/@img/sharp-libvips-linux-s390x' ]
2596 verbose reify failed optional dependency /home/ubuntu/frontend/node_modules/@img/sharp-libvips-linux-riscv64
2597 silly reify mark deleted [
2597 silly reify   '/home/ubuntu/frontend/node_modules/@img/sharp-libvips-linux-riscv64'
2597 silly reify ]
2598 verbose reify failed optional dependency /home/ubuntu/frontend/node_modules/@img/sharp-libvips-linux-ppc64
2599 silly reify mark deleted [ '/home/ubuntu/frontend/node_modules/@img/sharp-libvips-linux-ppc64' ]
2600 verbose reify failed optional dependency /home/ubuntu/frontend/node_modules/@img/sharp-libvips-linux-arm64
2601 silly reify mark deleted [ '/home/ubuntu/frontend/node_modules/@img/sharp-libvips-linux-arm64' ]
2602 verbose reify failed optional dependency /home/ubuntu/frontend/node_modules/@img/sharp-libvips-linux-arm
2603 silly reify mark deleted [ '/home/ubuntu/frontend/node_modules/@img/sharp-libvips-linux-arm' ]
2604 verbose reify failed optional dependency /home/ubuntu/frontend/node_modules/@img/sharp-libvips-darwin-x64
2605 silly reify mark deleted [ '/home/ubuntu/frontend/node_modules/@img/sharp-libvips-darwin-x64' ]
2606 verbose reify failed optional dependency /home/ubuntu/frontend/node_modules/@img/sharp-libvips-darwin-arm64
2607 silly reify mark deleted [
2607 silly reify   '/home/ubuntu/frontend/node_modules/@img/sharp-libvips-darwin-arm64'
2607 silly reify ]
2608 verbose reify failed optional dependency /home/ubuntu/frontend/node_modules/@img/sharp-darwin-x64
2609 silly reify mark deleted [ '/home/ubuntu/frontend/node_modules/@img/sharp-darwin-x64' ]
2610 verbose reify failed optional dependency /home/ubuntu/frontend/node_modules/@img/sharp-darwin-arm64
2611 silly reify mark deleted [ '/home/ubuntu/frontend/node_modules/@img/sharp-darwin-arm64' ]
2612 verbose reify failed optional dependency /home/ubuntu/frontend/node_modules/@next/swc-win32-x64-msvc
2613 silly reify mark deleted [ '/home/ubuntu/frontend/node_modules/@next/swc-win32-x64-msvc' ]
2614 verbose reify failed optional dependency /home/ubuntu/frontend/node_modules/@next/swc-win32-arm64-msvc
2615 silly reify mark deleted [ '/home/ubuntu/frontend/node_modules/@next/swc-win32-arm64-msvc' ]
2616 verbose reify failed optional dependency /home/ubuntu/frontend/node_modules/@next/swc-linux-x64-musl
2617 silly reify mark deleted [ '/home/ubuntu/frontend/node_modules/@next/swc-linux-x64-musl' ]
2618 verbose reify failed optional dependency /home/ubuntu/frontend/node_modules/@next/swc-linux-arm64-musl
2619 silly reify mark deleted [ '/home/ubuntu/frontend/node_modules/@next/swc-linux-arm64-musl' ]
2620 verbose reify failed optional dependency /home/ubuntu/frontend/node_modules/@next/swc-linux-arm64-gnu
2621 silly reify mark deleted [ '/home/ubuntu/frontend/node_modules/@next/swc-linux-arm64-gnu' ]
2622 verbose reify failed optional dependency /home/ubuntu/frontend/node_modules/@next/swc-darwin-x64
2623 silly reify mark deleted [ '/home/ubuntu/frontend/node_modules/@next/swc-darwin-x64' ]
2624 verbose reify failed optional dependency /home/ubuntu/frontend/node_modules/@next/swc-darwin-arm64
2625 silly reify mark deleted [ '/home/ubuntu/frontend/node_modules/@next/swc-darwin-arm64' ]
2626 verbose reify failed optional dependency /home/ubuntu/frontend/node_modules/lightningcss-win32-x64-msvc
2627 silly reify mark deleted [ '/home/ubuntu/frontend/node_modules/lightningcss-win32-x64-msvc' ]
2628 verbose reify failed optional dependency /home/ubuntu/frontend/node_modules/lightningcss-win32-arm64-msvc
2629 silly reify mark deleted [ '/home/ubuntu/frontend/node_modules/lightningcss-win32-arm64-msvc' ]
2630 verbose reify failed optional dependency /home/ubuntu/frontend/node_modules/lightningcss-linux-x64-musl
2631 silly reify mark deleted [ '/home/ubuntu/frontend/node_modules/lightningcss-linux-x64-musl' ]
2632 verbose reify failed optional dependency /home/ubuntu/frontend/node_modules/lightningcss-linux-arm64-musl
2633 silly reify mark deleted [ '/home/ubuntu/frontend/node_modules/lightningcss-linux-arm64-musl' ]
2634 verbose reify failed optional dependency /home/ubuntu/frontend/node_modules/lightningcss-linux-arm64-gnu
2635 silly reify mark deleted [ '/home/ubuntu/frontend/node_modules/lightningcss-linux-arm64-gnu' ]
2636 verbose reify failed optional dependency /home/ubuntu/frontend/node_modules/lightningcss-linux-arm-gnueabihf
2637 silly reify mark deleted [
2637 silly reify   '/home/ubuntu/frontend/node_modules/lightningcss-linux-arm-gnueabihf'
2637 silly reify ]
2638 verbose reify failed optional dependency /home/ubuntu/frontend/node_modules/lightningcss-freebsd-x64
2639 silly reify mark deleted [ '/home/ubuntu/frontend/node_modules/lightningcss-freebsd-x64' ]
2640 verbose reify failed optional dependency /home/ubuntu/frontend/node_modules/lightningcss-darwin-x64
2641 silly reify mark deleted [ '/home/ubuntu/frontend/node_modules/lightningcss-darwin-x64' ]
2642 verbose reify failed optional dependency /home/ubuntu/frontend/node_modules/lightningcss-darwin-arm64
2643 silly reify mark deleted [ '/home/ubuntu/frontend/node_modules/lightningcss-darwin-arm64' ]
2644 verbose reify failed optional dependency /home/ubuntu/frontend/node_modules/lightningcss-android-arm64
2645 silly reify mark deleted [ '/home/ubuntu/frontend/node_modules/lightningcss-android-arm64' ]
2646 verbose reify failed optional dependency /home/ubuntu/frontend/node_modules/@tailwindcss/oxide-win32-x64-msvc
2647 silly reify mark deleted [
2647 silly reify   '/home/ubuntu/frontend/node_modules/@tailwindcss/oxide-win32-x64-msvc'
2647 silly reify ]
2648 verbose reify failed optional dependency /home/ubuntu/frontend/node_modules/@tailwindcss/oxide-win32-arm64-msvc
2649 silly reify mark deleted [
2649 silly reify   '/home/ubuntu/frontend/node_modules/@tailwindcss/oxide-win32-arm64-msvc'
2649 silly reify ]
2650 verbose reify failed optional dependency /home/ubuntu/frontend/node_modules/@tailwindcss/oxide-linux-x64-musl
2651 silly reify mark deleted [
2651 silly reify   '/home/ubuntu/frontend/node_modules/@tailwindcss/oxide-linux-x64-musl'
2651 silly reify ]
2652 verbose reify failed optional dependency /home/ubuntu/frontend/node_modules/@tailwindcss/oxide-linux-arm64-musl
2653 silly reify mark deleted [
2653 silly reify   '/home/ubuntu/frontend/node_modules/@tailwindcss/oxide-linux-arm64-musl'
2653 silly reify ]
2654 verbose reify failed optional dependency /home/ubuntu/frontend/node_modules/@tailwindcss/oxide-linux-arm64-gnu
2655 silly reify mark deleted [
2655 silly reify   '/home/ubuntu/frontend/node_modules/@tailwindcss/oxide-linux-arm64-gnu'
2655 silly reify ]
2656 verbose reify failed optional dependency /home/ubuntu/frontend/node_modules/@tailwindcss/oxide-linux-arm-gnueabihf
2657 silly reify mark deleted [
2657 silly reify   '/home/ubuntu/frontend/node_modules/@tailwindcss/oxide-linux-arm-gnueabihf'
2657 silly reify ]
2658 verbose reify failed optional dependency /home/ubuntu/frontend/node_modules/@tailwindcss/oxide-freebsd-x64
2659 silly reify mark deleted [ '/home/ubuntu/frontend/node_modules/@tailwindcss/oxide-freebsd-x64' ]
2660 verbose reify failed optional dependency /home/ubuntu/frontend/node_modules/@tailwindcss/oxide-darwin-x64
2661 silly reify mark deleted [ '/home/ubuntu/frontend/node_modules/@tailwindcss/oxide-darwin-x64' ]
2662 verbose reify failed optional dependency /home/ubuntu/frontend/node_modules/@tailwindcss/oxide-darwin-arm64
2663 silly reify mark deleted [
2663 silly reify   '/home/ubuntu/frontend/node_modules/@tailwindcss/oxide-darwin-arm64'
2663 silly reify ]
2664 verbose reify failed optional dependency /home/ubuntu/frontend/node_modules/@tailwindcss/oxide-android-arm64
2665 silly reify mark deleted [
2665 silly reify   '/home/ubuntu/frontend/node_modules/@tailwindcss/oxide-android-arm64'
2665 silly reify ]
2666 silly tarball no local data for is-weakset@https://registry.npmjs.org/is-weakset/-/is-weakset-2.0.4.tgz. Extracting by manifest.
2667 silly tarball no local data for is-weakmap@https://registry.npmjs.org/is-weakmap/-/is-weakmap-2.0.2.tgz. Extracting by manifest.
2668 silly tarball no local data for is-map@https://registry.npmjs.org/is-map/-/is-map-2.0.3.tgz. Extracting by manifest.
2669 silly tarball no local data for generator-function@https://registry.npmjs.org/generator-function/-/generator-function-2.0.1.tgz. Extracting by manifest.
2670 silly tarball no local data for async-function@https://registry.npmjs.org/async-function/-/async-function-1.0.0.tgz. Extracting by manifest.
2671 silly tarball no local data for which-collection@https://registry.npmjs.org/which-collection/-/which-collection-1.0.2.tgz. Extracting by manifest.
2672 silly tarball no local data for is-finalizationregistry@https://registry.npmjs.org/is-finalizationregistry/-/is-finalizationregistry-1.1.1.tgz. Extracting by manifest.
2673 silly tarball no local data for is-async-function@https://registry.npmjs.org/is-async-function/-/is-async-function-2.1.1.tgz. Extracting by manifest.
2674 silly tarball no local data for is-generator-function@https://registry.npmjs.org/is-generator-function/-/is-generator-function-1.1.2.tgz. Extracting by manifest.
2675 silly tarball no local data for is-number-object@https://registry.npmjs.org/is-number-object/-/is-number-object-1.1.1.tgz. Extracting by manifest.
2676 silly tarball no local data for is-boolean-object@https://registry.npmjs.org/is-boolean-object/-/is-boolean-object-1.2.2.tgz. Extracting by manifest.
2677 silly tarball no local data for is-bigint@https://registry.npmjs.org/is-bigint/-/is-bigint-1.1.0.tgz. Extracting by manifest.
2678 silly tarball no local data for isexe@https://registry.npmjs.org/isexe/-/isexe-2.0.0.tgz. Extracting by manifest.
2679 silly tarball no local data for punycode@https://registry.npmjs.org/punycode/-/punycode-2.3.1.tgz. Extracting by manifest.
2680 silly tarball no local data for escalade@https://registry.npmjs.org/escalade/-/escalade-3.2.0.tgz. Extracting by manifest.
2681 silly tarball no local data for @tybys/wasm-util@https://registry.npmjs.org/@tybys/wasm-util/-/wasm-util-0.10.4.tgz. Extracting by manifest.
2682 silly tarball no local data for @emnapi/wasi-threads@https://registry.npmjs.org/@emnapi/wasi-threads/-/wasi-threads-1.2.1.tgz. Extracting by manifest.
2683 silly tarball no local data for @napi-rs/wasm-runtime@https://registry.npmjs.org/@napi-rs/wasm-runtime/-/wasm-runtime-1.2.4.tgz. Extracting by manifest.
2684 silly tarball no local data for @emnapi/core@https://registry.npmjs.org/@emnapi/core/-/core-1.10.0.tgz. Extracting by manifest.
2685 silly tarball no local data for @unrs/resolver-binding-linux-x64-gnu@https://registry.npmjs.org/@unrs/resolver-binding-linux-x64-gnu/-/resolver-binding-linux-x64-gnu-1.12.2.tgz. Extracting by manifest.
2686 silly tarball no local data for has-bigints@https://registry.npmjs.org/has-bigints/-/has-bigints-1.1.0.tgz. Extracting by manifest.
2687 silly tarball no local data for @typescript-eslint/tsconfig-utils@https://registry.npmjs.org/@typescript-eslint/tsconfig-utils/-/tsconfig-utils-8.70.0.tgz. Extracting by manifest.
2688 silly tarball no local data for napi-postinstall@https://registry.npmjs.org/napi-postinstall/-/napi-postinstall-0.3.4.tgz. Extracting by manifest.
2689 silly tarball no local data for @typescript-eslint/types@https://registry.npmjs.org/@typescript-eslint/types/-/types-8.70.0.tgz. Extracting by manifest.
2690 silly tarball no local data for ts-api-utils@https://registry.npmjs.org/ts-api-utils/-/ts-api-utils-2.5.0.tgz. Extracting by manifest.
2691 silly tarball no local data for which-boxed-primitive@https://registry.npmjs.org/which-boxed-primitive/-/which-boxed-primitive-1.1.1.tgz. Extracting by manifest.
2692 silly tarball no local data for @typescript-eslint/visitor-keys@https://registry.npmjs.org/@typescript-eslint/visitor-keys/-/visitor-keys-8.70.0.tgz. Extracting by manifest.
2693 silly tarball no local data for @typescript-eslint/project-service@https://registry.npmjs.org/@typescript-eslint/project-service/-/project-service-8.70.0.tgz. Extracting by manifest.
2694 silly tarball no local data for @typescript-eslint/utils@https://registry.npmjs.org/@typescript-eslint/utils/-/utils-8.70.0.tgz. Extracting by manifest.
2695 silly tarball no local data for @typescript-eslint/typescript-estree@https://registry.npmjs.org/@typescript-eslint/typescript-estree/-/typescript-estree-8.70.0.tgz. Extracting by manifest.
2696 silly tarball no local data for @typescript-eslint/parser@https://registry.npmjs.org/@typescript-eslint/parser/-/parser-8.70.0.tgz. Extracting by manifest.
2697 silly tarball no local data for @typescript-eslint/type-utils@https://registry.npmjs.org/@typescript-eslint/type-utils/-/type-utils-8.70.0.tgz. Extracting by manifest.
2698 silly tarball no local data for which-builtin-type@https://registry.npmjs.org/which-builtin-type/-/which-builtin-type-1.2.1.tgz. Extracting by manifest.
2699 silly tarball no local data for @typescript-eslint/scope-manager@https://registry.npmjs.org/@typescript-eslint/scope-manager/-/scope-manager-8.70.0.tgz. Extracting by manifest.
2700 silly tarball no local data for reflect.getprototypeof@https://registry.npmjs.org/reflect.getprototypeof/-/reflect.getprototypeof-1.0.10.tgz. Extracting by manifest.
2701 silly tarball no local data for for-each@https://registry.npmjs.org/for-each/-/for-each-0.3.5.tgz. Extracting by manifest.
2702 silly tarball no local data for strip-bom@https://registry.npmjs.org/strip-bom/-/strip-bom-3.0.0.tgz. Extracting by manifest.
2703 silly tarball no local data for minimist@https://registry.npmjs.org/minimist/-/minimist-1.2.8.tgz. Extracting by manifest.
2704 silly tarball no local data for @typescript-eslint/eslint-plugin@https://registry.npmjs.org/@typescript-eslint/eslint-plugin/-/eslint-plugin-8.70.0.tgz. Extracting by manifest.
2705 silly tarball no local data for @types/json5@https://registry.npmjs.org/@types/json5/-/json5-0.0.29.tgz. Extracting by manifest.
2706 silly tarball no local data for is-number@https://registry.npmjs.org/is-number/-/is-number-7.0.0.tgz. Extracting by manifest.
2707 silly tarball no local data for has-flag@https://registry.npmjs.org/has-flag/-/has-flag-4.0.0.tgz. Extracting by manifest.
2708 silly tarball no local data for client-only@https://registry.npmjs.org/client-only/-/client-only-0.0.1.tgz. Extracting by manifest.
2709 silly tarball no local data for side-channel-weakmap@https://registry.npmjs.org/side-channel-weakmap/-/side-channel-weakmap-1.0.2.tgz. Extracting by manifest.
2710 silly tarball no local data for side-channel-map@https://registry.npmjs.org/side-channel-map/-/side-channel-map-1.0.1.tgz. Extracting by manifest.
2711 silly tarball no local data for side-channel-list@https://registry.npmjs.org/side-channel-list/-/side-channel-list-1.0.1.tgz. Extracting by manifest.
2712 silly tarball no local data for @emnapi/runtime@https://registry.npmjs.org/@emnapi/runtime/-/runtime-1.11.3.tgz. Extracting by manifest.
2713 silly tarball no local data for @img/sharp-linux-x64@https://registry.npmjs.org/@img/sharp-linux-x64/-/sharp-linux-x64-0.34.5.tgz. Extracting by manifest.
2714 silly tarball no local data for @img/sharp-libvips-linux-x64@https://registry.npmjs.org/@img/sharp-libvips-linux-x64/-/sharp-libvips-linux-x64-1.2.4.tgz. Extracting by manifest.
2715 silly tarball no local data for @img/colour@https://registry.npmjs.org/@img/colour/-/colour-1.1.0.tgz. Extracting by manifest.
2716 silly tarball no local data for shebang-regex@https://registry.npmjs.org/shebang-regex/-/shebang-regex-3.0.0.tgz. Extracting by manifest.
2717 silly tarball no local data for isarray@https://registry.npmjs.org/isarray/-/isarray-2.0.5.tgz. Extracting by manifest.
2718 silly tarball no local data for queue-microtask@https://registry.npmjs.org/queue-microtask/-/queue-microtask-1.2.3.tgz. Extracting by manifest.
2719 silly tarball no local data for supports-preserve-symlinks-flag@https://registry.npmjs.org/supports-preserve-symlinks-flag/-/supports-preserve-symlinks-flag-1.0.0.tgz. Extracting by manifest.
2720 silly tarball no local data for path-parse@https://registry.npmjs.org/path-parse/-/path-parse-1.0.7.tgz. Extracting by manifest.
2721 silly tarball no local data for node-exports-info@https://registry.npmjs.org/node-exports-info/-/node-exports-info-1.6.2.tgz. Extracting by manifest.
2722 silly tarball no local data for scheduler@https://registry.npmjs.org/scheduler/-/scheduler-0.27.0.tgz. Extracting by manifest.
2723 silly tarball no local data for react-is@https://registry.npmjs.org/react-is/-/react-is-16.13.1.tgz. Extracting by manifest.
2724 silly tarball no local data for object-assign@https://registry.npmjs.org/object-assign/-/object-assign-4.1.1.tgz. Extracting by manifest.
2725 silly tarball no local data for nanoid@https://registry.npmjs.org/nanoid/-/nanoid-3.3.19.tgz. Extracting by manifest.
2726 silly tarball no local data for callsites@https://registry.npmjs.org/callsites/-/callsites-3.1.0.tgz. Extracting by manifest.
2727 silly tarball no local data for yocto-queue@https://registry.npmjs.org/yocto-queue/-/yocto-queue-0.1.0.tgz. Extracting by manifest.
2728 silly tarball no local data for p-limit@https://registry.npmjs.org/p-limit/-/p-limit-3.1.0.tgz. Extracting by manifest.
2729 silly tarball no local data for word-wrap@https://registry.npmjs.org/word-wrap/-/word-wrap-1.2.5.tgz. Extracting by manifest.
2730 silly tarball no local data for fast-levenshtein@https://registry.npmjs.org/fast-levenshtein/-/fast-levenshtein-2.0.6.tgz. Extracting by manifest.
2731 silly tarball no local data for loose-envify@https://registry.npmjs.org/loose-envify/-/loose-envify-1.4.0.tgz. Extracting by manifest.
2732 silly tarball no local data for deep-is@https://registry.npmjs.org/deep-is/-/deep-is-0.1.4.tgz. Extracting by manifest.
2733 silly tarball no local data for styled-jsx@https://registry.npmjs.org/styled-jsx/-/styled-jsx-5.1.6.tgz. Extracting by manifest.
2734 silly tarball no local data for sharp@https://registry.npmjs.org/sharp/-/sharp-0.34.5.tgz. Extracting by manifest.
2735 silly tarball no local data for @swc/helpers@https://registry.npmjs.org/@swc/helpers/-/helpers-0.5.15.tgz. Extracting by manifest.
2736 silly tarball no local data for @next/swc-linux-x64-gnu@https://registry.npmjs.org/@next/swc-linux-x64-gnu/-/swc-linux-x64-gnu-16.1.6.tgz. Extracting by manifest.
2737 silly tarball no local data for @next/env@https://registry.npmjs.org/@next/env/-/env-16.1.6.tgz. Extracting by manifest.
2738 silly tarball no local data for concat-map@https://registry.npmjs.org/concat-map/-/concat-map-0.0.1.tgz. Extracting by manifest.
2739 silly tarball no local data for balanced-match@https://registry.npmjs.org/balanced-match/-/balanced-match-1.0.2.tgz. Extracting by manifest.
2740 silly tarball no local data for brace-expansion@https://registry.npmjs.org/brace-expansion/-/brace-expansion-1.1.21.tgz. Extracting by manifest.
2741 silly tarball no local data for mime-db@https://registry.npmjs.org/mime-db/-/mime-db-1.52.0.tgz. Extracting by manifest.
2742 silly tarball no local data for to-regex-range@https://registry.npmjs.org/to-regex-range/-/to-regex-range-5.0.1.tgz. Extracting by manifest.
2743 silly tarball no local data for fill-range@https://registry.npmjs.org/fill-range/-/fill-range-7.1.1.tgz. Extracting by manifest.
2744 silly tarball no local data for picomatch@https://registry.npmjs.org/picomatch/-/picomatch-2.3.2.tgz. Extracting by manifest.
2745 silly tarball no local data for braces@https://registry.npmjs.org/braces/-/braces-3.0.3.tgz. Extracting by manifest.
2746 silly tarball no local data for yallist@https://registry.npmjs.org/yallist/-/yallist-3.1.1.tgz. Extracting by manifest.
2747 silly tarball no local data for p-locate@https://registry.npmjs.org/p-locate/-/p-locate-5.0.0.tgz. Extracting by manifest.
2748 silly tarball no local data for lightningcss-linux-x64-gnu@https://registry.npmjs.org/lightningcss-linux-x64-gnu/-/lightningcss-linux-x64-gnu-1.32.0.tgz. Extracting by manifest.
2749 silly tarball no local data for detect-libc@https://registry.npmjs.org/detect-libc/-/detect-libc-2.1.2.tgz. Extracting by manifest.
2750 silly tarball no local data for type-check@https://registry.npmjs.org/type-check/-/type-check-0.4.0.tgz. Extracting by manifest.
2751 silly tarball no local data for prelude-ls@https://registry.npmjs.org/prelude-ls/-/prelude-ls-1.2.1.tgz. Extracting by manifest.
2752 silly tarball no local data for language-subtag-registry@https://registry.npmjs.org/language-subtag-registry/-/language-subtag-registry-0.3.23.tgz. Extracting by manifest.
2753 silly tarball no local data for is-extglob@https://registry.npmjs.org/is-extglob/-/is-extglob-2.1.1.tgz. Extracting by manifest.
2754 silly tarball no local data for set-function-name@https://registry.npmjs.org/set-function-name/-/set-function-name-2.0.2.tgz. Extracting by manifest.
2755 silly tarball no local data for json-buffer@https://registry.npmjs.org/json-buffer/-/json-buffer-3.0.1.tgz. Extracting by manifest.
2756 silly tarball no local data for argparse@https://registry.npmjs.org/argparse/-/argparse-2.0.1.tgz. Extracting by manifest.
2757 silly tarball no local data for side-channel@https://registry.npmjs.org/side-channel/-/side-channel-1.1.1.tgz. Extracting by manifest.
2758 silly tarball no local data for parent-module@https://registry.npmjs.org/parent-module/-/parent-module-1.0.1.tgz. Extracting by manifest.
2759 silly tarball no local data for agent-base@https://registry.npmjs.org/agent-base/-/agent-base-6.0.2.tgz. Extracting by manifest.
2760 silly tarball no local data for hermes-estree@https://registry.npmjs.org/hermes-estree/-/hermes-estree-0.25.1.tgz. Extracting by manifest.
2761 silly tarball no local data for resolve-pkg-maps@https://registry.npmjs.org/resolve-pkg-maps/-/resolve-pkg-maps-1.0.0.tgz. Extracting by manifest.
2762 silly tarball no local data for resolve-from@https://registry.npmjs.org/resolve-from/-/resolve-from-4.0.0.tgz. Extracting by manifest.
2763 silly tarball no local data for dunder-proto@https://registry.npmjs.org/dunder-proto/-/dunder-proto-1.0.1.tgz. Extracting by manifest.
2764 silly tarball no local data for is-document.all@https://registry.npmjs.org/is-document.all/-/is-document.all-1.0.0.tgz. Extracting by manifest.
2765 silly tarball no local data for functions-have-names@https://registry.npmjs.org/functions-have-names/-/functions-have-names-1.2.3.tgz. Extracting by manifest.
2766 silly tarball no local data for tslib@https://registry.npmjs.org/tslib/-/tslib-2.8.1.tgz. Extracting by manifest.
2767 silly tarball no local data for motion-utils@https://registry.npmjs.org/motion-utils/-/motion-utils-12.39.0.tgz. Extracting by manifest.
2768 silly tarball no local data for motion-dom@https://registry.npmjs.org/motion-dom/-/motion-dom-12.43.0.tgz. Extracting by manifest.
2769 silly tarball no local data for mime-types@https://registry.npmjs.org/mime-types/-/mime-types-2.1.35.tgz. Extracting by manifest.
2770 silly tarball no local data for combined-stream@https://registry.npmjs.org/combined-stream/-/combined-stream-1.0.8.tgz. Extracting by manifest.
2771 silly tarball no local data for asynckit@https://registry.npmjs.org/asynckit/-/asynckit-0.4.0.tgz. Extracting by manifest.
2772 silly tarball no local data for keyv@https://registry.npmjs.org/keyv/-/keyv-4.5.4.tgz. Extracting by manifest.
2773 silly tarball no local data for flatted@https://registry.npmjs.org/flatted/-/flatted-3.4.4.tgz. Extracting by manifest.
2774 silly tarball no local data for path-exists@https://registry.npmjs.org/path-exists/-/path-exists-4.0.0.tgz. Extracting by manifest.
2775 silly tarball no local data for delayed-stream@https://registry.npmjs.org/delayed-stream/-/delayed-stream-1.0.0.tgz. Extracting by manifest.
2776 silly tarball no local data for locate-path@https://registry.npmjs.org/locate-path/-/locate-path-6.0.0.tgz. Extracting by manifest.
2777 silly tarball no local data for reusify@https://registry.npmjs.org/reusify/-/reusify-1.1.0.tgz. Extracting by manifest.
2778 silly tarball no local data for run-parallel@https://registry.npmjs.org/run-parallel/-/run-parallel-1.2.0.tgz. Extracting by manifest.
2779 silly tarball no local data for fastq@https://registry.npmjs.org/fastq/-/fastq-1.20.3.tgz. Extracting by manifest.
2780 silly tarball no local data for @nodelib/fs.scandir@https://registry.npmjs.org/@nodelib/fs.scandir/-/fs.scandir-2.1.5.tgz. Extracting by manifest.
2781 silly tarball no local data for micromatch@https://registry.npmjs.org/micromatch/-/micromatch-4.0.8.tgz. Extracting by manifest.
2782 silly tarball no local data for merge2@https://registry.npmjs.org/merge2/-/merge2-1.4.1.tgz. Extracting by manifest.
2783 silly tarball no local data for flat-cache@https://registry.npmjs.org/flat-cache/-/flat-cache-4.0.1.tgz. Extracting by manifest.
2784 silly tarball no local data for @nodelib/fs.walk@https://registry.npmjs.org/@nodelib/fs.walk/-/fs.walk-1.2.8.tgz. Extracting by manifest.
2785 silly tarball no local data for @nodelib/fs.stat@https://registry.npmjs.org/@nodelib/fs.stat/-/fs.stat-2.0.5.tgz. Extracting by manifest.
2786 silly tarball no local data for acorn-jsx@https://registry.npmjs.org/acorn-jsx/-/acorn-jsx-5.3.2.tgz. Extracting by manifest.
2787 silly tarball no local data for acorn@https://registry.npmjs.org/acorn/-/acorn-8.18.0.tgz. Extracting by manifest.
2788 silly tarball no local data for esrecurse@https://registry.npmjs.org/esrecurse/-/esrecurse-4.3.0.tgz. Extracting by manifest.
2789 silly tarball no local data for @babel/helper-string-parser@https://registry.npmjs.org/@babel/helper-string-parser/-/helper-string-parser-7.29.7.tgz. Extracting by manifest.
2790 silly tarball no local data for @babel/helper-globals@https://registry.npmjs.org/@babel/helper-globals/-/helper-globals-7.29.7.tgz. Extracting by manifest.
2791 silly tarball no local data for @babel/helper-module-imports@https://registry.npmjs.org/@babel/helper-module-imports/-/helper-module-imports-7.29.7.tgz. Extracting by manifest.
2792 silly tarball no local data for lru-cache@https://registry.npmjs.org/lru-cache/-/lru-cache-5.1.1.tgz. Extracting by manifest.
2793 silly tarball no local data for @babel/helper-validator-option@https://registry.npmjs.org/@babel/helper-validator-option/-/helper-validator-option-7.29.7.tgz. Extracting by manifest.
2794 silly tarball no local data for @babel/compat-data@https://registry.npmjs.org/@babel/compat-data/-/compat-data-7.29.7.tgz. Extracting by manifest.
2795 silly tarball no local data for jsesc@https://registry.npmjs.org/jsesc/-/jsesc-3.1.0.tgz. Extracting by manifest.
2796 silly tarball no local data for js-tokens@https://registry.npmjs.org/js-tokens/-/js-tokens-4.0.0.tgz. Extracting by manifest.
2797 silly tarball no local data for @babel/helper-validator-identifier@https://registry.npmjs.org/@babel/helper-validator-identifier/-/helper-validator-identifier-7.29.7.tgz. Extracting by manifest.
2798 silly tarball no local data for json5@https://registry.npmjs.org/json5/-/json5-2.2.3.tgz. Extracting by manifest.
2799 silly tarball no local data for gensync@https://registry.npmjs.org/gensync/-/gensync-1.0.0-beta.2.tgz. Extracting by manifest.
2800 silly tarball no local data for convert-source-map@https://registry.npmjs.org/convert-source-map/-/convert-source-map-2.0.0.tgz. Extracting by manifest.
2801 silly tarball no local data for @babel/types@https://registry.npmjs.org/@babel/types/-/types-7.29.8.tgz. Extracting by manifest.
2802 silly tarball no local data for @babel/traverse@https://registry.npmjs.org/@babel/traverse/-/traverse-7.29.8.tgz. Extracting by manifest.
2803 silly tarball no local data for @babel/template@https://registry.npmjs.org/@babel/template/-/template-7.29.7.tgz. Extracting by manifest.
2804 silly tarball no local data for @babel/helpers@https://registry.npmjs.org/@babel/helpers/-/helpers-7.29.7.tgz. Extracting by manifest.
2805 silly tarball no local data for @babel/helper-module-transforms@https://registry.npmjs.org/@babel/helper-module-transforms/-/helper-module-transforms-7.29.7.tgz. Extracting by manifest.
2806 silly tarball no local data for @babel/helper-compilation-targets@https://registry.npmjs.org/@babel/helper-compilation-targets/-/helper-compilation-targets-7.29.7.tgz. Extracting by manifest.
2807 silly tarball no local data for @babel/generator@https://registry.npmjs.org/@babel/generator/-/generator-7.29.8.tgz. Extracting by manifest.
2808 silly tarball no local data for @babel/code-frame@https://registry.npmjs.org/@babel/code-frame/-/code-frame-7.29.7.tgz. Extracting by manifest.
2809 silly tarball no local data for zod-validation-error@https://registry.npmjs.org/zod-validation-error/-/zod-validation-error-4.0.2.tgz. Extracting by manifest.
2810 silly tarball no local data for zod@https://registry.npmjs.org/zod/-/zod-4.6.5.tgz. Extracting by manifest.
2811 silly tarball no local data for hermes-parser@https://registry.npmjs.org/hermes-parser/-/hermes-parser-0.25.1.tgz. Extracting by manifest.
2812 silly tarball no local data for @babel/parser@https://registry.npmjs.org/@babel/parser/-/parser-7.29.8.tgz. Extracting by manifest.
2813 silly tarball no local data for @babel/core@https://registry.npmjs.org/@babel/core/-/core-7.29.7.tgz. Extracting by manifest.
2814 silly tarball no local data for iterator.prototype@https://registry.npmjs.org/iterator.prototype/-/iterator.prototype-1.1.5.tgz. Extracting by manifest.
2815 silly tarball no local data for string.prototype.repeat@https://registry.npmjs.org/string.prototype.repeat/-/string.prototype.repeat-1.0.0.tgz. Extracting by manifest.
2816 silly tarball no local data for string.prototype.matchall@https://registry.npmjs.org/string.prototype.matchall/-/string.prototype.matchall-4.1.0.tgz. Extracting by manifest.
2817 silly tarball no local data for prop-types@https://registry.npmjs.org/prop-types/-/prop-types-15.8.1.tgz. Extracting by manifest.
2818 silly tarball no local data for object.entries@https://registry.npmjs.org/object.entries/-/object.entries-1.1.9.tgz. Extracting by manifest.
2819 silly tarball no local data for estraverse@https://registry.npmjs.org/estraverse/-/estraverse-5.3.0.tgz. Extracting by manifest.
2820 silly tarball no local data for es-iterator-helpers@https://registry.npmjs.org/es-iterator-helpers/-/es-iterator-helpers-1.4.0.tgz. Extracting by manifest.
2821 silly tarball no local data for array.prototype.tosorted@https://registry.npmjs.org/array.prototype.tosorted/-/array.prototype.tosorted-1.1.4.tgz. Extracting by manifest.
2822 silly tarball no local data for array.prototype.findlast@https://registry.npmjs.org/array.prototype.findlast/-/array.prototype.findlast-1.2.5.tgz. Extracting by manifest.
2823 silly tarball no local data for string.prototype.includes@https://registry.npmjs.org/string.prototype.includes/-/string.prototype.includes-2.0.1.tgz. Extracting by manifest.
2824 silly tarball no local data for language-tags@https://registry.npmjs.org/language-tags/-/language-tags-1.0.9.tgz. Extracting by manifest.
2825 silly tarball no local data for jsx-ast-utils@https://registry.npmjs.org/jsx-ast-utils/-/jsx-ast-utils-3.3.5.tgz. Extracting by manifest.
2826 silly tarball no local data for emoji-regex@https://registry.npmjs.org/emoji-regex/-/emoji-regex-9.2.2.tgz. Extracting by manifest.
2827 silly tarball no local data for damerau-levenshtein@https://registry.npmjs.org/damerau-levenshtein/-/damerau-levenshtein-1.0.8.tgz. Extracting by manifest.
2828 silly tarball no local data for axe-core@https://registry.npmjs.org/axe-core/-/axe-core-4.13.0.tgz. Extracting by manifest.
2829 silly tarball no local data for ast-types-flow@https://registry.npmjs.org/ast-types-flow/-/ast-types-flow-0.0.8.tgz. Extracting by manifest.
2830 silly tarball no local data for aria-query@https://registry.npmjs.org/aria-query/-/aria-query-5.3.2.tgz. Extracting by manifest.
2831 silly tarball no local data for is-symbol@https://registry.npmjs.org/is-symbol/-/is-symbol-1.1.1.tgz. Extracting by manifest.
2832 silly tarball no local data for is-date-object@https://registry.npmjs.org/is-date-object/-/is-date-object-1.1.0.tgz. Extracting by manifest.
2833 silly tarball no local data for es-abstract-get@https://registry.npmjs.org/es-abstract-get/-/es-abstract-get-1.0.0.tgz. Extracting by manifest.
2834 silly tarball no local data for axobject-query@https://registry.npmjs.org/axobject-query/-/axobject-query-4.1.0.tgz. Extracting by manifest.
2835 silly tarball no local data for has-tostringtag@https://registry.npmjs.org/has-tostringtag/-/has-tostringtag-1.0.2.tgz. Extracting by manifest.
2836 silly tarball no local data for possible-typed-array-names@https://registry.npmjs.org/possible-typed-array-names/-/possible-typed-array-names-1.1.0.tgz. Extracting by manifest.
2837 silly tarball no local data for unbox-primitive@https://registry.npmjs.org/unbox-primitive/-/unbox-primitive-1.1.0.tgz. Extracting by manifest.
2838 silly tarball no local data for which-typed-array@https://registry.npmjs.org/which-typed-array/-/which-typed-array-1.1.22.tgz. Extracting by manifest.
2839 silly tarball no local data for typed-array-length@https://registry.npmjs.org/typed-array-length/-/typed-array-length-1.0.8.tgz. Extracting by manifest.
2840 silly tarball no local data for typed-array-byte-length@https://registry.npmjs.org/typed-array-byte-length/-/typed-array-byte-length-1.0.3.tgz. Extracting by manifest.
2841 silly tarball no local data for typed-array-buffer@https://registry.npmjs.org/typed-array-buffer/-/typed-array-buffer-1.0.3.tgz. Extracting by manifest.
2842 silly tarball no local data for string.prototype.trimstart@https://registry.npmjs.org/string.prototype.trimstart/-/string.prototype.trimstart-1.0.8.tgz. Extracting by manifest.
2843 silly tarball no local data for string.prototype.trim@https://registry.npmjs.org/string.prototype.trim/-/string.prototype.trim-1.2.11.tgz. Extracting by manifest.
2844 silly tarball no local data for stop-iteration-iterator@https://registry.npmjs.org/stop-iteration-iterator/-/stop-iteration-iterator-1.1.0.tgz. Extracting by manifest.
2845 silly tarball no local data for set-proto@https://registry.npmjs.org/set-proto/-/set-proto-1.0.0.tgz. Extracting by manifest.
2846 silly tarball no local data for typed-array-byte-offset@https://registry.npmjs.org/typed-array-byte-offset/-/typed-array-byte-offset-1.0.4.tgz. Extracting by manifest.
2847 silly tarball no local data for safe-push-apply@https://registry.npmjs.org/safe-push-apply/-/safe-push-apply-1.0.0.tgz. Extracting by manifest.
2848 silly tarball no local data for safe-array-concat@https://registry.npmjs.org/safe-array-concat/-/safe-array-concat-1.1.4.tgz. Extracting by manifest.
2849 silly tarball no local data for regexp.prototype.flags@https://registry.npmjs.org/regexp.prototype.flags/-/regexp.prototype.flags-1.5.4.tgz. Extracting by manifest.
2850 silly tarball no local data for own-keys@https://registry.npmjs.org/own-keys/-/own-keys-1.0.2.tgz. Extracting by manifest.
2851 silly tarball no local data for object.assign@https://registry.npmjs.org/object.assign/-/object.assign-4.1.7.tgz. Extracting by manifest.
2852 silly tarball no local data for safe-regex-test@https://registry.npmjs.org/safe-regex-test/-/safe-regex-test-1.1.0.tgz. Extracting by manifest.
2853 silly tarball no local data for object-inspect@https://registry.npmjs.org/object-inspect/-/object-inspect-1.13.4.tgz. Extracting by manifest.
2854 silly tarball no local data for is-weakref@https://registry.npmjs.org/is-weakref/-/is-weakref-1.1.1.tgz. Extracting by manifest.
2855 silly tarball no local data for is-typed-array@https://registry.npmjs.org/is-typed-array/-/is-typed-array-1.1.15.tgz. Extracting by manifest.
2856 silly tarball no local data for is-shared-array-buffer@https://registry.npmjs.org/is-shared-array-buffer/-/is-shared-array-buffer-1.0.4.tgz. Extracting by manifest.
2857 silly tarball no local data for is-set@https://registry.npmjs.org/is-set/-/is-set-2.0.3.tgz. Extracting by manifest.
2858 silly tarball no local data for is-regex@https://registry.npmjs.org/is-regex/-/is-regex-1.2.1.tgz. Extracting by manifest.
2859 silly tarball no local data for is-negative-zero@https://registry.npmjs.org/is-negative-zero/-/is-negative-zero-2.0.3.tgz. Extracting by manifest.
2860 silly tarball no local data for is-data-view@https://registry.npmjs.org/is-data-view/-/is-data-view-1.0.2.tgz. Extracting by manifest.
2861 silly tarball no local data for is-callable@https://registry.npmjs.org/is-callable/-/is-callable-1.2.7.tgz. Extracting by manifest.
2862 silly tarball no local data for is-array-buffer@https://registry.npmjs.org/is-array-buffer/-/is-array-buffer-3.0.5.tgz. Extracting by manifest.
2863 silly tarball no local data for internal-slot@https://registry.npmjs.org/internal-slot/-/internal-slot-1.1.0.tgz. Extracting by manifest.
2864 silly tarball no local data for has-symbols@https://registry.npmjs.org/has-symbols/-/has-symbols-1.1.0.tgz. Extracting by manifest.
2865 silly tarball no local data for has-proto@https://registry.npmjs.org/has-proto/-/has-proto-1.2.0.tgz. Extracting by manifest.
2866 silly tarball no local data for globalthis@https://registry.npmjs.org/globalthis/-/globalthis-1.0.4.tgz. Extracting by manifest.
2867 silly tarball no local data for get-symbol-description@https://registry.npmjs.org/get-symbol-description/-/get-symbol-description-1.1.0.tgz. Extracting by manifest.
2868 silly tarball no local data for get-proto@https://registry.npmjs.org/get-proto/-/get-proto-1.0.1.tgz. Extracting by manifest.
2869 silly tarball no local data for function.prototype.name@https://registry.npmjs.org/function.prototype.name/-/function.prototype.name-1.2.0.tgz. Extracting by manifest.
2870 silly tarball no local data for es-to-primitive@https://registry.npmjs.org/es-to-primitive/-/es-to-primitive-1.3.4.tgz. Extracting by manifest.
2871 silly tarball no local data for es-set-tostringtag@https://registry.npmjs.org/es-set-tostringtag/-/es-set-tostringtag-2.1.0.tgz. Extracting by manifest.
2872 silly tarball no local data for data-view-byte-offset@https://registry.npmjs.org/data-view-byte-offset/-/data-view-byte-offset-1.0.1.tgz. Extracting by manifest.
2873 silly tarball no local data for data-view-byte-length@https://registry.npmjs.org/data-view-byte-length/-/data-view-byte-length-1.0.2.tgz. Extracting by manifest.
2874 silly tarball no local data for data-view-buffer@https://registry.npmjs.org/data-view-buffer/-/data-view-buffer-1.0.2.tgz. Extracting by manifest.
2875 silly tarball no local data for available-typed-arrays@https://registry.npmjs.org/available-typed-arrays/-/available-typed-arrays-1.0.7.tgz. Extracting by manifest.
2876 silly tarball no local data for arraybuffer.prototype.slice@https://registry.npmjs.org/arraybuffer.prototype.slice/-/arraybuffer.prototype.slice-1.0.4.tgz. Extracting by manifest.
2877 silly tarball no local data for array-buffer-byte-length@https://registry.npmjs.org/array-buffer-byte-length/-/array-buffer-byte-length-1.0.2.tgz. Extracting by manifest.
2878 silly tarball no local data for gopd@https://registry.npmjs.org/gopd/-/gopd-1.2.0.tgz. Extracting by manifest.
2879 silly tarball no local data for object-keys@https://registry.npmjs.org/object-keys/-/object-keys-1.1.1.tgz. Extracting by manifest.
2880 silly tarball no local data for has-property-descriptors@https://registry.npmjs.org/has-property-descriptors/-/has-property-descriptors-1.0.2.tgz. Extracting by manifest.
2881 silly tarball no local data for define-data-property@https://registry.npmjs.org/define-data-property/-/define-data-property-1.1.4.tgz. Extracting by manifest.
2882 silly tarball no local data for function-bind@https://registry.npmjs.org/function-bind/-/function-bind-1.1.2.tgz. Extracting by manifest.
2883 silly tarball no local data for set-function-length@https://registry.npmjs.org/set-function-length/-/set-function-length-1.2.2.tgz. Extracting by manifest.
2884 silly tarball no local data for get-intrinsic@https://registry.npmjs.org/get-intrinsic/-/get-intrinsic-1.3.0.tgz. Extracting by manifest.
2885 silly tarball no local data for es-define-property@https://registry.npmjs.org/es-define-property/-/es-define-property-1.0.1.tgz. Extracting by manifest.
2886 silly tarball no local data for call-bind-apply-helpers@https://registry.npmjs.org/call-bind-apply-helpers/-/call-bind-apply-helpers-1.0.2.tgz. Extracting by manifest.
2887 silly tarball no local data for es-errors@https://registry.npmjs.org/es-errors/-/es-errors-1.3.0.tgz. Extracting by manifest.
2888 silly tarball no local data for math-intrinsics@https://registry.npmjs.org/math-intrinsics/-/math-intrinsics-1.1.0.tgz. Extracting by manifest.
2889 silly tarball no local data for is-string@https://registry.npmjs.org/is-string/-/is-string-1.1.1.tgz. Extracting by manifest.
2890 silly tarball no local data for es-shim-unscopables@https://registry.npmjs.org/es-shim-unscopables/-/es-shim-unscopables-1.1.0.tgz. Extracting by manifest.
2891 silly tarball no local data for es-object-atoms@https://registry.npmjs.org/es-object-atoms/-/es-object-atoms-1.1.2.tgz. Extracting by manifest.
2892 silly tarball no local data for es-abstract@https://registry.npmjs.org/es-abstract/-/es-abstract-1.24.2.tgz. Extracting by manifest.
2893 silly tarball no local data for define-properties@https://registry.npmjs.org/define-properties/-/define-properties-1.2.1.tgz. Extracting by manifest.
2894 silly tarball no local data for call-bound@https://registry.npmjs.org/call-bound/-/call-bound-1.0.4.tgz. Extracting by manifest.
2895 silly tarball no local data for call-bind@https://registry.npmjs.org/call-bind/-/call-bind-1.0.9.tgz. Extracting by manifest.
2896 silly tarball no local data for tsconfig-paths@https://registry.npmjs.org/tsconfig-paths/-/tsconfig-paths-3.15.0.tgz. Extracting by manifest.
2897 silly tarball no local data for string.prototype.trimend@https://registry.npmjs.org/string.prototype.trimend/-/string.prototype.trimend-1.0.10.tgz. Extracting by manifest.
2898 silly tarball no local data for semver@https://registry.npmjs.org/semver/-/semver-6.3.1.tgz. Extracting by manifest.
2899 silly tarball no local data for object.values@https://registry.npmjs.org/object.values/-/object.values-1.2.1.tgz. Extracting by manifest.
2900 silly tarball no local data for object.groupby@https://registry.npmjs.org/object.groupby/-/object.groupby-1.0.3.tgz. Extracting by manifest.
2901 silly tarball no local data for object.fromentries@https://registry.npmjs.org/object.fromentries/-/object.fromentries-2.0.8.tgz. Extracting by manifest.
2902 silly tarball no local data for hasown@https://registry.npmjs.org/hasown/-/hasown-2.0.4.tgz. Extracting by manifest.
2903 silly tarball no local data for eslint-module-utils@https://registry.npmjs.org/eslint-module-utils/-/eslint-module-utils-2.14.0.tgz. Extracting by manifest.
2904 silly tarball no local data for array.prototype.flatmap@https://registry.npmjs.org/array.prototype.flatmap/-/array.prototype.flatmap-1.3.3.tgz. Extracting by manifest.
2905 silly tarball no local data for array.prototype.flat@https://registry.npmjs.org/array.prototype.flat/-/array.prototype.flat-1.3.3.tgz. Extracting by manifest.
2906 silly tarball no local data for doctrine@https://registry.npmjs.org/doctrine/-/doctrine-2.1.0.tgz. Extracting by manifest.
2907 silly tarball no local data for array.prototype.findlastindex@https://registry.npmjs.org/array.prototype.findlastindex/-/array.prototype.findlastindex-1.2.6.tgz. Extracting by manifest.
2908 silly tarball no local data for array-includes@https://registry.npmjs.org/array-includes/-/array-includes-3.2.0.tgz. Extracting by manifest.
2909 silly tarball no local data for @rtsao/scc@https://registry.npmjs.org/@rtsao/scc/-/scc-1.1.0.tgz. Extracting by manifest.
2910 silly tarball no local data for unrs-resolver@https://registry.npmjs.org/unrs-resolver/-/unrs-resolver-1.12.2.tgz. Extracting by manifest.
2911 silly tarball no local data for tinyglobby@https://registry.npmjs.org/tinyglobby/-/tinyglobby-0.2.17.tgz. Extracting by manifest.
2912 silly tarball no local data for stable-hash@https://registry.npmjs.org/stable-hash/-/stable-hash-0.0.5.tgz. Extracting by manifest.
2913 silly tarball no local data for is-bun-module@https://registry.npmjs.org/is-bun-module/-/is-bun-module-2.0.0.tgz. Extracting by manifest.
2914 silly tarball no local data for get-tsconfig@https://registry.npmjs.org/get-tsconfig/-/get-tsconfig-4.14.3.tgz. Extracting by manifest.
2915 silly tarball no local data for @nolyfill/is-core-module@https://registry.npmjs.org/@nolyfill/is-core-module/-/is-core-module-1.0.39.tgz. Extracting by manifest.
2916 silly tarball no local data for resolve@https://registry.npmjs.org/resolve/-/resolve-2.0.0-next.7.tgz. Extracting by manifest.
2917 silly tarball no local data for is-core-module@https://registry.npmjs.org/is-core-module/-/is-core-module-2.16.2.tgz. Extracting by manifest.
2918 silly tarball no local data for fast-glob@https://registry.npmjs.org/fast-glob/-/fast-glob-3.3.1.tgz. Extracting by manifest.
2919 silly tarball no local data for typescript-eslint@https://registry.npmjs.org/typescript-eslint/-/typescript-eslint-8.70.0.tgz. Extracting by manifest.
2920 silly tarball no local data for eslint-plugin-react-hooks@https://registry.npmjs.org/eslint-plugin-react-hooks/-/eslint-plugin-react-hooks-7.1.1.tgz. Extracting by manifest.
2921 silly tarball no local data for eslint-plugin-react@https://registry.npmjs.org/eslint-plugin-react/-/eslint-plugin-react-7.37.5.tgz. Extracting by manifest.
2922 silly tarball no local data for eslint-plugin-jsx-a11y@https://registry.npmjs.org/eslint-plugin-jsx-a11y/-/eslint-plugin-jsx-a11y-6.10.2.tgz. Extracting by manifest.
2923 silly tarball no local data for eslint-plugin-import@https://registry.npmjs.org/eslint-plugin-import/-/eslint-plugin-import-2.32.0.tgz. Extracting by manifest.
2924 silly tarball no local data for eslint-import-resolver-typescript@https://registry.npmjs.org/eslint-import-resolver-typescript/-/eslint-import-resolver-typescript-3.10.1.tgz. Extracting by manifest.
2925 silly tarball no local data for eslint-import-resolver-node@https://registry.npmjs.org/eslint-import-resolver-node/-/eslint-import-resolver-node-0.3.10.tgz. Extracting by manifest.
2926 silly tarball no local data for @next/eslint-plugin-next@https://registry.npmjs.org/@next/eslint-plugin-next/-/eslint-plugin-next-16.1.6.tgz. Extracting by manifest.
2927 silly tarball no local data for ms@https://registry.npmjs.org/ms/-/ms-2.1.3.tgz. Extracting by manifest.
2928 silly tarball no local data for which@https://registry.npmjs.org/which/-/which-2.0.2.tgz. Extracting by manifest.
2929 silly tarball no local data for shebang-command@https://registry.npmjs.org/shebang-command/-/shebang-command-2.0.0.tgz. Extracting by manifest.
2930 silly tarball no local data for path-key@https://registry.npmjs.org/path-key/-/path-key-3.1.1.tgz. Extracting by manifest.
2931 silly tarball no local data for color-name@https://registry.npmjs.org/color-name/-/color-name-1.1.4.tgz. Extracting by manifest.
2932 silly tarball no local data for color-convert@https://registry.npmjs.org/color-convert/-/color-convert-2.0.1.tgz. Extracting by manifest.
2933 silly tarball no local data for ansi-styles@https://registry.npmjs.org/ansi-styles/-/ansi-styles-4.3.0.tgz. Extracting by manifest.
2934 silly tarball no local data for uri-js@https://registry.npmjs.org/uri-js/-/uri-js-4.4.1.tgz. Extracting by manifest.
2935 silly tarball no local data for json-schema-traverse@https://registry.npmjs.org/json-schema-traverse/-/json-schema-traverse-0.4.1.tgz. Extracting by manifest.
2936 silly tarball no local data for fast-json-stable-stringify@https://registry.npmjs.org/fast-json-stable-stringify/-/fast-json-stable-stringify-2.1.0.tgz. Extracting by manifest.
2937 silly tarball no local data for @humanfs/types@https://registry.npmjs.org/@humanfs/types/-/types-0.15.0.tgz. Extracting by manifest.
2938 silly tarball no local data for supports-color@https://registry.npmjs.org/supports-color/-/supports-color-7.2.0.tgz. Extracting by manifest.
2939 silly tarball no local data for levn@https://registry.npmjs.org/levn/-/levn-0.4.1.tgz. Extracting by manifest.
2940 silly tarball no local data for strip-json-comments@https://registry.npmjs.org/strip-json-comments/-/strip-json-comments-3.1.1.tgz. Extracting by manifest.
2941 silly tarball no local data for js-yaml@https://registry.npmjs.org/js-yaml/-/js-yaml-4.3.2.tgz. Extracting by manifest.
2942 silly tarball no local data for import-fresh@https://registry.npmjs.org/import-fresh/-/import-fresh-3.3.1.tgz. Extracting by manifest.
2943 silly tarball no local data for globals@https://registry.npmjs.org/globals/-/globals-14.0.0.tgz. Extracting by manifest.
2944 silly tarball no local data for @humanfs/core@https://registry.npmjs.org/@humanfs/core/-/core-0.19.2.tgz. Extracting by manifest.
2945 silly tarball no local data for @types/json-schema@https://registry.npmjs.org/@types/json-schema/-/json-schema-7.0.15.tgz. Extracting by manifest.
2946 silly tarball no local data for @eslint/object-schema@https://registry.npmjs.org/@eslint/object-schema/-/object-schema-2.1.7.tgz. Extracting by manifest.
2947 silly tarball no local data for optionator@https://registry.npmjs.org/optionator/-/optionator-0.9.4.tgz. Extracting by manifest.
2948 silly tarball no local data for natural-compare@https://registry.npmjs.org/natural-compare/-/natural-compare-1.4.0.tgz. Extracting by manifest.
2949 silly tarball no local data for minimatch@https://registry.npmjs.org/minimatch/-/minimatch-3.1.5.tgz. Extracting by manifest.
2950 silly tarball no local data for lodash.merge@https://registry.npmjs.org/lodash.merge/-/lodash.merge-4.6.2.tgz. Extracting by manifest.
2951 silly tarball no local data for json-stable-stringify-without-jsonify@https://registry.npmjs.org/json-stable-stringify-without-jsonify/-/json-stable-stringify-without-jsonify-1.0.1.tgz. Extracting by manifest.
2952 silly tarball no local data for is-glob@https://registry.npmjs.org/is-glob/-/is-glob-4.0.3.tgz. Extracting by manifest.
2953 silly tarball no local data for imurmurhash@https://registry.npmjs.org/imurmurhash/-/imurmurhash-0.1.4.tgz. Extracting by manifest.
2954 silly tarball no local data for ignore@https://registry.npmjs.org/ignore/-/ignore-5.3.2.tgz. Extracting by manifest.
2955 silly tarball no local data for glob-parent@https://registry.npmjs.org/glob-parent/-/glob-parent-6.0.2.tgz. Extracting by manifest.
2956 silly tarball no local data for find-up@https://registry.npmjs.org/find-up/-/find-up-5.0.0.tgz. Extracting by manifest.
2957 silly tarball no local data for file-entry-cache@https://registry.npmjs.org/file-entry-cache/-/file-entry-cache-8.0.0.tgz. Extracting by manifest.
2958 silly tarball no local data for fast-deep-equal@https://registry.npmjs.org/fast-deep-equal/-/fast-deep-equal-3.1.3.tgz. Extracting by manifest.
2959 silly tarball no local data for esutils@https://registry.npmjs.org/esutils/-/esutils-2.0.3.tgz. Extracting by manifest.
2960 silly tarball no local data for esquery@https://registry.npmjs.org/esquery/-/esquery-1.7.0.tgz. Extracting by manifest.
2961 silly tarball no local data for espree@https://registry.npmjs.org/espree/-/espree-10.4.0.tgz. Extracting by manifest.
2962 silly tarball no local data for eslint-visitor-keys@https://registry.npmjs.org/eslint-visitor-keys/-/eslint-visitor-keys-4.2.1.tgz. Extracting by manifest.
2963 silly tarball no local data for eslint-scope@https://registry.npmjs.org/eslint-scope/-/eslint-scope-8.4.0.tgz. Extracting by manifest.
2964 silly tarball no local data for debug@https://registry.npmjs.org/debug/-/debug-4.4.3.tgz. Extracting by manifest.
2965 silly tarball no local data for cross-spawn@https://registry.npmjs.org/cross-spawn/-/cross-spawn-7.0.6.tgz. Extracting by manifest.
2966 silly tarball no local data for chalk@https://registry.npmjs.org/chalk/-/chalk-4.1.2.tgz. Extracting by manifest.
2967 silly tarball no local data for ajv@https://registry.npmjs.org/ajv/-/ajv-6.15.0.tgz. Extracting by manifest.
2968 silly tarball no local data for @types/estree@https://registry.npmjs.org/@types/estree/-/estree-1.0.9.tgz. Extracting by manifest.
2969 silly tarball no local data for @humanwhocodes/retry@https://registry.npmjs.org/@humanwhocodes/retry/-/retry-0.4.3.tgz. Extracting by manifest.
2970 silly tarball no local data for escape-string-regexp@https://registry.npmjs.org/escape-string-regexp/-/escape-string-regexp-4.0.0.tgz. Extracting by manifest.
2971 silly tarball no local data for @humanwhocodes/module-importer@https://registry.npmjs.org/@humanwhocodes/module-importer/-/module-importer-1.0.1.tgz. Extracting by manifest.
2972 silly tarball no local data for @humanfs/node@https://registry.npmjs.org/@humanfs/node/-/node-0.16.8.tgz. Extracting by manifest.
2973 silly tarball no local data for @eslint/plugin-kit@https://registry.npmjs.org/@eslint/plugin-kit/-/plugin-kit-0.4.1.tgz. Extracting by manifest.
2974 silly tarball no local data for @eslint/js@https://registry.npmjs.org/@eslint/js/-/js-9.39.5.tgz. Extracting by manifest.
2975 silly tarball no local data for @eslint/eslintrc@https://registry.npmjs.org/@eslint/eslintrc/-/eslintrc-3.3.7.tgz. Extracting by manifest.
2976 silly tarball no local data for @eslint/core@https://registry.npmjs.org/@eslint/core/-/core-0.17.0.tgz. Extracting by manifest.
2977 silly tarball no local data for @eslint/config-helpers@https://registry.npmjs.org/@eslint/config-helpers/-/config-helpers-0.4.2.tgz. Extracting by manifest.
2978 silly tarball no local data for @eslint/config-array@https://registry.npmjs.org/@eslint/config-array/-/config-array-0.21.2.tgz. Extracting by manifest.
2979 silly tarball no local data for @eslint-community/regexpp@https://registry.npmjs.org/@eslint-community/regexpp/-/regexpp-4.12.2.tgz. Extracting by manifest.
2980 silly tarball no local data for @eslint-community/eslint-utils@https://registry.npmjs.org/@eslint-community/eslint-utils/-/eslint-utils-4.10.1.tgz. Extracting by manifest.
2981 silly tarball no local data for tapable@https://registry.npmjs.org/tapable/-/tapable-2.3.3.tgz. Extracting by manifest.
2982 silly tarball no local data for graceful-fs@https://registry.npmjs.org/graceful-fs/-/graceful-fs-4.2.11.tgz. Extracting by manifest.
2983 silly tarball no local data for update-browserslist-db@https://registry.npmjs.org/update-browserslist-db/-/update-browserslist-db-1.3.3.tgz. Extracting by manifest.
2984 silly tarball no local data for node-releases@https://registry.npmjs.org/node-releases/-/node-releases-2.0.55.tgz. Extracting by manifest.
2985 silly tarball no local data for electron-to-chromium@https://registry.npmjs.org/electron-to-chromium/-/electron-to-chromium-1.5.430.tgz. Extracting by manifest.
2986 silly tarball no local data for baseline-browser-mapping@https://registry.npmjs.org/baseline-browser-mapping/-/baseline-browser-mapping-2.11.24.tgz. Extracting by manifest.
2987 silly tarball no local data for proxy-from-env@https://registry.npmjs.org/proxy-from-env/-/proxy-from-env-2.1.0.tgz. Extracting by manifest.
2988 silly tarball no local data for https-proxy-agent@https://registry.npmjs.org/https-proxy-agent/-/https-proxy-agent-5.0.1.tgz. Extracting by manifest.
2989 silly tarball no local data for form-data@https://registry.npmjs.org/form-data/-/form-data-4.0.6.tgz. Extracting by manifest.
2990 silly tarball no local data for follow-redirects@https://registry.npmjs.org/follow-redirects/-/follow-redirects-1.16.0.tgz. Extracting by manifest.
2991 silly tarball no local data for postcss-value-parser@https://registry.npmjs.org/postcss-value-parser/-/postcss-value-parser-4.2.0.tgz. Extracting by manifest.
2992 silly tarball no local data for picocolors@https://registry.npmjs.org/picocolors/-/picocolors-1.1.1.tgz. Extracting by manifest.
2993 silly tarball no local data for fraction.js@https://registry.npmjs.org/fraction.js/-/fraction.js-5.3.4.tgz. Extracting by manifest.
2994 silly tarball no local data for caniuse-lite@https://registry.npmjs.org/caniuse-lite/-/caniuse-lite-1.0.30001810.tgz. Extracting by manifest.
2995 silly tarball no local data for browserslist@https://registry.npmjs.org/browserslist/-/browserslist-4.29.0.tgz. Extracting by manifest.
2996 silly tarball no local data for csstype@https://registry.npmjs.org/csstype/-/csstype-3.2.3.tgz. Extracting by manifest.
2997 silly tarball no local data for undici-types@https://registry.npmjs.org/undici-types/-/undici-types-6.21.0.tgz. Extracting by manifest.
2998 silly tarball no local data for @tailwindcss/oxide-linux-x64-gnu@https://registry.npmjs.org/@tailwindcss/oxide-linux-x64-gnu/-/oxide-linux-x64-gnu-4.3.3.tgz. Extracting by manifest.
2999 silly tarball no local data for @jridgewell/resolve-uri@https://registry.npmjs.org/@jridgewell/resolve-uri/-/resolve-uri-3.1.2.tgz. Extracting by manifest.
3000 silly tarball no local data for @jridgewell/sourcemap-codec@https://registry.npmjs.org/@jridgewell/sourcemap-codec/-/sourcemap-codec-1.6.0.tgz. Extracting by manifest.
3001 silly tarball no local data for @jridgewell/trace-mapping@https://registry.npmjs.org/@jridgewell/trace-mapping/-/trace-mapping-0.3.31.tgz. Extracting by manifest.
3002 silly tarball no local data for @jridgewell/gen-mapping@https://registry.npmjs.org/@jridgewell/gen-mapping/-/gen-mapping-0.3.13.tgz. Extracting by manifest.
3003 silly tarball no local data for source-map-js@https://registry.npmjs.org/source-map-js/-/source-map-js-1.2.1.tgz. Extracting by manifest.
3004 silly tarball no local data for magic-string@https://registry.npmjs.org/magic-string/-/magic-string-0.30.21.tgz. Extracting by manifest.
3005 silly tarball no local data for lightningcss@https://registry.npmjs.org/lightningcss/-/lightningcss-1.32.0.tgz. Extracting by manifest.
3006 silly tarball no local data for jiti@https://registry.npmjs.org/jiti/-/jiti-2.7.0.tgz. Extracting by manifest.
3007 silly tarball no local data for enhanced-resolve@https://registry.npmjs.org/enhanced-resolve/-/enhanced-resolve-5.25.1.tgz. Extracting by manifest.
3008 silly tarball no local data for @jridgewell/remapping@https://registry.npmjs.org/@jridgewell/remapping/-/remapping-2.3.5.tgz. Extracting by manifest.
3009 silly tarball no local data for @tailwindcss/oxide@https://registry.npmjs.org/@tailwindcss/oxide/-/oxide-4.3.3.tgz. Extracting by manifest.
3010 silly tarball no local data for @tailwindcss/node@https://registry.npmjs.org/@tailwindcss/node/-/node-4.3.3.tgz. Extracting by manifest.
3011 silly tarball no local data for @alloc/quick-lru@https://registry.npmjs.org/@alloc/quick-lru/-/quick-lru-5.3.0.tgz. Extracting by manifest.
3012 silly tarball no local data for typescript@https://registry.npmjs.org/typescript/-/typescript-5.9.3.tgz. Extracting by manifest.
3013 silly tarball no local data for tailwindcss@https://registry.npmjs.org/tailwindcss/-/tailwindcss-4.3.3.tgz. Extracting by manifest.
3014 silly tarball no local data for tailwind-merge@https://registry.npmjs.org/tailwind-merge/-/tailwind-merge-3.7.0.tgz. Extracting by manifest.
3015 silly tarball no local data for react-dom@https://registry.npmjs.org/react-dom/-/react-dom-19.2.3.tgz. Extracting by manifest.
3016 silly tarball no local data for next@https://registry.npmjs.org/next/-/next-16.1.6.tgz. Extracting by manifest.
3017 silly tarball no local data for react@https://registry.npmjs.org/react/-/react-19.2.3.tgz. Extracting by manifest.
3018 silly tarball no local data for lucide-react@https://registry.npmjs.org/lucide-react/-/lucide-react-0.563.0.tgz. Extracting by manifest.
3019 silly tarball no local data for framer-motion@https://registry.npmjs.org/framer-motion/-/framer-motion-12.43.0.tgz. Extracting by manifest.
3020 silly tarball no local data for eslint-config-next@https://registry.npmjs.org/eslint-config-next/-/eslint-config-next-16.1.6.tgz. Extracting by manifest.
3021 silly tarball no local data for eslint@https://registry.npmjs.org/eslint/-/eslint-9.39.5.tgz. Extracting by manifest.
3022 silly tarball no local data for clsx@https://registry.npmjs.org/clsx/-/clsx-2.1.1.tgz. Extracting by manifest.
3023 silly tarball no local data for axios@https://registry.npmjs.org/axios/-/axios-1.20.0.tgz. Extracting by manifest.
3024 silly tarball no local data for postcss@https://registry.npmjs.org/postcss/-/postcss-8.5.28.tgz. Extracting by manifest.
3025 silly tarball no local data for autoprefixer@https://registry.npmjs.org/autoprefixer/-/autoprefixer-10.6.1.tgz. Extracting by manifest.
3026 silly tarball no local data for @types/react-dom@https://registry.npmjs.org/@types/react-dom/-/react-dom-19.3.0.tgz. Extracting by manifest.
3027 silly tarball no local data for @types/react@https://registry.npmjs.org/@types/react/-/react-19.3.0.tgz. Extracting by manifest.
3028 silly tarball no local data for @types/node@https://registry.npmjs.org/@types/node/-/node-20.19.43.tgz. Extracting by manifest.
3029 silly tarball no local data for @tailwindcss/postcss@https://registry.npmjs.org/@tailwindcss/postcss/-/postcss-4.3.3.tgz. Extracting by manifest.
3030 silly tarball no local data for @emnapi/runtime@https://registry.npmjs.org/@emnapi/runtime/-/runtime-1.10.0.tgz. Extracting by manifest.
3031 silly tarball no local data for eslint-visitor-keys@https://registry.npmjs.org/eslint-visitor-keys/-/eslint-visitor-keys-5.0.1.tgz. Extracting by manifest.
3032 silly tarball no local data for balanced-match@https://registry.npmjs.org/balanced-match/-/balanced-match-4.0.4.tgz. Extracting by manifest.
3033 silly tarball no local data for brace-expansion@https://registry.npmjs.org/brace-expansion/-/brace-expansion-5.0.12.tgz. Extracting by manifest.
3034 silly tarball no local data for semver@https://registry.npmjs.org/semver/-/semver-7.8.5.tgz. Extracting by manifest.
3035 silly tarball no local data for minimatch@https://registry.npmjs.org/minimatch/-/minimatch-10.2.6.tgz. Extracting by manifest.
3036 silly tarball no local data for ignore@https://registry.npmjs.org/ignore/-/ignore-7.0.9.tgz. Extracting by manifest.
3037 silly tarball no local data for semver@https://registry.npmjs.org/semver/-/semver-7.8.5.tgz. Extracting by manifest.
3038 silly tarball no local data for json5@https://registry.npmjs.org/json5/-/json5-1.0.2.tgz. Extracting by manifest.
3039 silly tarball no local data for debug@https://registry.npmjs.org/debug/-/debug-3.2.7.tgz. Extracting by manifest.
3040 silly tarball no local data for picomatch@https://registry.npmjs.org/picomatch/-/picomatch-4.0.7.tgz. Extracting by manifest.
3041 silly tarball no local data for fdir@https://registry.npmjs.org/fdir/-/fdir-6.5.0.tgz. Extracting by manifest.
3042 silly tarball no local data for semver@https://registry.npmjs.org/semver/-/semver-7.8.5.tgz. Extracting by manifest.
3043 silly tarball no local data for glob-parent@https://registry.npmjs.org/glob-parent/-/glob-parent-5.1.2.tgz. Extracting by manifest.
3044 silly tarball no local data for debug@https://registry.npmjs.org/debug/-/debug-3.2.7.tgz. Extracting by manifest.
3045 silly tarball no local data for debug@https://registry.npmjs.org/debug/-/debug-3.2.7.tgz. Extracting by manifest.
3046 silly tarball no local data for eslint-visitor-keys@https://registry.npmjs.org/eslint-visitor-keys/-/eslint-visitor-keys-3.4.3.tgz. Extracting by manifest.
3047 silly tarball no local data for postcss@https://registry.npmjs.org/postcss/-/postcss-8.4.31.tgz. Extracting by manifest.
3048 silly tarball no local data for globals@https://registry.npmjs.org/globals/-/globals-16.4.0.tgz. Extracting by manifest.
3049 http fetch POST 200 https://registry.npmjs.org/-/npm/v1/security/advisories/bulk 1405ms
3050 silly audit report {
3050 silly audit report   postcss: [
3050 silly audit report     {
3050 silly audit report       id: 1130709,
3050 silly audit report       url: 'https://github.com/advisories/GHSA-fxqj-rqcc-2cmp',
3050 silly audit report       title: 'PostCSS: incomplete fix of GHSA-6g55-p6wh-862q — attacker-controlled sourceMappingURL reads arbitrary .map files when `from` is unset',
3050 silly audit report       severity: 'moderate',
3050 silly audit report       vulnerable_versions: '<=8.5.22',
3050 silly audit report       cwe: [Array],
3050 silly audit report       cvss: [Object]
3050 silly audit report     },
3050 silly audit report     {
3050 silly audit report       id: 1117015,
3050 silly audit report       url: 'https://github.com/advisories/GHSA-qx2v-qp2m-jg93',
3050 silly audit report       title: 'PostCSS has XSS via Unescaped </style> in its CSS Stringify Output',
3050 silly audit report       severity: 'moderate',
3050 silly audit report       vulnerable_versions: '<8.5.10',
3050 silly audit report       cwe: [Array],
3050 silly audit report       cvss: [Object]
3050 silly audit report     },
3050 silly audit report     {
3050 silly audit report       id: 1124252,
3050 silly audit report       url: 'https://github.com/advisories/GHSA-6g55-p6wh-862q',
3050 silly audit report       title: 'PostCSS: Arbitrary file read and information disclosure via attacker-controlled sourceMappingURL in CSS comments',
3050 silly audit report       severity: 'high',
3050 silly audit report       vulnerable_versions: '<=8.5.11',
3050 silly audit report       cwe: [Array],
3050 silly audit report       cvss: [Object]
3050 silly audit report     },
3050 silly audit report     {
3050 silly audit report       id: 1139510,
3050 silly audit report       url: 'https://github.com/advisories/GHSA-r28c-9q8g-f849',
3050 silly audit report       title: 'PostCSS: Path Traversal in Previous Source Map Auto-Loading (sourceMappingURL) leads to Arbitrary .map File Disclosure',
3050 silly audit report       severity: 'high',
3050 silly audit report       vulnerable_versions: '<=8.5.17',
3050 silly audit report       cwe: [Array],
3050 silly audit report       cvss: [Object]
3050 silly audit report     }
3050 silly audit report   ],
3050 silly audit report   next: [
3050 silly audit report     {
3050 silly audit report       id: 1117930,
3050 silly audit report       url: 'https://github.com/advisories/GHSA-8h8q-6873-q5fj',
3050 silly audit report       title: 'Next.js Vulnerable to Denial of Service with Server Components',
3050 silly audit report       severity: 'high',
3050 silly audit report       vulnerable_versions: '>=16.0.0 <16.2.5',
3050 silly audit report       cwe: [Array],
3050 silly audit report       cvss: [Object]
3050 silly audit report     },
3050 silly audit report     {
3050 silly audit report       id: 1118938,
3050 silly audit report       url: 'https://github.com/advisories/GHSA-26hh-7cqf-hhc6',
3050 silly audit report       title: 'Next.js has a Middleware / Proxy bypass in App Router applications via segment-prefetch routes - Incomplete Fix Follow-Up',
3050 silly audit report       severity: 'high',
3050 silly audit report       vulnerable_versions: '>=16.0.0 <16.2.6',
3050 silly audit report       cwe: [Array],
3050 silly audit report       cvss: [Object]
3050 silly audit report     },
3050 silly audit report     {
3050 silly audit report       id: 1118941,
3050 silly audit report       url: 'https://github.com/advisories/GHSA-3g8h-86w9-wvmq',
3050 silly audit report       title: "Next.js's Middleware / Proxy redirects can be cache-poisoned",
3050 silly audit report       severity: 'low',
3050 silly audit report       vulnerable_versions: '>=16.0.0 <16.2.5',
3050 silly audit report       cwe: [Array],
3050 silly audit report       cvss: [Object]
3050 silly audit report     },
3050 silly audit report     {
3050 silly audit report       id: 1118943,
3050 silly audit report       url: 'https://github.com/advisories/GHSA-ffhc-5mcf-pf4q',
3050 silly audit report       title: 'Next.js vulnerable to cross-site scripting in App Router applications using CSP nonces',
3050 silly audit report       severity: 'moderate',
3050 silly audit report       vulnerable_versions: '>=16.0.0 <16.2.5',
3050 silly audit report       cwe: [Array],
3050 silly audit report       cvss: [Object]
3050 silly audit report     },
3050 silly audit report     {
3050 silly audit report       id: 1118945,
3050 silly audit report       url: 'https://github.com/advisories/GHSA-vfv6-92ff-j949',
3050 silly audit report       title: 'Next.js vulnerable to cache poisoning via collisions in React Server Component cache-busting',
3050 silly audit report       severity: 'low',
3050 silly audit report       vulnerable_versions: '>=16.0.0 <16.2.5',
3050 silly audit report       cwe: [Array],
3050 silly audit report       cvss: [Object]
3050 silly audit report     },
3050 silly audit report     {
3050 silly audit report       id: 1118947,
3050 silly audit report       url: 'https://github.com/advisories/GHSA-gx5p-jg67-6x7h',
3050 silly audit report       title: 'Next.js has cross-site scripting in beforeInteractive scripts with untrusted input',
3050 silly audit report       severity: 'moderate',
3050 silly audit report       vulnerable_versions: '>=16.0.0 <16.2.5',
3050 silly audit report       cwe: [Array],
3050 silly audit report       cvss: [Object]
3050 silly audit report     },
3050 silly audit report     {
3050 silly audit report       id: 1118949,
3050 silly audit report       url: 'https://github.com/advisories/GHSA-mg66-mrh9-m8jx',
3050 silly audit report       title: 'Next.js vulnerable to Denial of Service via connection exhaustion in applications using Cache Components',
3050 silly audit report       severity: 'high',
3050 silly audit report       vulnerable_versions: '>=16.0.0 <16.2.5',
3050 silly audit report       cwe: [Array],
3050 silly audit report       cvss: [Object]
3050 silly audit report     },
3050 silly audit report     {
3050 silly audit report       id: 1118951,
3050 silly audit report       url: 'https://github.com/advisories/GHSA-h64f-5h5j-jqjh',
3050 silly audit report       title: 'Next.js has a Denial of Service in the Image Optimization API',
3050 silly audit report       severity: 'moderate',
3050 silly audit report       vulnerable_versions: '>=16.0.0 <16.2.5',
3050 silly audit report       cwe: [Array],
3050 silly audit report       cvss: [Object]
3050 silly audit report     },
3050 silly audit report     {
3050 silly audit report       id: 1118953,
3050 silly audit report       url: 'https://github.com/advisories/GHSA-c4j6-fc7j-m34r',
3050 silly audit report       title: 'Next.js vulnerable to server-side request forgery in applications using WebSocket upgrades',
3050 silly audit report       severity: 'high',
3050 silly audit report       vulnerable_versions: '>=16.0.0 <16.2.5',
3050 silly audit report       cwe: [Array],
3050 silly audit report       cvss: [Object]
3050 silly audit report     },
3050 silly audit report     {
3050 silly audit report       id: 1118955,
3050 silly audit report       url: 'https://github.com/advisories/GHSA-492v-c6pp-mqqv',
3050 silly audit report       title: 'Next.js has a Middleware / Proxy bypass through dynamic route parameter injection',
3050 silly audit report       severity: 'high',
3050 silly audit report       vulnerable_versions: '>=16.0.0 <16.2.5',
3050 silly audit report       cwe: [Array],
3050 silly audit report       cvss: [Object]
3050 silly audit report     },
3050 silly audit report     {
3050 silly audit report       id: 1118957,
3050 silly audit report       url: 'https://github.com/advisories/GHSA-wfc6-r584-vfw7',
3050 silly audit report       title: 'Next.js vulnerable to cache poisoning in React Server Component responses',
3050 silly audit report       severity: 'moderate',
3050 silly audit report       vulnerable_versions: '>=16.0.0 <16.2.5',
3050 silly audit report       cwe: [Array],
3050 silly audit report       cvss: [Object]
3050 silly audit report     },
3050 silly audit report     {
3050 silly audit report       id: 1118959,
3050 silly audit report       url: 'https://github.com/advisories/GHSA-267c-6grr-h53f',
3050 silly audit report       title: 'Next.js has a Middleware / Proxy bypass in App Router applications via segment-prefetch routes',
3050 silly audit report       severity: 'high',
3050 silly audit report       vulnerable_versions: '>=16.0.0 <16.2.5',
3050 silly audit report       cwe: [Array],
3050 silly audit report       cvss: [Object]
3050 silly audit report     },
3050 silly audit report     {
3050 silly audit report       id: 1118961,
3050 silly audit report       url: 'https://github.com/advisories/GHSA-36qx-fr4f-26g5',
3050 silly audit report       title: 'Next.js has a Middleware / Proxy bypass in Pages Router applications using i18n',
3050 silly audit report       severity: 'high',
3050 silly audit report       vulnerable_versions: '>=16.0.0 <16.2.5',
3050 silly audit report       cwe: [Array],
3050 silly audit report       cvss: [Object]
3050 silly audit report     },
3050 silly audit report     {
3050 silly audit report       id: 1114898,
3050 silly audit report       url: 'https://github.com/advisories/GHSA-ggv3-7p47-pfv8',
3050 silly audit report       title: 'Next.js: HTTP request smuggling in rewrites',
3050 silly audit report       severity: 'moderate',
3050 silly audit report       vulnerable_versions: '>=16.0.0-beta.0 <16.1.7',
3050 silly audit report       cwe: [Array],
3050 silly audit report       cvss: [Object]
3050 silly audit report     },
3050 silly audit report     {
3050 silly audit report       id: 1114941,
3050 silly audit report       url: 'https://github.com/advisories/GHSA-3x4c-7xq6-9pq8',
3050 silly audit report       title: 'Next.js: Unbounded next/image disk cache growth can exhaust storage',
3050 silly audit report       severity: 'moderate',
3050 silly audit report       vulnerable_versions: '>=16.0.0-beta.0 <16.1.7',
3050 silly audit report       cwe: [Array],
3050 silly audit report       cvss: [Object]
3050 silly audit report     },
3050 silly audit report     {
3050 silly audit report       id: 1114942,
3050 silly audit report       url: 'https://github.com/advisories/GHSA-h27x-g6w4-24gq',
3050 silly audit report       title: 'Next.js: Unbounded postponed resume buffering can lead to DoS',
3050 silly audit report       severity: 'moderate',
3050 silly audit report       vulnerable_versions: '>=16.0.1 <16.1.7',
3050 silly audit report       cwe: [Array],
3050 silly audit report       cvss: [Object]
3050 silly audit report     },
3050 silly audit report     {
3050 silly audit report       id: 1114943,
3050 silly audit report       url: 'https://github.com/advisories/GHSA-mq59-m269-xvcx',
3050 silly audit report       title: 'Next.js: null origin can bypass Server Actions CSRF checks',
3050 silly audit report       severity: 'moderate',
3050 silly audit report       vulnerable_versions: '>=16.0.1 <16.1.7',
3050 silly audit report       cwe: [Array],
3050 silly audit report       cvss: [Object]
3050 silly audit report     },
3050 silly audit report     {
3050 silly audit report       id: 1115360,
3050 silly audit report       url: 'https://github.com/advisories/GHSA-jcc7-9wpm-mj36',
3050 silly audit report       title: 'Next.js: null origin can bypass dev HMR websocket CSRF checks',
3050 silly audit report       severity: 'low',
3050 silly audit report       vulnerable_versions: '>=16.0.1 <16.1.7',
3050 silly audit report       cwe: [Array],
3050 silly audit report       cvss: [Object]
3050 silly audit report     },
3050 silly audit report     {
3050 silly audit report       id: 1116375,
3050 silly audit report       url: 'https://github.com/advisories/GHSA-q4gf-8mx6-v5v3',
3050 silly audit report       title: 'Next.js has a Denial of Service with Server Components',
3050 silly audit report       severity: 'high',
3050 silly audit report       vulnerable_versions: '>=16.0.0-beta.0 <16.2.3',
3050 silly audit report       cwe: [Array],
3050 silly audit report       cvss: [Object]
3050 silly audit report     },
3050 silly audit report     {
3050 silly audit report       id: 1124184,
3050 silly audit report       url: 'https://github.com/advisories/GHSA-89xv-2m56-2m9x',
3050 silly audit report       title: 'Next.js: Server-Side Request Forgery in Server Actions on custom servers',
3050 silly audit report       severity: 'high',
3050 silly audit report       vulnerable_versions: '>=16.0.0 <16.2.11',
3050 silly audit report       cwe: [Array],
3050 silly audit report       cvss: [Object]
3050 silly audit report     },
3050 silly audit report     {
3050 silly audit report       id: 1124186,
3050 silly audit report       url: 'https://github.com/advisories/GHSA-68g3-v927-f742',
3050 silly audit report       title: 'Next.js: Cache confusion of response bodies for requests with bodies',
3050 silly audit report       severity: 'moderate',
3050 silly audit report       vulnerable_versions: '>=16.0.0 <16.2.11',
3050 silly audit report       cwe: [Array],
3050 silly audit report       cvss: [Object]
3050 silly audit report     },
3050 silly audit report     {
3050 silly audit report       id: 1124170,
3050 silly audit report       url: 'https://github.com/advisories/GHSA-6gpp-xcg3-4w24',
3050 silly audit report       title: 'Next.js: Middleware / Proxy bypass in App Router applications using Turbopack and single locale',
3050 silly audit report       severity: 'high',
3050 silly audit report       vulnerable_versions: '>=16.0.0 <16.2.11',
3050 silly audit report       cwe: [Array],
3050 silly audit report       cvss: [Object]
3050 silly audit report     },
3050 silly audit report     {
3050 silly audit report       id: 1124171,
3050 silly audit report       url: 'https://github.com/advisories/GHSA-m99w-x7hq-7vfj',
3050 silly audit report       title: 'Next.js: Denial of Service in App Router using Server Actions',
3050 silly audit report       severity: 'high',
3050 silly audit report       vulnerable_versions: '>=16.0.0 <16.2.11',
3050 silly audit report       cwe: [Array],
3050 silly audit report       cvss: [Object]
3050 silly audit report     },
3050 silly audit report     {
3050 silly audit report       id: 1124188,
3050 silly audit report       url: 'https://github.com/advisories/GHSA-4633-3j49-mh5q',
3050 silly audit report       title: 'Next.js: Cache confusion of response bodies for requests with bodies containing invalid UTF-8 byte sequences',
3050 silly audit report       severity: 'moderate',
3050 silly audit report       vulnerable_versions: '>=16.0.0 <16.2.11',
3050 silly audit report       cwe: [Array],
3050 silly audit report       cvss: [Object]
3050 silly audit report     },
3050 silly audit report     {
3050 silly audit report       id: 1124190,
3050 silly audit report       url: 'https://github.com/advisories/GHSA-4c39-4ccg-62r3',
3050 silly audit report       title: 'Next.js: Unbounded Server Action payload in Edge runtime',
3050 silly audit report       severity: 'moderate',
3050 silly audit report       vulnerable_versions: '>=16.0.0 <16.2.11',
3050 silly audit report       cwe: [Array],
3050 silly audit report       cvss: [Object]
3050 silly audit report     },
3050 silly audit report     {
3050 silly audit report       id: 1124192,
3050 silly audit report       url: 'https://github.com/advisories/GHSA-p9j2-gv94-2wf4',
3050 silly audit report       title: 'Next.js: Server-Side Request Forgery in rewrites via attacker-controlled destination hostname',
3050 silly audit report       severity: 'high',
3050 silly audit report       vulnerable_versions: '>=16.0.0 <16.2.11',
3050 silly audit report       cwe: [Array],
3050 silly audit report       cvss: [Object]
3050 silly audit report     },
3050 silly audit report     {
3050 silly audit report       id: 1124194,
3050 silly audit report       url: 'https://github.com/advisories/GHSA-q8wf-6r8g-63ch',
3050 silly audit report       title: 'Next.js: Denial of Service in the Image Optimization API using SVGs',
3050 silly audit report       severity: 'moderate',
3050 silly audit report       vulnerable_versions: '>=16.0.0 <16.2.11',
3050 silly audit report       cwe: [Array],
3050 silly audit report       cvss: [Object]
3050 silly audit report     },
3050 silly audit report     {
3050 silly audit report       id: 1124196,
3050 silly audit report       url: 'https://github.com/advisories/GHSA-955p-x3mx-jcvp',
3050 silly audit report       title: 'Next.js: Unauthenticated disclosure of internal Server Function endpoints',
3050 silly audit report       severity: 'moderate',
3050 silly audit report       vulnerable_versions: '>=16.0.0 <16.2.11',
3050 silly audit report       cwe: [Array],
3050 silly audit report       cvss: [Object]
3050 silly audit report     },
3050 silly audit report     {
3050 silly audit report       id: 1193676,
3050 silly audit report       url: 'https://github.com/advisories/GHSA-p293-qw3h-jr36',
3050 silly audit report       title: 'Next.js: Unauthenticated Remote Code Execution on windows-hosted servers',
3050 silly audit report       severity: 'critical',
3050 silly audit report       vulnerable_versions: '>=16.0.0 <16.3.3',
3050 silly audit report       cwe: [Array],
3050 silly audit report       cvss: [Object]
3050 silly audit report     },
3050 silly audit report     {
3050 silly audit report       id: 1193732,
3050 silly audit report       url: 'https://github.com/advisories/GHSA-2xp9-vwfh-vxw4',
3050 silly audit report       title: 'Next.js: Unauthenticated Remote Code Execution in Image Optimization API when AVIF files are used',
3050 silly audit report       severity: 'critical',
3050 silly audit report       vulnerable_versions: '>=16.0.0 <16.3.3',
3050 silly audit report       cwe: [Array],
3050 silly audit report       cvss: [Object]
3050 silly audit report     }
3050 silly audit report   ],
3050 silly audit report   sharp: [
3050 silly audit report     {
3050 silly audit report       id: 1124066,
3050 silly audit report       url: 'https://github.com/advisories/GHSA-f88m-g3jw-g9cj',
3050 silly audit report       title: 'sharp inherited vulnerabilities in libvips: CVE-2026-33327, CVE-2026-33328, CVE-2026-35590, CVE-2026-35591',
3050 silly audit report       severity: 'high',
3050 silly audit report       vulnerable_versions: '<0.35.0',
3050 silly audit report       cwe: [Array],
3050 silly audit report       cvss: [Object]
3050 silly audit report     },
3050 silly audit report     {
3050 silly audit report       id: 1193725,
3050 silly audit report       url: 'https://github.com/advisories/GHSA-rgj7-g3m4-5g8c',
3050 silly audit report       title: 'sharp: Vulnerabilities in libheif: GHSA-g89c-p67h-r497 and GHSA-2jg2-4ch7-h545',
3050 silly audit report       severity: 'high',
3050 silly audit report       vulnerable_versions: '<0.35.4',
3050 silly audit report       cwe: [Array],
3050 silly audit report       cvss: [Object]
3050 silly audit report     }
3050 silly audit report   ]
3050 silly audit report }
3051 silly packumentCache corgi:https://registry.npmjs.org/postcss cache-miss
3052 silly packumentCache corgi:https://registry.npmjs.org/next cache-miss
3053 silly packumentCache corgi:https://registry.npmjs.org/sharp cache-miss
3054 http fetch GET 200 https://registry.npmjs.org/is-weakset/-/is-weakset-2.0.4.tgz 1544ms (cache miss)
3055 http fetch GET 200 https://registry.npmjs.org/punycode/-/punycode-2.3.1.tgz 2006ms (cache miss)
3056 http fetch GET 200 https://registry.npmjs.org/escalade/-/escalade-3.2.0.tgz 2007ms (cache miss)
3057 http fetch GET 200 https://registry.npmjs.org/isexe/-/isexe-2.0.0.tgz 2013ms (cache miss)
3058 http fetch GET 200 https://registry.npmjs.org/@typescript-eslint/tsconfig-utils/-/tsconfig-utils-8.70.0.tgz 2002ms (cache miss)
3059 http fetch GET 200 https://registry.npmjs.org/strip-bom/-/strip-bom-3.0.0.tgz 1989ms (cache miss)
3060 http fetch GET 200 https://registry.npmjs.org/has-flag/-/has-flag-4.0.0.tgz 1985ms (cache miss)
3061 http fetch GET 200 https://registry.npmjs.org/generator-function/-/generator-function-2.0.1.tgz 2072ms (cache miss)
3062 http fetch GET 200 https://registry.npmjs.org/async-function/-/async-function-1.0.0.tgz 2074ms (cache miss)
3063 http fetch GET 200 https://registry.npmjs.org/@typescript-eslint/visitor-keys/-/visitor-keys-8.70.0.tgz 2048ms (cache miss)
3064 http fetch GET 200 https://registry.npmjs.org/shebang-regex/-/shebang-regex-3.0.0.tgz 2028ms (cache miss)
3065 http fetch GET 200 https://registry.npmjs.org/@typescript-eslint/project-service/-/project-service-8.70.0.tgz 2100ms (cache miss)
3066 http fetch GET 200 https://registry.npmjs.org/client-only/-/client-only-0.0.1.tgz 2088ms (cache miss)
3067 http fetch GET 200 https://registry.npmjs.org/node-exports-info/-/node-exports-info-1.6.2.tgz 2075ms (cache miss)
3068 http fetch GET 200 https://registry.npmjs.org/has-bigints/-/has-bigints-1.1.0.tgz 2244ms (cache miss)
3069 http fetch GET 200 https://registry.npmjs.org/is-number/-/is-number-7.0.0.tgz 2232ms (cache miss)
3070 http fetch GET 200 https://registry.npmjs.org/@types/json5/-/json5-0.0.29.tgz 2234ms (cache miss)
3071 http fetch GET 200 https://registry.npmjs.org/queue-microtask/-/queue-microtask-1.2.3.tgz 2223ms (cache miss)
3072 http fetch GET 200 https://registry.npmjs.org/react-is/-/react-is-16.13.1.tgz 2219ms (cache miss)
3073 http fetch GET 200 https://registry.npmjs.org/loose-envify/-/loose-envify-1.4.0.tgz 2214ms (cache miss)
3074 http fetch GET 200 https://registry.npmjs.org/is-bigint/-/is-bigint-1.1.0.tgz 2337ms (cache miss)
3075 http fetch GET 200 https://registry.npmjs.org/which-collection/-/which-collection-1.0.2.tgz 2345ms (cache miss)
3076 http fetch GET 200 https://registry.npmjs.org/nanoid/-/nanoid-3.3.19.tgz 2291ms (cache miss)
3077 http fetch GET 200 https://registry.npmjs.org/path-parse/-/path-parse-1.0.7.tgz 2296ms (cache miss)
3078 http fetch GET 200 https://registry.npmjs.org/deep-is/-/deep-is-0.1.4.tgz 2285ms (cache miss)
3079 http fetch GET 200 https://registry.npmjs.org/word-wrap/-/word-wrap-1.2.5.tgz 2287ms (cache miss)
3080 http fetch GET 200 https://registry.npmjs.org/concat-map/-/concat-map-0.0.1.tgz 2279ms (cache miss)
3081 http fetch GET 200 https://registry.npmjs.org/is-weakmap/-/is-weakmap-2.0.2.tgz 2394ms (cache miss)
3082 http fetch GET 200 https://registry.npmjs.org/is-finalizationregistry/-/is-finalizationregistry-1.1.1.tgz 2392ms (cache miss)
3083 http fetch GET 200 https://registry.npmjs.org/@img/colour/-/colour-1.1.0.tgz 2346ms (cache miss)
3084 http fetch GET 200 https://registry.npmjs.org/isarray/-/isarray-2.0.5.tgz 2345ms (cache miss)
3085 http fetch GET 200 https://registry.npmjs.org/callsites/-/callsites-3.1.0.tgz 2344ms (cache miss)
3086 http fetch GET 200 https://registry.npmjs.org/object-assign/-/object-assign-4.1.1.tgz 2347ms (cache miss)
3087 http fetch GET 200 https://registry.npmjs.org/yocto-queue/-/yocto-queue-0.1.0.tgz 2342ms (cache miss)
3088 http fetch GET 200 https://registry.npmjs.org/@typescript-eslint/parser/-/parser-8.70.0.tgz 2419ms (cache miss)
3089 http fetch GET 200 https://registry.npmjs.org/p-limit/-/p-limit-3.1.0.tgz 2391ms (cache miss)
3090 http fetch GET 200 https://registry.npmjs.org/balanced-match/-/balanced-match-1.0.2.tgz 2381ms (cache miss)
3091 http fetch GET 200 https://registry.npmjs.org/p-locate/-/p-locate-5.0.0.tgz 2374ms (cache miss)
3092 http fetch GET 200 https://registry.npmjs.org/detect-libc/-/detect-libc-2.1.2.tgz 2373ms (cache miss)
3093 http fetch GET 200 https://registry.npmjs.org/type-check/-/type-check-0.4.0.tgz 2370ms (cache miss)
3094 http fetch GET 200 https://registry.npmjs.org/is-number-object/-/is-number-object-1.1.1.tgz 2483ms (cache miss)
3095 http fetch GET 200 https://registry.npmjs.org/supports-preserve-symlinks-flag/-/supports-preserve-symlinks-flag-1.0.0.tgz 2436ms (cache miss)
3096 http fetch GET 200 https://registry.npmjs.org/json-buffer/-/json-buffer-3.0.1.tgz 2398ms (cache miss)
3097 http fetch GET 200 https://registry.npmjs.org/prelude-ls/-/prelude-ls-1.2.1.tgz 2402ms (cache miss)
3098 http fetch GET 200 https://registry.npmjs.org/brace-expansion/-/brace-expansion-1.1.21.tgz 2470ms (cache miss)
3099 http fetch GET 200 https://registry.npmjs.org/set-function-name/-/set-function-name-2.0.2.tgz 2455ms (cache miss)
3100 http fetch GET 200 https://registry.npmjs.org/parent-module/-/parent-module-1.0.1.tgz 2451ms (cache miss)
3101 http fetch GET 200 https://registry.npmjs.org/resolve-from/-/resolve-from-4.0.0.tgz 2448ms (cache miss)
3102 http fetch GET 200 https://registry.npmjs.org/is-boolean-object/-/is-boolean-object-1.2.2.tgz 2587ms (cache miss)
3103 http fetch GET 200 https://registry.npmjs.org/side-channel-map/-/side-channel-map-1.0.1.tgz 2550ms (cache miss)
3104 http fetch GET 200 https://registry.npmjs.org/@next/env/-/env-16.1.6.tgz 2522ms (cache miss)
3105 http fetch GET 200 https://registry.npmjs.org/fill-range/-/fill-range-7.1.1.tgz 2515ms (cache miss)
3106 http fetch GET 200 https://registry.npmjs.org/yallist/-/yallist-3.1.1.tgz 2513ms (cache miss)
3107 http fetch GET 200 https://registry.npmjs.org/is-extglob/-/is-extglob-2.1.1.tgz 2506ms (cache miss)
3108 http fetch GET 200 https://registry.npmjs.org/resolve-pkg-maps/-/resolve-pkg-maps-1.0.0.tgz 2498ms (cache miss)
3109 http fetch GET 200 https://registry.npmjs.org/mime-types/-/mime-types-2.1.35.tgz 2490ms (cache miss)
3110 http fetch GET 200 https://registry.npmjs.org/dunder-proto/-/dunder-proto-1.0.1.tgz 2497ms (cache miss)
3111 http fetch GET 200 https://registry.npmjs.org/functions-have-names/-/functions-have-names-1.2.3.tgz 2494ms (cache miss)
3112 http fetch GET 200 https://registry.npmjs.org/is-async-function/-/is-async-function-2.1.1.tgz 2635ms (cache miss)
3113 http fetch GET 200 https://registry.npmjs.org/is-map/-/is-map-2.0.3.tgz 2643ms (cache miss)
3114 http fetch GET 200 https://registry.npmjs.org/delayed-stream/-/delayed-stream-1.0.0.tgz 2527ms (cache miss)
3115 http fetch GET 200 https://registry.npmjs.org/run-parallel/-/run-parallel-1.2.0.tgz 2518ms (cache miss)
3116 http fetch GET 200 https://registry.npmjs.org/flatted/-/flatted-3.4.4.tgz 2532ms (cache miss)
3117 http fetch GET 200 https://registry.npmjs.org/which-boxed-primitive/-/which-boxed-primitive-1.1.1.tgz 2720ms (cache miss)
3118 http fetch GET 200 https://registry.npmjs.org/side-channel-weakmap/-/side-channel-weakmap-1.0.2.tgz 2712ms (cache miss)
3119 http fetch GET 200 https://registry.npmjs.org/fast-levenshtein/-/fast-levenshtein-2.0.6.tgz 2691ms (cache miss)
3120 http fetch GET 200 https://registry.npmjs.org/to-regex-range/-/to-regex-range-5.0.1.tgz 2678ms (cache miss)
3121 http fetch GET 200 https://registry.npmjs.org/mime-db/-/mime-db-1.52.0.tgz 2685ms (cache miss)
3122 http fetch GET 200 https://registry.npmjs.org/combined-stream/-/combined-stream-1.0.8.tgz 2658ms (cache miss)
3123 http fetch GET 200 https://registry.npmjs.org/keyv/-/keyv-4.5.4.tgz 2659ms (cache miss)
3124 http fetch GET 200 https://registry.npmjs.org/fastq/-/fastq-1.20.3.tgz 2634ms (cache miss)
3125 http fetch GET 200 https://registry.npmjs.org/merge2/-/merge2-1.4.1.tgz 2618ms (cache miss)
3126 http fetch GET 200 https://registry.npmjs.org/is-document.all/-/is-document.all-1.0.0.tgz 2772ms (cache miss)
3127 http fetch GET 200 https://registry.npmjs.org/locate-path/-/locate-path-6.0.0.tgz 2754ms (cache miss)
3128 http fetch GET 200 https://registry.npmjs.org/micromatch/-/micromatch-4.0.8.tgz 2725ms (cache miss)
3129 http fetch GET 200 https://registry.npmjs.org/acorn-jsx/-/acorn-jsx-5.3.2.tgz 2717ms (cache miss)
3130 http fetch GET 200 https://registry.npmjs.org/for-each/-/for-each-0.3.5.tgz 2899ms (cache miss)
3131 http fetch GET 200 https://registry.npmjs.org/side-channel-list/-/side-channel-list-1.0.1.tgz 2891ms (cache miss)
3132 http fetch GET 200 https://registry.npmjs.org/lru-cache/-/lru-cache-5.1.1.tgz 2756ms (cache miss)
3133 http fetch GET 200 https://registry.npmjs.org/@babel/helper-globals/-/helper-globals-7.29.7.tgz 2765ms (cache miss)
3134 http fetch GET 200 https://registry.npmjs.org/@babel/helper-module-imports/-/helper-module-imports-7.29.7.tgz 2761ms (cache miss)
3135 http fetch GET 200 https://registry.npmjs.org/is-generator-function/-/is-generator-function-1.1.2.tgz 2985ms (cache miss)
3136 http fetch GET 200 https://registry.npmjs.org/scheduler/-/scheduler-0.27.0.tgz 2929ms (cache miss)
3137 http fetch GET 200 https://registry.npmjs.org/path-exists/-/path-exists-4.0.0.tgz 2874ms (cache miss)
3138 http fetch GET 200 https://registry.npmjs.org/esrecurse/-/esrecurse-4.3.0.tgz 2824ms (cache miss)
3139 http fetch GET 200 https://registry.npmjs.org/@babel/helper-validator-identifier/-/helper-validator-identifier-7.29.7.tgz 2795ms (cache miss)
3140 http fetch GET 200 https://registry.npmjs.org/js-tokens/-/js-tokens-4.0.0.tgz 2864ms (cache miss)
3141 http fetch GET 200 https://registry.npmjs.org/@babel/helper-validator-option/-/helper-validator-option-7.29.7.tgz 2868ms (cache miss)
3142 http fetch GET 200 https://registry.npmjs.org/gensync/-/gensync-1.0.0-beta.2.tgz 2856ms (cache miss)
3143 http fetch GET 200 https://registry.npmjs.org/convert-source-map/-/convert-source-map-2.0.0.tgz 2854ms (cache miss)
3144 http fetch GET 200 https://registry.npmjs.org/@babel/helper-compilation-targets/-/helper-compilation-targets-7.29.7.tgz 2848ms (cache miss)
3145 http fetch GET 200 https://registry.npmjs.org/@babel/code-frame/-/code-frame-7.29.7.tgz 2845ms (cache miss)
3146 http fetch GET 200 https://registry.npmjs.org/@emnapi/wasi-threads/-/wasi-threads-1.2.1.tgz 3097ms (cache miss)
3147 http fetch GET 200 https://registry.npmjs.org/which-builtin-type/-/which-builtin-type-1.2.1.tgz 3082ms (cache miss)
3148 http fetch GET 200 https://registry.npmjs.org/reflect.getprototypeof/-/reflect.getprototypeof-1.0.10.tgz 3081ms (cache miss)
3149 http fetch GET 200 https://registry.npmjs.org/flat-cache/-/flat-cache-4.0.1.tgz 2968ms (cache miss)
3150 http fetch GET 200 https://registry.npmjs.org/reusify/-/reusify-1.1.0.tgz 3045ms (cache miss)
3151 http fetch GET 200 https://registry.npmjs.org/jsesc/-/jsesc-3.1.0.tgz 2975ms (cache miss)
3152 http fetch GET 200 https://registry.npmjs.org/string.prototype.repeat/-/string.prototype.repeat-1.0.0.tgz 2946ms (cache miss)
3153 http fetch GET 200 https://registry.npmjs.org/array.prototype.tosorted/-/array.prototype.tosorted-1.1.4.tgz 2942ms (cache miss)
3154 http fetch GET 200 https://registry.npmjs.org/object.entries/-/object.entries-1.1.9.tgz 2947ms (cache miss)
3155 http fetch GET 200 https://registry.npmjs.org/estraverse/-/estraverse-5.3.0.tgz 2949ms (cache miss)
3156 http fetch GET 200 https://registry.npmjs.org/napi-postinstall/-/napi-postinstall-0.3.4.tgz 3261ms (cache miss)
3157 http fetch GET 200 https://registry.npmjs.org/iterator.prototype/-/iterator.prototype-1.1.5.tgz 3077ms (cache miss)
3158 http fetch GET 200 https://registry.npmjs.org/damerau-levenshtein/-/damerau-levenshtein-1.0.8.tgz 3066ms (cache miss)
3159 http fetch GET 200 https://registry.npmjs.org/ast-types-flow/-/ast-types-flow-0.0.8.tgz 3067ms (cache miss)
3160 http fetch GET 200 https://registry.npmjs.org/is-symbol/-/is-symbol-1.1.1.tgz 3067ms (cache miss)
3161 http fetch GET 200 https://registry.npmjs.org/array.prototype.findlast/-/array.prototype.findlast-1.2.5.tgz 3076ms (cache miss)
3162 http fetch GET 200 https://registry.npmjs.org/string.prototype.includes/-/string.prototype.includes-2.0.1.tgz 3078ms (cache miss)
3163 http fetch GET 200 https://registry.npmjs.org/minimist/-/minimist-1.2.8.tgz 3375ms (cache miss)
3164 http fetch GET 200 https://registry.npmjs.org/braces/-/braces-3.0.3.tgz 3330ms (cache miss)
3165 http fetch GET 200 https://registry.npmjs.org/side-channel/-/side-channel-1.1.1.tgz 3317ms (cache miss)
3166 http fetch GET 200 https://registry.npmjs.org/asynckit/-/asynckit-0.4.0.tgz 3307ms (cache miss)
3167 http fetch GET 200 https://registry.npmjs.org/language-tags/-/language-tags-1.0.9.tgz 3189ms (cache miss)
3168 http fetch GET 200 https://registry.npmjs.org/es-abstract-get/-/es-abstract-get-1.0.0.tgz 3180ms (cache miss)
3169 http fetch GET 200 https://registry.npmjs.org/has-tostringtag/-/has-tostringtag-1.0.2.tgz 3175ms (cache miss)
3170 http fetch GET 200 https://registry.npmjs.org/possible-typed-array-names/-/possible-typed-array-names-1.1.0.tgz 3175ms (cache miss)
3171 http fetch GET 200 https://registry.npmjs.org/typed-array-byte-length/-/typed-array-byte-length-1.0.3.tgz 3172ms (cache miss)
3172 http fetch GET 200 https://registry.npmjs.org/emoji-regex/-/emoji-regex-9.2.2.tgz 3234ms (cache miss)
3173 http fetch GET 200 https://registry.npmjs.org/typed-array-buffer/-/typed-array-buffer-1.0.3.tgz 3221ms (cache miss)
3174 http fetch GET 200 https://registry.npmjs.org/which-typed-array/-/which-typed-array-1.1.22.tgz 3223ms (cache miss)
3175 http fetch GET 200 https://registry.npmjs.org/unbox-primitive/-/unbox-primitive-1.1.0.tgz 3225ms (cache miss)
3176 http fetch GET 200 https://registry.npmjs.org/string.prototype.trimstart/-/string.prototype.trimstart-1.0.8.tgz 3219ms (cache miss)
3177 http fetch GET 200 https://registry.npmjs.org/@babel/helper-string-parser/-/helper-string-parser-7.29.7.tgz 3349ms (cache miss)
3178 http fetch GET 200 https://registry.npmjs.org/is-date-object/-/is-date-object-1.1.0.tgz 3285ms (cache miss)
3179 http fetch GET 200 https://registry.npmjs.org/typed-array-length/-/typed-array-length-1.0.8.tgz 3277ms (cache miss)
3180 http fetch GET 200 https://registry.npmjs.org/stop-iteration-iterator/-/stop-iteration-iterator-1.1.0.tgz 3271ms (cache miss)
3181 http fetch GET 200 https://registry.npmjs.org/set-proto/-/set-proto-1.0.0.tgz 3272ms (cache miss)
3182 http fetch GET 200 https://registry.npmjs.org/typed-array-byte-offset/-/typed-array-byte-offset-1.0.4.tgz 3271ms (cache miss)
3183 http fetch GET 200 https://registry.npmjs.org/prop-types/-/prop-types-15.8.1.tgz 3353ms (cache miss)
3184 http fetch GET 200 https://registry.npmjs.org/safe-push-apply/-/safe-push-apply-1.0.0.tgz 3323ms (cache miss)
3185 http fetch GET 200 https://registry.npmjs.org/own-keys/-/own-keys-1.0.2.tgz 3320ms (cache miss)
3186 http fetch GET 200 https://registry.npmjs.org/regexp.prototype.flags/-/regexp.prototype.flags-1.5.4.tgz 3323ms (cache miss)
3187 http fetch GET 200 https://registry.npmjs.org/safe-regex-test/-/safe-regex-test-1.1.0.tgz 3323ms (cache miss)
3188 http fetch GET 200 https://registry.npmjs.org/is-weakref/-/is-weakref-1.1.1.tgz 3322ms (cache miss)
3189 http fetch GET 200 https://registry.npmjs.org/@nodelib/fs.stat/-/fs.stat-2.0.5.tgz 3491ms (cache miss)
3190 http fetch GET 200 https://registry.npmjs.org/@babel/compat-data/-/compat-data-7.29.7.tgz 3456ms (cache miss)
3191 http fetch GET 200 https://registry.npmjs.org/safe-array-concat/-/safe-array-concat-1.1.4.tgz 3394ms (cache miss)
3192 http fetch GET 200 https://registry.npmjs.org/is-data-view/-/is-data-view-1.0.2.tgz 3382ms (cache miss)
3193 http fetch GET 200 https://registry.npmjs.org/is-array-buffer/-/is-array-buffer-3.0.5.tgz 3384ms (cache miss)
3194 http fetch GET 200 https://registry.npmjs.org/has-symbols/-/has-symbols-1.1.0.tgz 3383ms (cache miss)
3195 http fetch GET 200 https://registry.npmjs.org/is-shared-array-buffer/-/is-shared-array-buffer-1.0.4.tgz 3390ms (cache miss)
3196 http fetch GET 200 https://registry.npmjs.org/@typescript-eslint/types/-/types-8.70.0.tgz 3688ms (cache miss)
3197 http fetch GET 200 https://registry.npmjs.org/tslib/-/tslib-2.8.1.tgz 3607ms (cache miss)
3198 http fetch GET 200 https://registry.npmjs.org/is-typed-array/-/is-typed-array-1.1.15.tgz 3457ms (cache miss)
3199 http fetch GET 200 https://registry.npmjs.org/is-regex/-/is-regex-1.2.1.tgz 3454ms (cache miss)
3200 http fetch GET 200 https://registry.npmjs.org/get-symbol-description/-/get-symbol-description-1.1.0.tgz 3446ms (cache miss)
3201 http fetch GET 200 https://registry.npmjs.org/agent-base/-/agent-base-6.0.2.tgz 3666ms (cache miss)
3202 http fetch GET 200 https://registry.npmjs.org/is-callable/-/is-callable-1.2.7.tgz 3499ms (cache miss)
3203 http fetch GET 200 https://registry.npmjs.org/gopd/-/gopd-1.2.0.tgz 3489ms (cache miss)
3204 http fetch GET 200 https://registry.npmjs.org/es-set-tostringtag/-/es-set-tostringtag-2.1.0.tgz 3496ms (cache miss)
3205 http fetch GET 200 https://registry.npmjs.org/data-view-byte-offset/-/data-view-byte-offset-1.0.1.tgz 3493ms (cache miss)
3206 http fetch GET 200 https://registry.npmjs.org/es-to-primitive/-/es-to-primitive-1.3.4.tgz 3498ms (cache miss)
3207 http fetch GET 200 https://registry.npmjs.org/data-view-buffer/-/data-view-buffer-1.0.2.tgz 3493ms (cache miss)
3208 http fetch GET 200 https://registry.npmjs.org/available-typed-arrays/-/available-typed-arrays-1.0.7.tgz 3493ms (cache miss)
3209 http fetch GET 200 https://registry.npmjs.org/is-set/-/is-set-2.0.3.tgz 3693ms (cache miss)
3210 http fetch GET 200 https://registry.npmjs.org/get-proto/-/get-proto-1.0.1.tgz 3684ms (cache miss)
3211 http fetch GET 200 https://registry.npmjs.org/function.prototype.name/-/function.prototype.name-1.2.0.tgz 3683ms (cache miss)
3212 http fetch GET 200 https://registry.npmjs.org/data-view-byte-length/-/data-view-byte-length-1.0.2.tgz 3680ms (cache miss)
3213 http fetch GET 200 https://registry.npmjs.org/set-function-length/-/set-function-length-1.2.2.tgz 3672ms (cache miss)
3214 http fetch GET 200 https://registry.npmjs.org/get-intrinsic/-/get-intrinsic-1.3.0.tgz 3671ms (cache miss)
3215 http fetch GET 200 https://registry.npmjs.org/es-define-property/-/es-define-property-1.0.1.tgz 3672ms (cache miss)
3216 http fetch GET 200 https://registry.npmjs.org/es-errors/-/es-errors-1.3.0.tgz 3670ms (cache miss)
3217 http fetch GET 200 https://registry.npmjs.org/math-intrinsics/-/math-intrinsics-1.1.0.tgz 3668ms (cache miss)
3218 http fetch GET 200 https://registry.npmjs.org/is-string/-/is-string-1.1.1.tgz 3668ms (cache miss)
3219 http fetch GET 200 https://registry.npmjs.org/es-shim-unscopables/-/es-shim-unscopables-1.1.0.tgz 3667ms (cache miss)
3220 http fetch GET 200 https://registry.npmjs.org/object-keys/-/object-keys-1.1.1.tgz 3679ms (cache miss)
3221 http fetch GET 200 https://registry.npmjs.org/has-property-descriptors/-/has-property-descriptors-1.0.2.tgz 3676ms (cache miss)
3222 http fetch GET 200 https://registry.npmjs.org/picomatch/-/picomatch-2.3.2.tgz 3934ms (cache miss)
3223 http fetch GET 200 https://registry.npmjs.org/argparse/-/argparse-2.0.1.tgz 3922ms (cache miss)
3224 http fetch GET 200 https://registry.npmjs.org/string.prototype.trim/-/string.prototype.trim-1.2.11.tgz 3764ms (cache miss)
3225 http fetch GET 200 https://registry.npmjs.org/is-negative-zero/-/is-negative-zero-2.0.3.tgz 3750ms (cache miss)
3226 http fetch GET 200 https://registry.npmjs.org/internal-slot/-/internal-slot-1.1.0.tgz 3747ms (cache miss)
3227 http fetch GET 200 https://registry.npmjs.org/array-buffer-byte-length/-/array-buffer-byte-length-1.0.2.tgz 3736ms (cache miss)
3228 http fetch GET 200 https://registry.npmjs.org/define-properties/-/define-properties-1.2.1.tgz 3723ms (cache miss)
3229 http fetch GET 200 https://registry.npmjs.org/call-bound/-/call-bound-1.0.4.tgz 3725ms (cache miss)
3230 http fetch GET 200 https://registry.npmjs.org/string.prototype.trimend/-/string.prototype.trimend-1.0.10.tgz 3722ms (cache miss)
3231 http fetch GET 200 https://registry.npmjs.org/call-bind/-/call-bind-1.0.9.tgz 3723ms (cache miss)
3232 http fetch GET 200 https://registry.npmjs.org/object.values/-/object.values-1.2.1.tgz 3723ms (cache miss)
3233 http fetch GET 200 https://registry.npmjs.org/semver/-/semver-6.3.1.tgz 3784ms (cache miss)
3234 http fetch GET 200 https://registry.npmjs.org/object.groupby/-/object.groupby-1.0.3.tgz 3784ms (cache miss)
3235 http fetch GET 200 https://registry.npmjs.org/array.prototype.flatmap/-/array.prototype.flatmap-1.3.3.tgz 3780ms (cache miss)
3236 http fetch GET 200 https://registry.npmjs.org/object.fromentries/-/object.fromentries-2.0.8.tgz 3784ms (cache miss)
3237 http fetch GET 200 https://registry.npmjs.org/@nodelib/fs.scandir/-/fs.scandir-2.1.5.tgz 4013ms (cache miss)
3238 http fetch GET 200 https://registry.npmjs.org/string.prototype.matchall/-/string.prototype.matchall-4.1.0.tgz 3938ms (cache miss)
3239 http fetch GET 200 https://registry.npmjs.org/define-data-property/-/define-data-property-1.1.4.tgz 3875ms (cache miss)
3240 http fetch GET 200 https://registry.npmjs.org/es-object-atoms/-/es-object-atoms-1.1.2.tgz 3868ms (cache miss)
3241 http fetch GET 200 https://registry.npmjs.org/is-bun-module/-/is-bun-module-2.0.0.tgz 3820ms (cache miss)
3242 http fetch GET 200 https://registry.npmjs.org/@rtsao/scc/-/scc-1.1.0.tgz 3852ms (cache miss)
3243 http fetch GET 200 https://registry.npmjs.org/stable-hash/-/stable-hash-0.0.5.tgz 3940ms (cache miss)
3244 http fetch GET 200 https://registry.npmjs.org/has-proto/-/has-proto-1.2.0.tgz 4028ms (cache miss)
3245 http fetch GET 200 https://registry.npmjs.org/globalthis/-/globalthis-1.0.4.tgz 4029ms (cache miss)
3246 http fetch GET 200 https://registry.npmjs.org/arraybuffer.prototype.slice/-/arraybuffer.prototype.slice-1.0.4.tgz 4023ms (cache miss)
3247 http fetch GET 200 https://registry.npmjs.org/array.prototype.flat/-/array.prototype.flat-1.3.3.tgz 3999ms (cache miss)
3248 http fetch GET 200 https://registry.npmjs.org/hasown/-/hasown-2.0.4.tgz 4006ms (cache miss)
3249 http fetch GET 200 https://registry.npmjs.org/function-bind/-/function-bind-1.1.2.tgz 4026ms (cache miss)
3250 http fetch GET 200 https://registry.npmjs.org/unrs-resolver/-/unrs-resolver-1.12.2.tgz 3999ms (cache miss)
3251 http fetch GET 200 https://registry.npmjs.org/@nolyfill/is-core-module/-/is-core-module-1.0.39.tgz 3958ms (cache miss)
3252 http fetch GET 200 https://registry.npmjs.org/@babel/helper-module-transforms/-/helper-module-transforms-7.29.7.tgz 4204ms (cache miss)
3253 http fetch GET 200 https://registry.npmjs.org/tinyglobby/-/tinyglobby-0.2.17.tgz 4094ms (cache miss)
3254 http fetch GET 200 https://registry.npmjs.org/is-core-module/-/is-core-module-2.16.2.tgz 4039ms (cache miss)
3255 http fetch GET 200 https://registry.npmjs.org/which/-/which-2.0.2.tgz 4020ms (cache miss)
3256 http fetch GET 200 https://registry.npmjs.org/ms/-/ms-2.1.3.tgz 4020ms (cache miss)
3257 http fetch GET 200 https://registry.npmjs.org/path-key/-/path-key-3.1.1.tgz 4059ms (cache miss)
3258 http fetch GET 200 https://registry.npmjs.org/shebang-command/-/shebang-command-2.0.0.tgz 4061ms (cache miss)
3259 http fetch GET 200 https://registry.npmjs.org/color-name/-/color-name-1.1.4.tgz 4057ms (cache miss)
3260 http fetch GET 200 https://registry.npmjs.org/json-schema-traverse/-/json-schema-traverse-0.4.1.tgz 4051ms (cache miss)
3261 http fetch GET 200 https://registry.npmjs.org/ansi-styles/-/ansi-styles-4.3.0.tgz 4056ms (cache miss)
3262 http fetch GET 200 https://registry.npmjs.org/eslint-import-resolver-node/-/eslint-import-resolver-node-0.3.10.tgz 4111ms (cache miss)
3263 http fetch GET 200 https://registry.npmjs.org/color-convert/-/color-convert-2.0.1.tgz 4104ms (cache miss)
3264 http fetch GET 200 https://registry.npmjs.org/@humanfs/core/-/core-0.19.2.tgz 4093ms (cache miss)
3265 http fetch GET 200 https://registry.npmjs.org/supports-color/-/supports-color-7.2.0.tgz 4098ms (cache miss)
3266 http fetch GET 200 https://registry.npmjs.org/@types/json-schema/-/json-schema-7.0.15.tgz 4092ms (cache miss)
3267 http fetch GET 200 https://registry.npmjs.org/@humanfs/types/-/types-0.15.0.tgz 4099ms (cache miss)
3268 http fetch GET 200 https://registry.npmjs.org/strip-json-comments/-/strip-json-comments-3.1.1.tgz 4097ms (cache miss)
3269 http fetch GET 200 https://registry.npmjs.org/levn/-/levn-0.4.1.tgz 4097ms (cache miss)
3270 http fetch GET 200 https://registry.npmjs.org/import-fresh/-/import-fresh-3.3.1.tgz 4099ms (cache miss)
3271 http fetch GET 200 https://registry.npmjs.org/hermes-estree/-/hermes-estree-0.25.1.tgz 4437ms (cache miss)
3272 http fetch GET 200 https://registry.npmjs.org/typescript-eslint/-/typescript-eslint-8.70.0.tgz 4155ms (cache miss)
3273 http fetch GET 200 https://registry.npmjs.org/eslint-import-resolver-typescript/-/eslint-import-resolver-typescript-3.10.1.tgz 4141ms (cache miss)
3274 http fetch GET 200 https://registry.npmjs.org/globals/-/globals-14.0.0.tgz 4123ms (cache miss)
3275 http fetch GET 200 https://registry.npmjs.org/lodash.merge/-/lodash.merge-4.6.2.tgz 4114ms (cache miss)
3276 http fetch GET 200 https://registry.npmjs.org/json-stable-stringify-without-jsonify/-/json-stable-stringify-without-jsonify-1.0.1.tgz 4113ms (cache miss)
3277 http fetch GET 200 https://registry.npmjs.org/is-glob/-/is-glob-4.0.3.tgz 4113ms (cache miss)
3278 http fetch GET 200 https://registry.npmjs.org/minimatch/-/minimatch-3.1.5.tgz 4118ms (cache miss)
3279 http fetch GET 200 https://registry.npmjs.org/@nodelib/fs.walk/-/fs.walk-1.2.8.tgz 4405ms (cache miss)
3280 http fetch GET 200 https://registry.npmjs.org/@babel/template/-/template-7.29.7.tgz 4351ms (cache miss)
3281 http fetch GET 200 https://registry.npmjs.org/doctrine/-/doctrine-2.1.0.tgz 4255ms (cache miss)
3282 http fetch GET 200 https://registry.npmjs.org/optionator/-/optionator-0.9.4.tgz 4147ms (cache miss)
3283 http fetch GET 200 https://registry.npmjs.org/find-up/-/find-up-5.0.0.tgz 4137ms (cache miss)
3284 http fetch GET 200 https://registry.npmjs.org/fast-deep-equal/-/fast-deep-equal-3.1.3.tgz 4135ms (cache miss)
3285 http fetch GET 200 https://registry.npmjs.org/glob-parent/-/glob-parent-6.0.2.tgz 4138ms (cache miss)
3286 http fetch GET 200 https://registry.npmjs.org/ignore/-/ignore-5.3.2.tgz 4140ms (cache miss)
3287 http fetch GET 200 https://registry.npmjs.org/get-tsconfig/-/get-tsconfig-4.14.3.tgz 4234ms (cache miss)
3288 http fetch GET 200 https://registry.npmjs.org/natural-compare/-/natural-compare-1.4.0.tgz 4170ms (cache miss)
3289 http fetch GET 200 https://registry.npmjs.org/imurmurhash/-/imurmurhash-0.1.4.tgz 4164ms (cache miss)
3290 http fetch GET 200 https://registry.npmjs.org/esutils/-/esutils-2.0.3.tgz 4156ms (cache miss)
3291 http fetch GET 200 https://registry.npmjs.org/file-entry-cache/-/file-entry-cache-8.0.0.tgz 4161ms (cache miss)
3292 http fetch GET 200 https://registry.npmjs.org/eslint-visitor-keys/-/eslint-visitor-keys-4.2.1.tgz 4154ms (cache miss)
3293 http fetch GET 200 https://registry.npmjs.org/debug/-/debug-4.4.3.tgz 4153ms (cache miss)
3294 http fetch GET 200 https://registry.npmjs.org/call-bind-apply-helpers/-/call-bind-apply-helpers-1.0.2.tgz 4322ms (cache miss)
3295 http fetch GET 200 https://registry.npmjs.org/array.prototype.findlastindex/-/array.prototype.findlastindex-1.2.6.tgz 4304ms (cache miss)
3296 http fetch GET 200 https://registry.npmjs.org/chalk/-/chalk-4.1.2.tgz 4183ms (cache miss)
3297 http fetch GET 200 https://registry.npmjs.org/escape-string-regexp/-/escape-string-regexp-4.0.0.tgz 4180ms (cache miss)
3298 http fetch GET 200 https://registry.npmjs.org/@types/estree/-/estree-1.0.9.tgz 4182ms (cache miss)
3299 http fetch GET 200 https://registry.npmjs.org/@humanwhocodes/retry/-/retry-0.4.3.tgz 4182ms (cache miss)
3300 http fetch GET 200 https://registry.npmjs.org/object.assign/-/object.assign-4.1.7.tgz 4399ms (cache miss)
3301 http fetch GET 200 https://registry.npmjs.org/cross-spawn/-/cross-spawn-7.0.6.tgz 4220ms (cache miss)
3302 http fetch GET 200 https://registry.npmjs.org/@humanwhocodes/module-importer/-/module-importer-1.0.1.tgz 4215ms (cache miss)
3303 http fetch GET 200 https://registry.npmjs.org/graceful-fs/-/graceful-fs-4.2.11.tgz 4204ms (cache miss)
3304 http fetch GET 200 https://registry.npmjs.org/update-browserslist-db/-/update-browserslist-db-1.3.3.tgz 4203ms (cache miss)
3305 http fetch GET 200 https://registry.npmjs.org/@eslint/js/-/js-9.39.5.tgz 4211ms (cache miss)
3306 http fetch GET 200 https://registry.npmjs.org/@eslint/config-helpers/-/config-helpers-0.4.2.tgz 4210ms (cache miss)
3307 http fetch GET 200 https://registry.npmjs.org/@eslint/object-schema/-/object-schema-2.1.7.tgz 4270ms (cache miss)
3308 http fetch GET 200 https://registry.npmjs.org/https-proxy-agent/-/https-proxy-agent-5.0.1.tgz 4227ms (cache miss)
3309 http fetch GET 200 https://registry.npmjs.org/node-releases/-/node-releases-2.0.55.tgz 4231ms (cache miss)
3310 http fetch GET 200 https://registry.npmjs.org/json5/-/json5-2.2.3.tgz 4506ms (cache miss)
3311 http fetch GET 200 https://registry.npmjs.org/@humanfs/node/-/node-0.16.8.tgz 4274ms (cache miss)
3312 http fetch GET 200 https://registry.npmjs.org/postcss-value-parser/-/postcss-value-parser-4.2.0.tgz 4262ms (cache miss)
3313 http fetch GET 200 https://registry.npmjs.org/proxy-from-env/-/proxy-from-env-2.1.0.tgz 4269ms (cache miss)
3314 http fetch GET 200 https://registry.npmjs.org/follow-redirects/-/follow-redirects-1.16.0.tgz 4268ms (cache miss)
3315 http fetch GET 200 https://registry.npmjs.org/picocolors/-/picocolors-1.1.1.tgz 4269ms (cache miss)
3316 http fetch GET 200 https://registry.npmjs.org/sharp 3853ms (cache revalidated)
3317 silly packumentCache corgi:https://registry.npmjs.org/sharp set size:296651 disposed:false
3318 http fetch GET 200 https://registry.npmjs.org/postcss 3941ms (cache revalidated)
3319 silly packumentCache corgi:https://registry.npmjs.org/postcss set size:357674 disposed:false
3320 http fetch GET 200 https://registry.npmjs.org/array-includes/-/array-includes-3.2.0.tgz 4581ms (cache miss)
3321 http fetch GET 200 https://registry.npmjs.org/@jridgewell/resolve-uri/-/resolve-uri-3.1.2.tgz 4423ms (cache miss)
3322 http fetch GET 200 https://registry.npmjs.org/next 4046ms (cache revalidated)
3323 silly packumentCache corgi:https://registry.npmjs.org/next set size:25550024 disposed:false
3324 http fetch GET 200 https://registry.npmjs.org/espree/-/espree-10.4.0.tgz 6908ms (cache miss)
3325 http fetch GET 200 https://registry.npmjs.org/@eslint/core/-/core-0.17.0.tgz 6894ms (cache miss)
3326 http fetch GET 200 https://registry.npmjs.org/@alloc/quick-lru/-/quick-lru-5.3.0.tgz 6861ms (cache miss)
3327 http fetch GET 200 https://registry.npmjs.org/@tailwindcss/oxide/-/oxide-4.3.3.tgz 6867ms (cache miss)
3328 http fetch GET 200 https://registry.npmjs.org/@jridgewell/remapping/-/remapping-2.3.5.tgz 6870ms (cache miss)
3329 http fetch GET 200 https://registry.npmjs.org/ts-api-utils/-/ts-api-utils-2.5.0.tgz 7340ms (cache miss)
3330 http fetch GET 200 https://registry.npmjs.org/zod-validation-error/-/zod-validation-error-4.0.2.tgz 7148ms (cache miss)
3331 http fetch GET 200 https://registry.npmjs.org/fast-json-stable-stringify/-/fast-json-stable-stringify-2.1.0.tgz 6958ms (cache miss)
3332 http fetch GET 200 https://registry.npmjs.org/form-data/-/form-data-4.0.6.tgz 6904ms (cache miss)
3333 http fetch GET 200 https://registry.npmjs.org/browserslist/-/browserslist-4.29.0.tgz 6900ms (cache miss)
3334 http fetch GET 200 https://registry.npmjs.org/clsx/-/clsx-2.1.1.tgz 6874ms (cache miss)
3335 http fetch GET 200 https://registry.npmjs.org/eslint-config-next/-/eslint-config-next-16.1.6.tgz 6875ms (cache miss)
3336 http fetch GET 200 https://registry.npmjs.org/@types/react-dom/-/react-dom-19.3.0.tgz 6898ms (cache miss)
3337 http fetch GET 200 https://registry.npmjs.org/brace-expansion/-/brace-expansion-5.0.12.tgz 6894ms (cache miss)
3338 http fetch GET 200 https://registry.npmjs.org/eslint-visitor-keys/-/eslint-visitor-keys-5.0.1.tgz 6900ms (cache miss)
3339 http fetch GET 200 https://registry.npmjs.org/balanced-match/-/balanced-match-4.0.4.tgz 6898ms (cache miss)
3340 http fetch GET 200 https://registry.npmjs.org/fdir/-/fdir-6.5.0.tgz 6858ms (cache miss)
3341 http fetch GET 200 https://registry.npmjs.org/glob-parent/-/glob-parent-5.1.2.tgz 6857ms (cache miss)
3342 http fetch GET 200 https://registry.npmjs.org/ignore/-/ignore-7.0.9.tgz 6924ms (cache miss)
3343 http fetch GET 200 https://registry.npmjs.org/debug/-/debug-3.2.7.tgz 6880ms (cache miss)
3344 http fetch GET 200 https://registry.npmjs.org/eslint-visitor-keys/-/eslint-visitor-keys-3.4.3.tgz 6879ms (cache miss)
3345 http fetch GET 200 https://registry.npmjs.org/eslint-module-utils/-/eslint-module-utils-2.14.0.tgz 7166ms (cache miss)
3346 http fetch GET 200 https://registry.npmjs.org/baseline-browser-mapping/-/baseline-browser-mapping-2.11.24.tgz 7019ms (cache miss)
3347 http fetch GET 200 https://registry.npmjs.org/@emnapi/runtime/-/runtime-1.11.3.tgz 7458ms (cache miss)
3348 http fetch GET 200 https://registry.npmjs.org/@eslint/plugin-kit/-/plugin-kit-0.4.1.tgz 7062ms (cache miss)
3349 http fetch GET 200 https://registry.npmjs.org/eslint-scope/-/eslint-scope-8.4.0.tgz 7089ms (cache miss)
3350 http fetch GET 200 https://registry.npmjs.org/@tailwindcss/node/-/node-4.3.3.tgz 7048ms (cache miss)
3351 http fetch GET 200 https://registry.npmjs.org/tapable/-/tapable-2.3.3.tgz 7199ms (cache miss)
3352 http fetch GET 200 https://registry.npmjs.org/electron-to-chromium/-/electron-to-chromium-1.5.430.tgz 7197ms (cache miss)
3353 http fetch GET 200 https://registry.npmjs.org/@tailwindcss/postcss/-/postcss-4.3.3.tgz 7152ms (cache miss)
3354 http fetch GET 200 https://registry.npmjs.org/json5/-/json5-1.0.2.tgz 7117ms (cache miss)
3355 http fetch GET 200 https://registry.npmjs.org/picomatch/-/picomatch-4.0.7.tgz 7093ms (cache miss)
3356 http fetch GET 200 https://registry.npmjs.org/debug/-/debug-3.2.7.tgz 7113ms (cache miss)
3357 http fetch GET 200 https://registry.npmjs.org/debug/-/debug-3.2.7.tgz 7079ms (cache miss)
3358 http fetch GET 200 https://registry.npmjs.org/acorn/-/acorn-8.18.0.tgz 7511ms (cache miss)
3359 http fetch GET 200 https://registry.npmjs.org/@typescript-eslint/type-utils/-/type-utils-8.70.0.tgz 7656ms (cache miss)
3360 http fetch GET 200 https://registry.npmjs.org/globals/-/globals-16.4.0.tgz 7105ms (cache miss)
3361 http fetch GET 200 https://registry.npmjs.org/object-inspect/-/object-inspect-1.13.4.tgz 7546ms (cache miss)
3362 http fetch GET 200 https://registry.npmjs.org/@img/sharp-linux-x64/-/sharp-linux-x64-0.34.5.tgz 7885ms (cache miss)
3363 http fetch GET 200 https://registry.npmjs.org/source-map-js/-/source-map-js-1.2.1.tgz 7459ms (cache miss)
3364 http fetch GET 200 https://registry.npmjs.org/fraction.js/-/fraction.js-5.3.4.tgz 7578ms (cache miss)
3365 http fetch GET 200 https://registry.npmjs.org/@eslint-community/regexpp/-/regexpp-4.12.2.tgz 7620ms (cache miss)
3366 http fetch GET 200 https://registry.npmjs.org/sharp/-/sharp-0.34.5.tgz 8053ms (cache miss)
3367 http fetch GET 200 https://registry.npmjs.org/@eslint-community/eslint-utils/-/eslint-utils-4.10.1.tgz 7666ms (cache miss)
3368 http fetch GET 200 https://registry.npmjs.org/@jridgewell/sourcemap-codec/-/sourcemap-codec-1.6.0.tgz 7656ms (cache miss)
3369 http fetch GET 200 https://registry.npmjs.org/magic-string/-/magic-string-0.30.21.tgz 7659ms (cache miss)
3370 http fetch GET 200 https://registry.npmjs.org/@jridgewell/gen-mapping/-/gen-mapping-0.3.13.tgz 7675ms (cache miss)
3371 http fetch GET 200 https://registry.npmjs.org/react/-/react-19.2.3.tgz 7669ms (cache miss)
3372 http fetch GET 200 https://registry.npmjs.org/@types/react/-/react-19.3.0.tgz 7659ms (cache miss)
3373 http fetch GET 200 https://registry.npmjs.org/@eslint/config-array/-/config-array-0.21.2.tgz 7717ms (cache miss)
3374 http fetch GET 200 https://registry.npmjs.org/lightningcss/-/lightningcss-1.32.0.tgz 7705ms (cache miss)
3375 http fetch GET 200 https://registry.npmjs.org/undici-types/-/undici-types-6.21.0.tgz 7736ms (cache miss)
3376 http fetch GET 200 https://registry.npmjs.org/@emnapi/runtime/-/runtime-1.10.0.tgz 7704ms (cache miss)
3377 http fetch GET 200 https://registry.npmjs.org/motion-utils/-/motion-utils-12.39.0.tgz 8138ms (cache miss)
3378 http fetch GET 200 https://registry.npmjs.org/@napi-rs/wasm-runtime/-/wasm-runtime-1.2.4.tgz 8267ms (cache miss)
3379 http fetch GET 200 https://registry.npmjs.org/@next/eslint-plugin-next/-/eslint-plugin-next-16.1.6.tgz 7886ms (cache miss)
3380 http fetch GET 200 https://registry.npmjs.org/@jridgewell/trace-mapping/-/trace-mapping-0.3.31.tgz 7852ms (cache miss)
3381 http fetch GET 200 https://registry.npmjs.org/semver/-/semver-7.8.5.tgz 7823ms (cache miss)
3382 http fetch GET 200 https://registry.npmjs.org/semver/-/semver-7.8.5.tgz 7809ms (cache miss)
3383 http fetch GET 200 https://registry.npmjs.org/semver/-/semver-7.8.5.tgz 7780ms (cache miss)
3384 http fetch GET 200 https://registry.npmjs.org/@tybys/wasm-util/-/wasm-util-0.10.4.tgz 8351ms (cache miss)
3385 http fetch GET 200 https://registry.npmjs.org/@babel/generator/-/generator-7.29.8.tgz 8156ms (cache miss)
3386 http fetch GET 200 https://registry.npmjs.org/styled-jsx/-/styled-jsx-5.1.6.tgz 8310ms (cache miss)
3387 http fetch GET 200 https://registry.npmjs.org/fast-glob/-/fast-glob-3.3.1.tgz 8004ms (cache miss)
3388 http fetch GET 200 https://registry.npmjs.org/@typescript-eslint/utils/-/utils-8.70.0.tgz 8407ms (cache miss)
3389 http fetch GET 200 https://registry.npmjs.org/uri-js/-/uri-js-4.4.1.tgz 8037ms (cache miss)
3390 http fetch GET 200 https://registry.npmjs.org/postcss/-/postcss-8.5.28.tgz 7965ms (cache miss)
3391 http fetch GET 200 https://registry.npmjs.org/postcss/-/postcss-8.4.31.tgz 7900ms (cache miss)
3392 http fetch GET 200 https://registry.npmjs.org/esquery/-/esquery-1.7.0.tgz 8054ms (cache miss)
3393 http fetch GET 200 https://registry.npmjs.org/csstype/-/csstype-3.2.3.tgz 8034ms (cache miss)
3394 http fetch GET 200 https://registry.npmjs.org/@eslint/eslintrc/-/eslintrc-3.3.7.tgz 8087ms (cache miss)
3395 http fetch GET 200 https://registry.npmjs.org/tailwindcss/-/tailwindcss-4.3.3.tgz 8065ms (cache miss)
3396 http fetch GET 200 https://registry.npmjs.org/enhanced-resolve/-/enhanced-resolve-5.25.1.tgz 8090ms (cache miss)
3397 http fetch GET 200 https://registry.npmjs.org/language-subtag-registry/-/language-subtag-registry-0.3.23.tgz 8486ms (cache miss)
3398 http fetch GET 200 https://registry.npmjs.org/tsconfig-paths/-/tsconfig-paths-3.15.0.tgz 8274ms (cache miss)
3399 http fetch GET 200 https://registry.npmjs.org/minimatch/-/minimatch-10.2.6.tgz 8080ms (cache miss)
3400 http fetch GET 200 https://registry.npmjs.org/js-yaml/-/js-yaml-4.3.2.tgz 8206ms (cache miss)
3401 http fetch GET 200 https://registry.npmjs.org/hermes-parser/-/hermes-parser-0.25.1.tgz 8435ms (cache miss)
3402 http fetch GET 200 https://registry.npmjs.org/@babel/traverse/-/traverse-7.29.8.tgz 8458ms (cache miss)
3403 http fetch GET 200 https://registry.npmjs.org/@typescript-eslint/typescript-estree/-/typescript-estree-8.70.0.tgz 8655ms (cache miss)
3404 http fetch GET 200 https://registry.npmjs.org/autoprefixer/-/autoprefixer-10.6.1.tgz 8196ms (cache miss)
3405 http fetch GET 200 https://registry.npmjs.org/jsx-ast-utils/-/jsx-ast-utils-3.3.5.tgz 8483ms (cache miss)
3406 http fetch GET 200 https://registry.npmjs.org/tailwind-merge/-/tailwind-merge-3.7.0.tgz 8229ms (cache miss)
3407 http fetch GET 200 https://registry.npmjs.org/axobject-query/-/axobject-query-4.1.0.tgz 8487ms (cache miss)
3408 http fetch GET 200 https://registry.npmjs.org/@babel/parser/-/parser-7.29.8.tgz 8524ms (cache miss)
3409 http fetch GET 200 https://registry.npmjs.org/@emnapi/core/-/core-1.10.0.tgz 8760ms (cache miss)
3410 http fetch GET 200 https://registry.npmjs.org/jiti/-/jiti-2.7.0.tgz 8328ms (cache miss)
3411 http fetch GET 200 https://registry.npmjs.org/@unrs/resolver-binding-linux-x64-gnu/-/resolver-binding-linux-x64-gnu-1.12.2.tgz 9038ms (cache miss)
3412 http fetch GET 200 https://registry.npmjs.org/ajv/-/ajv-6.15.0.tgz 8638ms (cache miss)
3413 http fetch GET 200 https://registry.npmjs.org/aria-query/-/aria-query-5.3.2.tgz 8847ms (cache miss)
3414 http fetch GET 200 https://registry.npmjs.org/es-iterator-helpers/-/es-iterator-helpers-1.4.0.tgz 8990ms (cache miss)
3415 http fetch GET 200 https://registry.npmjs.org/@babel/core/-/core-7.29.7.tgz 9056ms (cache miss)
3416 http fetch GET 200 https://registry.npmjs.org/@tailwindcss/oxide-linux-x64-gnu/-/oxide-linux-x64-gnu-4.3.3.tgz 8810ms (cache miss)
3417 http fetch GET 200 https://registry.npmjs.org/axe-core/-/axe-core-4.13.0.tgz 9064ms (cache miss)
3418 http fetch GET 200 https://registry.npmjs.org/resolve/-/resolve-2.0.0-next.7.tgz 8973ms (cache miss)
3419 http fetch GET 200 https://registry.npmjs.org/@types/node/-/node-20.19.43.tgz 8898ms (cache miss)
3420 http fetch GET 200 https://registry.npmjs.org/eslint-plugin-react-hooks/-/eslint-plugin-react-hooks-7.1.1.tgz 9036ms (cache miss)
3421 http fetch GET 200 https://registry.npmjs.org/eslint-plugin-import/-/eslint-plugin-import-2.32.0.tgz 9033ms (cache miss)
3422 http fetch GET 200 https://registry.npmjs.org/axios/-/axios-1.20.0.tgz 8971ms (cache miss)
3423 http fetch GET 200 https://registry.npmjs.org/@babel/helpers/-/helpers-7.29.7.tgz 9337ms (cache miss)
3424 http fetch GET 200 https://registry.npmjs.org/eslint-plugin-jsx-a11y/-/eslint-plugin-jsx-a11y-6.10.2.tgz 9233ms (cache miss)
3425 http fetch GET 200 https://registry.npmjs.org/@typescript-eslint/scope-manager/-/scope-manager-8.70.0.tgz 9655ms (cache miss)
3426 http fetch GET 200 https://registry.npmjs.org/@babel/types/-/types-7.29.8.tgz 9666ms (cache miss)
3427 http fetch GET 200 https://registry.npmjs.org/eslint-plugin-react/-/eslint-plugin-react-7.37.5.tgz 9732ms (cache miss)
3428 http fetch GET 200 https://registry.npmjs.org/react-dom/-/react-dom-19.2.3.tgz 9701ms (cache miss)
3429 http fetch GET 200 https://registry.npmjs.org/@typescript-eslint/eslint-plugin/-/eslint-plugin-8.70.0.tgz 10387ms (cache miss)
3430 http fetch GET 200 https://registry.npmjs.org/@swc/helpers/-/helpers-0.5.15.tgz 10470ms (cache miss)
3431 http fetch GET 200 https://registry.npmjs.org/lightningcss-linux-x64-gnu/-/lightningcss-linux-x64-gnu-1.32.0.tgz 10488ms (cache miss)
3432 http fetch GET 200 https://registry.npmjs.org/eslint/-/eslint-9.39.5.tgz 10130ms (cache miss)
3433 warn deprecated eslint@9.39.5: This version is no longer supported. Please see https://eslint.org/version-support for other options.
3434 http fetch GET 200 https://registry.npmjs.org/framer-motion/-/framer-motion-12.43.0.tgz 10320ms (cache miss)
3435 http fetch GET 200 https://registry.npmjs.org/motion-dom/-/motion-dom-12.43.0.tgz 10750ms (cache miss)
3436 http fetch GET 200 https://registry.npmjs.org/caniuse-lite/-/caniuse-lite-1.0.30001810.tgz 10438ms (cache miss)
3437 http fetch GET 200 https://registry.npmjs.org/@img/sharp-libvips-linux-x64/-/sharp-libvips-linux-x64-1.2.4.tgz 11039ms (cache miss)
3438 http fetch GET 200 https://registry.npmjs.org/zod/-/zod-4.6.5.tgz 11059ms (cache miss)
3439 http fetch GET 200 https://registry.npmjs.org/typescript/-/typescript-5.9.3.tgz 10995ms (cache miss)
3440 http fetch GET 200 https://registry.npmjs.org/es-abstract/-/es-abstract-1.24.2.tgz 11740ms (cache miss)
3441 http fetch GET 200 https://registry.npmjs.org/lucide-react/-/lucide-react-0.563.0.tgz 13399ms (cache miss)
3442 http fetch GET 200 https://registry.npmjs.org/@next/swc-linux-x64-gnu/-/swc-linux-x64-gnu-16.1.6.tgz 14435ms (cache miss)
3443 http fetch GET 200 https://registry.npmjs.org/next/-/next-16.1.6.tgz 18376ms (cache miss)
3444 info run sharp@0.34.5 install node_modules/sharp node install/check.js || npm run build
3445 info run sharp@0.34.5 install { code: 0, signal: null }
3446 info run unrs-resolver@1.12.2 postinstall node_modules/unrs-resolver node postinstall.js
3447 info run unrs-resolver@1.12.2 postinstall { code: 0, signal: null }
3448 silly ADD node_modules/is-weakset
3449 silly ADD node_modules/is-weakmap
3450 silly ADD node_modules/is-map
3451 silly ADD node_modules/generator-function
3452 silly ADD node_modules/async-function
3453 silly ADD node_modules/which-collection
3454 silly ADD node_modules/is-generator-function
3455 silly ADD node_modules/is-finalizationregistry
3456 silly ADD node_modules/is-async-function
3457 silly ADD node_modules/is-number-object
3458 silly ADD node_modules/is-boolean-object
3459 silly ADD node_modules/is-bigint
3460 silly ADD node_modules/isexe
3461 silly ADD node_modules/punycode
3462 silly ADD node_modules/escalade
3463 silly ADD node_modules/@tybys/wasm-util
3464 silly ADD node_modules/@emnapi/wasi-threads
3465 silly ADD node_modules/@napi-rs/wasm-runtime
3466 silly ADD node_modules/@emnapi/core
3467 silly ADD node_modules/napi-postinstall
3468 silly ADD
3469 silly ADD
3470 silly ADD
3471 silly ADD
3472 silly ADD node_modules/@emnapi/runtime
3473 silly ADD
3474 silly ADD
3475 silly ADD node_modules/@unrs/resolver-binding-linux-x64-gnu
3476 silly ADD
3477 silly ADD
3478 silly ADD
3479 silly ADD
3480 silly ADD
3481 silly ADD
3482 silly ADD
3483 silly ADD
3484 silly ADD
3485 silly ADD
3486 silly ADD
3487 silly ADD
3488 silly ADD
3489 silly ADD
3490 silly ADD
3491 silly ADD node_modules/which-boxed-primitive
3492 silly ADD node_modules/has-bigints
3493 silly ADD node_modules/@typescript-eslint/tsconfig-utils
3494 silly ADD node_modules/@typescript-eslint/project-service
3495 silly ADD node_modules/@typescript-eslint/types
3496 silly ADD node_modules/ts-api-utils
3497 silly ADD node_modules/@typescript-eslint/visitor-keys
3498 silly ADD node_modules/@typescript-eslint/visitor-keys/node_modules/eslint-visitor-keys
3499 silly ADD node_modules/@typescript-eslint/type-utils
3500 silly ADD node_modules/@typescript-eslint/scope-manager
3501 silly ADD node_modules/@typescript-eslint/utils
3502 silly ADD node_modules/@typescript-eslint/typescript-estree
3503 silly ADD node_modules/@typescript-eslint/typescript-estree/node_modules/balanced-match
3504 silly ADD node_modules/@typescript-eslint/typescript-estree/node_modules/brace-expansion
3505 silly ADD node_modules/@typescript-eslint/typescript-estree/node_modules/semver
3506 silly ADD node_modules/@typescript-eslint/typescript-estree/node_modules/minimatch
3507 silly ADD node_modules/@typescript-eslint/parser
3508 silly ADD node_modules/@typescript-eslint/eslint-plugin
3509 silly ADD node_modules/@typescript-eslint/eslint-plugin/node_modules/ignore
3510 silly ADD node_modules/which-builtin-type
3511 silly ADD node_modules/reflect.getprototypeof
3512 silly ADD node_modules/for-each
3513 silly ADD node_modules/strip-bom
3514 silly ADD node_modules/minimist
3515 silly ADD node_modules/@types/json5
3516 silly ADD node_modules/is-number
3517 silly ADD node_modules/has-flag
3518 silly ADD node_modules/client-only
3519 silly ADD node_modules/side-channel-weakmap
3520 silly ADD node_modules/side-channel-map
3521 silly ADD node_modules/side-channel-list
3522 silly ADD node_modules/shebang-regex
3523 silly ADD node_modules/@emnapi/runtime
3524 silly ADD
3525 silly ADD
3526 silly ADD
3527 silly ADD
3528 silly ADD
3529 silly ADD
3530 silly ADD node_modules/@img/sharp-linux-x64
3531 silly ADD
3532 silly ADD
3533 silly ADD
3534 silly ADD
3535 silly ADD
3536 silly ADD
3537 silly ADD
3538 silly ADD node_modules/@img/sharp-libvips-linux-x64
3539 silly ADD
3540 silly ADD
3541 silly ADD
3542 silly ADD
3543 silly ADD
3544 silly ADD
3545 silly ADD
3546 silly ADD
3547 silly ADD
3548 silly ADD node_modules/@img/colour
3549 silly ADD node_modules/isarray
3550 silly ADD node_modules/queue-microtask
3551 silly ADD node_modules/supports-preserve-symlinks-flag
3552 silly ADD node_modules/path-parse
3553 silly ADD node_modules/node-exports-info
3554 silly ADD node_modules/scheduler
3555 silly ADD node_modules/react-is
3556 silly ADD node_modules/object-assign
3557 silly ADD node_modules/loose-envify
3558 silly ADD node_modules/nanoid
3559 silly ADD node_modules/callsites
3560 silly ADD node_modules/yocto-queue
3561 silly ADD node_modules/p-limit
3562 silly ADD node_modules/word-wrap
3563 silly ADD node_modules/fast-levenshtein
3564 silly ADD node_modules/deep-is
3565 silly ADD node_modules/styled-jsx
3566 silly ADD node_modules/sharp
3567 silly ADD node_modules/sharp/node_modules/semver
3568 silly ADD node_modules/@swc/helpers
3569 silly ADD
3570 silly ADD
3571 silly ADD
3572 silly ADD node_modules/@next/swc-linux-x64-gnu
3573 silly ADD
3574 silly ADD
3575 silly ADD
3576 silly ADD
3577 silly ADD node_modules/@next/env
3578 silly ADD node_modules/concat-map
3579 silly ADD node_modules/balanced-match
3580 silly ADD node_modules/brace-expansion
3581 silly ADD node_modules/mime-db
3582 silly ADD node_modules/to-regex-range
3583 silly ADD node_modules/fill-range
3584 silly ADD node_modules/picomatch
3585 silly ADD node_modules/braces
3586 silly ADD node_modules/yallist
3587 silly ADD node_modules/p-locate
3588 silly ADD
3589 silly ADD
3590 silly ADD
3591 silly ADD node_modules/lightningcss-linux-x64-gnu
3592 silly ADD
3593 silly ADD
3594 silly ADD
3595 silly ADD
3596 silly ADD
3597 silly ADD
3598 silly ADD
3599 silly ADD node_modules/detect-libc
3600 silly ADD node_modules/type-check
3601 silly ADD node_modules/prelude-ls
3602 silly ADD node_modules/language-subtag-registry
3603 silly ADD node_modules/json-buffer
3604 silly ADD node_modules/argparse
3605 silly ADD node_modules/set-function-name
3606 silly ADD node_modules/is-extglob
3607 silly ADD node_modules/side-channel
3608 silly ADD node_modules/resolve-from
3609 silly ADD node_modules/parent-module
3610 silly ADD node_modules/agent-base
3611 silly ADD node_modules/hermes-estree
3612 silly ADD node_modules/resolve-pkg-maps
3613 silly ADD node_modules/dunder-proto
3614 silly ADD node_modules/is-document.all
3615 silly ADD node_modules/functions-have-names
3616 silly ADD node_modules/tslib
3617 silly ADD node_modules/motion-utils
3618 silly ADD node_modules/motion-dom
3619 silly ADD node_modules/delayed-stream
3620 silly ADD node_modules/mime-types
3621 silly ADD node_modules/combined-stream
3622 silly ADD node_modules/asynckit
3623 silly ADD node_modules/keyv
3624 silly ADD node_modules/flatted
3625 silly ADD node_modules/path-exists
3626 silly ADD node_modules/locate-path
3627 silly ADD node_modules/flat-cache
3628 silly ADD node_modules/reusify
3629 silly ADD node_modules/run-parallel
3630 silly ADD node_modules/fastq
3631 silly ADD node_modules/@nodelib/fs.scandir
3632 silly ADD node_modules/micromatch
3633 silly ADD node_modules/merge2
3634 silly ADD node_modules/@nodelib/fs.walk
3635 silly ADD node_modules/@nodelib/fs.stat
3636 silly ADD node_modules/acorn-jsx
3637 silly ADD node_modules/acorn
3638 silly ADD node_modules/esrecurse
3639 silly ADD node_modules/@babel/helper-string-parser
3640 silly ADD node_modules/@babel/helper-globals
3641 silly ADD node_modules/@babel/helper-module-imports
3642 silly ADD node_modules/lru-cache
3643 silly ADD node_modules/@babel/helper-validator-option
3644 silly ADD node_modules/@babel/compat-data
3645 silly ADD node_modules/jsesc
3646 silly ADD node_modules/js-tokens
3647 silly ADD node_modules/@babel/helper-validator-identifier
3648 silly ADD node_modules/json5
3649 silly ADD node_modules/gensync
3650 silly ADD node_modules/convert-source-map
3651 silly ADD node_modules/@babel/types
3652 silly ADD node_modules/@babel/traverse
3653 silly ADD node_modules/@babel/template
3654 silly ADD node_modules/@babel/helpers
3655 silly ADD node_modules/@babel/helper-module-transforms
3656 silly ADD node_modules/@babel/helper-compilation-targets
3657 silly ADD node_modules/@babel/generator
3658 silly ADD node_modules/@babel/code-frame
3659 silly ADD node_modules/zod-validation-error
3660 silly ADD node_modules/zod
3661 silly ADD node_modules/hermes-parser
3662 silly ADD node_modules/@babel/parser
3663 silly ADD node_modules/@babel/core
3664 silly ADD node_modules/iterator.prototype
3665 silly ADD node_modules/string.prototype.repeat
3666 silly ADD node_modules/string.prototype.matchall
3667 silly ADD node_modules/prop-types
3668 silly ADD node_modules/object.entries
3669 silly ADD node_modules/estraverse
3670 silly ADD node_modules/es-iterator-helpers
3671 silly ADD node_modules/array.prototype.tosorted
3672 silly ADD node_modules/array.prototype.findlast
3673 silly ADD node_modules/string.prototype.includes
3674 silly ADD node_modules/language-tags
3675 silly ADD node_modules/jsx-ast-utils
3676 silly ADD node_modules/emoji-regex
3677 silly ADD node_modules/damerau-levenshtein
3678 silly ADD node_modules/axobject-query
3679 silly ADD node_modules/axe-core
3680 silly ADD node_modules/ast-types-flow
3681 silly ADD node_modules/aria-query
3682 silly ADD node_modules/is-symbol
3683 silly ADD node_modules/is-date-object
3684 silly ADD node_modules/es-abstract-get
3685 silly ADD node_modules/has-tostringtag
3686 silly ADD node_modules/possible-typed-array-names
3687 silly ADD node_modules/which-typed-array
3688 silly ADD node_modules/unbox-primitive
3689 silly ADD node_modules/typed-array-length
3690 silly ADD node_modules/typed-array-byte-offset
3691 silly ADD node_modules/typed-array-byte-length
3692 silly ADD node_modules/typed-array-buffer
3693 silly ADD node_modules/string.prototype.trimstart
3694 silly ADD node_modules/string.prototype.trim
3695 silly ADD node_modules/stop-iteration-iterator
3696 silly ADD node_modules/set-proto
3697 silly ADD node_modules/safe-regex-test
3698 silly ADD node_modules/safe-push-apply
3699 silly ADD node_modules/safe-array-concat
3700 silly ADD node_modules/regexp.prototype.flags
3701 silly ADD node_modules/own-keys
3702 silly ADD node_modules/object.assign
3703 silly ADD node_modules/object-inspect
3704 silly ADD node_modules/is-weakref
3705 silly ADD node_modules/is-typed-array
3706 silly ADD node_modules/is-shared-array-buffer
3707 silly ADD node_modules/is-set
3708 silly ADD node_modules/is-regex
3709 silly ADD node_modules/is-negative-zero
3710 silly ADD node_modules/is-data-view
3711 silly ADD node_modules/is-callable
3712 silly ADD node_modules/is-array-buffer
3713 silly ADD node_modules/internal-slot
3714 silly ADD node_modules/has-symbols
3715 silly ADD node_modules/has-proto
3716 silly ADD node_modules/globalthis
3717 silly ADD node_modules/get-symbol-description
3718 silly ADD node_modules/get-proto
3719 silly ADD node_modules/function.prototype.name
3720 silly ADD node_modules/es-to-primitive
3721 silly ADD node_modules/es-set-tostringtag
3722 silly ADD node_modules/data-view-byte-offset
3723 silly ADD node_modules/data-view-byte-length
3724 silly ADD node_modules/data-view-buffer
3725 silly ADD node_modules/available-typed-arrays
3726 silly ADD node_modules/arraybuffer.prototype.slice
3727 silly ADD node_modules/array-buffer-byte-length
3728 silly ADD node_modules/gopd
3729 silly ADD node_modules/object-keys
3730 silly ADD node_modules/has-property-descriptors
3731 silly ADD node_modules/define-data-property
3732 silly ADD node_modules/function-bind
3733 silly ADD node_modules/set-function-length
3734 silly ADD node_modules/get-intrinsic
3735 silly ADD node_modules/es-define-property
3736 silly ADD node_modules/call-bind-apply-helpers
3737 silly ADD node_modules/es-errors
3738 silly ADD node_modules/math-intrinsics
3739 silly ADD node_modules/is-string
3740 silly ADD node_modules/es-shim-unscopables
3741 silly ADD node_modules/es-object-atoms
3742 silly ADD node_modules/es-abstract
3743 silly ADD node_modules/define-properties
3744 silly ADD node_modules/call-bound
3745 silly ADD node_modules/call-bind
3746 silly ADD node_modules/tsconfig-paths
3747 silly ADD node_modules/tsconfig-paths/node_modules/json5
3748 silly ADD node_modules/string.prototype.trimend
3749 silly ADD node_modules/semver
3750 silly ADD node_modules/object.values
3751 silly ADD node_modules/object.groupby
3752 silly ADD node_modules/object.fromentries
3753 silly ADD node_modules/hasown
3754 silly ADD node_modules/eslint-module-utils
3755 silly ADD node_modules/eslint-module-utils/node_modules/debug
3756 silly ADD node_modules/doctrine
3757 silly ADD node_modules/array.prototype.flatmap
3758 silly ADD node_modules/array.prototype.flat
3759 silly ADD node_modules/array.prototype.findlastindex
3760 silly ADD node_modules/array-includes
3761 silly ADD node_modules/@rtsao/scc
3762 silly ADD node_modules/unrs-resolver
3763 silly ADD node_modules/tinyglobby
3764 silly ADD node_modules/tinyglobby/node_modules/picomatch
3765 silly ADD node_modules/tinyglobby/node_modules/fdir
3766 silly ADD node_modules/stable-hash
3767 silly ADD node_modules/is-bun-module
3768 silly ADD node_modules/is-bun-module/node_modules/semver
3769 silly ADD node_modules/get-tsconfig
3770 silly ADD node_modules/@nolyfill/is-core-module
3771 silly ADD node_modules/resolve
3772 silly ADD node_modules/is-core-module
3773 silly ADD node_modules/fast-glob
3774 silly ADD node_modules/fast-glob/node_modules/glob-parent
3775 silly ADD node_modules/typescript-eslint
3776 silly ADD node_modules/eslint-plugin-react-hooks
3777 silly ADD node_modules/eslint-plugin-react
3778 silly ADD node_modules/eslint-plugin-jsx-a11y
3779 silly ADD node_modules/eslint-plugin-import
3780 silly ADD node_modules/eslint-plugin-import/node_modules/debug
3781 silly ADD node_modules/eslint-import-resolver-typescript
3782 silly ADD node_modules/eslint-import-resolver-node
3783 silly ADD node_modules/eslint-import-resolver-node/node_modules/debug
3784 silly ADD node_modules/@next/eslint-plugin-next
3785 silly ADD node_modules/ms
3786 silly ADD node_modules/which
3787 silly ADD node_modules/shebang-command
3788 silly ADD node_modules/path-key
3789 silly ADD node_modules/color-name
3790 silly ADD node_modules/color-convert
3791 silly ADD node_modules/supports-color
3792 silly ADD node_modules/ansi-styles
3793 silly ADD node_modules/uri-js
3794 silly ADD node_modules/json-schema-traverse
3795 silly ADD node_modules/fast-json-stable-stringify
3796 silly ADD node_modules/@humanfs/types
3797 silly ADD node_modules/@humanfs/core
3798 silly ADD node_modules/levn
3799 silly ADD node_modules/strip-json-comments
3800 silly ADD node_modules/js-yaml
3801 silly ADD node_modules/import-fresh
3802 silly ADD node_modules/globals
3803 silly ADD node_modules/@types/json-schema
3804 silly ADD node_modules/@eslint/object-schema
3805 silly ADD node_modules/optionator
3806 silly ADD node_modules/natural-compare
3807 silly ADD node_modules/minimatch
3808 silly ADD node_modules/lodash.merge
3809 silly ADD node_modules/json-stable-stringify-without-jsonify
3810 silly ADD node_modules/is-glob
3811 silly ADD node_modules/imurmurhash
3812 silly ADD node_modules/ignore
3813 silly ADD node_modules/glob-parent
3814 silly ADD node_modules/find-up
3815 silly ADD node_modules/file-entry-cache
3816 silly ADD node_modules/fast-deep-equal
3817 silly ADD node_modules/esutils
3818 silly ADD node_modules/esquery
3819 silly ADD node_modules/espree
3820 silly ADD node_modules/eslint-visitor-keys
3821 silly ADD node_modules/eslint-scope
3822 silly ADD node_modules/escape-string-regexp
3823 silly ADD node_modules/debug
3824 silly ADD node_modules/cross-spawn
3825 silly ADD node_modules/chalk
3826 silly ADD node_modules/ajv
3827 silly ADD node_modules/@types/estree
3828 silly ADD node_modules/@humanwhocodes/retry
3829 silly ADD node_modules/@humanwhocodes/module-importer
3830 silly ADD node_modules/@humanfs/node
3831 silly ADD node_modules/@eslint/plugin-kit
3832 silly ADD node_modules/@eslint/js
3833 silly ADD node_modules/@eslint/eslintrc
3834 silly ADD node_modules/@eslint/core
3835 silly ADD node_modules/@eslint/config-helpers
3836 silly ADD node_modules/@eslint/config-array
3837 silly ADD node_modules/@eslint-community/regexpp
3838 silly ADD node_modules/@eslint-community/eslint-utils
3839 silly ADD node_modules/@eslint-community/eslint-utils/node_modules/eslint-visitor-keys
3840 silly ADD node_modules/tapable
3841 silly ADD node_modules/graceful-fs
3842 silly ADD node_modules/update-browserslist-db
3843 silly ADD node_modules/node-releases
3844 silly ADD node_modules/electron-to-chromium
3845 silly ADD node_modules/baseline-browser-mapping
3846 silly ADD node_modules/proxy-from-env
3847 silly ADD node_modules/https-proxy-agent
3848 silly ADD node_modules/form-data
3849 silly ADD node_modules/follow-redirects
3850 silly ADD node_modules/postcss-value-parser
3851 silly ADD node_modules/picocolors
3852 silly ADD node_modules/fraction.js
3853 silly ADD node_modules/caniuse-lite
3854 silly ADD node_modules/browserslist
3855 silly ADD node_modules/csstype
3856 silly ADD node_modules/undici-types
3857 silly ADD
3858 silly ADD
3859 silly ADD
3860 silly ADD
3861 silly ADD node_modules/@tailwindcss/oxide-linux-x64-gnu
3862 silly ADD
3863 silly ADD
3864 silly ADD
3865 silly ADD
3866 silly ADD
3867 silly ADD
3868 silly ADD
3869 silly ADD node_modules/@jridgewell/resolve-uri
3870 silly ADD node_modules/@jridgewell/sourcemap-codec
3871 silly ADD node_modules/@jridgewell/trace-mapping
3872 silly ADD node_modules/@jridgewell/gen-mapping
3873 silly ADD node_modules/source-map-js
3874 silly ADD node_modules/magic-string
3875 silly ADD node_modules/lightningcss
3876 silly ADD node_modules/jiti
3877 silly ADD node_modules/enhanced-resolve
3878 silly ADD node_modules/@jridgewell/remapping
3879 silly ADD node_modules/@tailwindcss/oxide
3880 silly ADD node_modules/@tailwindcss/node
3881 silly ADD node_modules/@alloc/quick-lru
3882 silly ADD node_modules/typescript
3883 silly ADD node_modules/tailwindcss
3884 silly ADD node_modules/tailwind-merge
3885 silly ADD node_modules/react-dom
3886 silly ADD node_modules/next
3887 silly ADD node_modules/next/node_modules/postcss
3888 silly ADD node_modules/react
3889 silly ADD node_modules/lucide-react
3890 silly ADD node_modules/framer-motion
3891 silly ADD node_modules/eslint-config-next
3892 silly ADD node_modules/eslint-config-next/node_modules/globals
3893 silly ADD node_modules/eslint
3894 silly ADD node_modules/clsx
3895 silly ADD node_modules/axios
3896 silly ADD node_modules/postcss
3897 silly ADD node_modules/autoprefixer
3898 silly ADD node_modules/@types/react-dom
3899 silly ADD node_modules/@types/react
3900 silly ADD node_modules/@types/node
3901 silly ADD node_modules/@tailwindcss/postcss
3902 verbose cwd /home/ubuntu/frontend
3903 verbose os Linux 7.0.0-1012-aws
3904 verbose node v20.20.2
3905 verbose npm  v10.8.2
3906 verbose exit 0
3907 info ok
