0 verbose cli /usr/bin/node /usr/bin/npm
1 info using npm@10.8.2
2 info using node@v20.20.2
3 silly config load:file:/usr/lib/node_modules/npm/npmrc
4 silly config load:file:/home/ubuntu/frontend/.npmrc
5 silly config load:file:/home/ubuntu/.npmrc
6 silly config load:file:/usr/etc/npmrc
7 verbose title npm install
8 verbose argv "install"
9 verbose logfile logs-max:10 dir:/home/ubuntu/.npm/_logs/2026-09-16T15_32_32_719Z-
10 verbose logfile /home/ubuntu/.npm/_logs/2026-09-16T15_32_32_719Z-debug-0.log
11 silly packumentCache heap:489684992 maxSize:122421248 maxEntrySize:61210624
12 silly logfile done cleaning log files
13 silly idealTree buildDeps
14 verbose shrinkwrap failed to load node_modules/.package-lock.json out of date, updated: node_modules
15 http fetch GET 200 https://registry.npmjs.org/npm 426ms
16 silly reify moves {}
17 verbose reify failed optional dependency /home/ubuntu/frontend/node_modules/@tailwindcss/oxide-wasm32-wasi
18 silly reify mark deleted [ '/home/ubuntu/frontend/node_modules/@tailwindcss/oxide-wasm32-wasi' ]
19 silly audit bulk request {
19 silly audit   '@alloc/quick-lru': [ '5.2.0' ],
19 silly audit   '@babel/code-frame': [ '7.29.0' ],
19 silly audit   '@babel/compat-data': [ '7.29.0' ],
19 silly audit   '@babel/core': [ '7.29.0' ],
19 silly audit   '@babel/generator': [ '7.29.1' ],
19 silly audit   '@babel/helper-compilation-targets': [ '7.28.6' ],
19 silly audit   '@babel/helper-globals': [ '7.28.0' ],
19 silly audit   '@babel/helper-module-imports': [ '7.28.6' ],
19 silly audit   '@babel/helper-module-transforms': [ '7.28.6' ],
19 silly audit   '@babel/helper-string-parser': [ '7.27.1' ],
19 silly audit   '@babel/helper-validator-identifier': [ '7.28.5' ],
19 silly audit   '@babel/helper-validator-option': [ '7.27.1' ],
19 silly audit   '@babel/helpers': [ '7.28.6' ],
19 silly audit   '@babel/parser': [ '7.29.0' ],
19 silly audit   '@babel/template': [ '7.28.6' ],
19 silly audit   '@babel/traverse': [ '7.29.0' ],
19 silly audit   '@babel/types': [ '7.29.0' ],
19 silly audit   '@emnapi/core': [ '1.8.1' ],
19 silly audit   '@emnapi/runtime': [ '1.8.1' ],
19 silly audit   '@emnapi/wasi-threads': [ '1.1.0' ],
19 silly audit   '@eslint-community/eslint-utils': [ '4.9.1' ],
19 silly audit   'eslint-visitor-keys': [ '3.4.3', '4.2.1' ],
19 silly audit   '@eslint-community/regexpp': [ '4.12.2' ],
19 silly audit   '@eslint/config-array': [ '0.21.1' ],
19 silly audit   '@eslint/config-helpers': [ '0.4.2' ],
19 silly audit   '@eslint/core': [ '0.17.0' ],
19 silly audit   '@eslint/eslintrc': [ '3.3.3' ],
19 silly audit   '@eslint/js': [ '9.39.2' ],
19 silly audit   '@eslint/object-schema': [ '2.1.7' ],
19 silly audit   '@eslint/plugin-kit': [ '0.4.1' ],
19 silly audit   '@humanfs/core': [ '0.19.1' ],
19 silly audit   '@humanfs/node': [ '0.16.7' ],
19 silly audit   '@humanwhocodes/module-importer': [ '1.0.1' ],
19 silly audit   '@humanwhocodes/retry': [ '0.4.3' ],
19 silly audit   '@img/colour': [ '1.0.0' ],
19 silly audit   '@img/sharp-darwin-arm64': [ '0.34.5' ],
19 silly audit   '@img/sharp-darwin-x64': [ '0.34.5' ],
19 silly audit   '@img/sharp-libvips-darwin-arm64': [ '1.2.4' ],
19 silly audit   '@img/sharp-libvips-darwin-x64': [ '1.2.4' ],
19 silly audit   '@img/sharp-libvips-linux-arm': [ '1.2.4' ],
19 silly audit   '@img/sharp-libvips-linux-arm64': [ '1.2.4' ],
19 silly audit   '@img/sharp-libvips-linux-ppc64': [ '1.2.4' ],
19 silly audit   '@img/sharp-libvips-linux-riscv64': [ '1.2.4' ],
19 silly audit   '@img/sharp-libvips-linux-s390x': [ '1.2.4' ],
19 silly audit   '@img/sharp-libvips-linux-x64': [ '1.2.4' ],
19 silly audit   '@img/sharp-libvips-linuxmusl-arm64': [ '1.2.4' ],
19 silly audit   '@img/sharp-libvips-linuxmusl-x64': [ '1.2.4' ],
19 silly audit   '@img/sharp-linux-arm': [ '0.34.5' ],
19 silly audit   '@img/sharp-linux-arm64': [ '0.34.5' ],
19 silly audit   '@img/sharp-linux-ppc64': [ '0.34.5' ],
19 silly audit   '@img/sharp-linux-riscv64': [ '0.34.5' ],
19 silly audit   '@img/sharp-linux-s390x': [ '0.34.5' ],
19 silly audit   '@img/sharp-linux-x64': [ '0.34.5' ],
19 silly audit   '@img/sharp-linuxmusl-arm64': [ '0.34.5' ],
19 silly audit   '@img/sharp-linuxmusl-x64': [ '0.34.5' ],
19 silly audit   '@img/sharp-wasm32': [ '0.34.5' ],
19 silly audit   '@img/sharp-win32-arm64': [ '0.34.5' ],
19 silly audit   '@img/sharp-win32-ia32': [ '0.34.5' ],
19 silly audit   '@img/sharp-win32-x64': [ '0.34.5' ],
19 silly audit   '@jridgewell/gen-mapping': [ '0.3.13' ],
19 silly audit   '@jridgewell/remapping': [ '2.3.5' ],
19 silly audit   '@jridgewell/resolve-uri': [ '3.1.2' ],
19 silly audit   '@jridgewell/sourcemap-codec': [ '1.5.5' ],
19 silly audit   '@jridgewell/trace-mapping': [ '0.3.31' ],
19 silly audit   '@napi-rs/wasm-runtime': [ '0.2.12' ],
19 silly audit   '@next/env': [ '16.1.6' ],
19 silly audit   '@next/eslint-plugin-next': [ '16.1.6' ],
19 silly audit   '@next/swc-darwin-arm64': [ '16.1.6' ],
19 silly audit   '@next/swc-darwin-x64': [ '16.1.6' ],
19 silly audit   '@next/swc-linux-arm64-gnu': [ '16.1.6' ],
19 silly audit   '@next/swc-linux-arm64-musl': [ '16.1.6' ],
19 silly audit   '@next/swc-linux-x64-gnu': [ '16.1.6' ],
19 silly audit   '@next/swc-linux-x64-musl': [ '16.1.6' ],
19 silly audit   '@next/swc-win32-arm64-msvc': [ '16.1.6' ],
19 silly audit   '@next/swc-win32-x64-msvc': [ '16.1.6' ],
19 silly audit   '@nodelib/fs.scandir': [ '2.1.5' ],
19 silly audit   '@nodelib/fs.stat': [ '2.0.5' ],
19 silly audit   '@nodelib/fs.walk': [ '1.2.8' ],
19 silly audit   '@nolyfill/is-core-module': [ '1.0.39' ],
19 silly audit   '@rtsao/scc': [ '1.1.0' ],
19 silly audit   '@swc/helpers': [ '0.5.15' ],
19 silly audit   '@tailwindcss/node': [ '4.1.18' ],
19 silly audit   tailwindcss: [ '4.1.18', '4.2.1' ],
19 silly audit   '@tailwindcss/oxide': [ '4.1.18' ],
19 silly audit   '@tailwindcss/oxide-android-arm64': [ '4.1.18' ],
19 silly audit   '@tailwindcss/oxide-darwin-arm64': [ '4.1.18' ],
19 silly audit   '@tailwindcss/oxide-darwin-x64': [ '4.1.18' ],
19 silly audit   '@tailwindcss/oxide-freebsd-x64': [ '4.1.18' ],
19 silly audit   '@tailwindcss/oxide-linux-arm-gnueabihf': [ '4.1.18' ],
19 silly audit   '@tailwindcss/oxide-linux-arm64-gnu': [ '4.1.18' ],
19 silly audit   '@tailwindcss/oxide-linux-arm64-musl': [ '4.1.18' ],
19 silly audit   '@tailwindcss/oxide-linux-x64-gnu': [ '4.1.18' ],
19 silly audit   '@tailwindcss/oxide-linux-x64-musl': [ '4.1.18' ],
19 silly audit   '@tailwindcss/oxide-win32-arm64-msvc': [ '4.1.18' ],
19 silly audit   '@tailwindcss/oxide-win32-x64-msvc': [ '4.1.18' ],
19 silly audit   '@tailwindcss/postcss': [ '4.1.18' ],
19 silly audit   '@tybys/wasm-util': [ '0.10.1' ],
19 silly audit   '@types/estree': [ '1.0.8' ],
19 silly audit   '@types/json-schema': [ '7.0.15' ],
19 silly audit   '@types/json5': [ '0.0.29' ],
19 silly audit   '@types/node': [ '20.19.32' ],
19 silly audit   '@types/react': [ '19.2.13' ],
19 silly audit   '@types/react-dom': [ '19.2.3' ],
19 silly audit   '@typescript-eslint/eslint-plugin': [ '8.54.0' ],
19 silly audit   ignore: [ '7.0.5', '5.3.2' ],
19 silly audit   '@typescript-eslint/parser': [ '8.54.0' ],
19 silly audit   '@typescript-eslint/project-service': [ '8.54.0' ],
19 silly audit   '@typescript-eslint/scope-manager': [ '8.54.0' ],
19 silly audit   '@typescript-eslint/tsconfig-utils': [ '8.54.0' ],
19 silly audit   '@typescript-eslint/type-utils': [ '8.54.0' ],
19 silly audit   '@typescript-eslint/types': [ '8.54.0' ],
19 silly audit   '@typescript-eslint/typescript-estree': [ '8.54.0' ],
19 silly audit   'brace-expansion': [ '2.0.2', '1.1.12' ],
19 silly audit   minimatch: [ '9.0.5', '3.1.2' ],
19 silly audit   semver: [ '7.7.4', '6.3.1' ],
19 silly audit   '@typescript-eslint/utils': [ '8.54.0' ],
19 silly audit   '@typescript-eslint/visitor-keys': [ '8.54.0' ],
19 silly audit   '@unrs/resolver-binding-android-arm-eabi': [ '1.11.1' ],
19 silly audit   '@unrs/resolver-binding-android-arm64': [ '1.11.1' ],
19 silly audit   '@unrs/resolver-binding-darwin-arm64': [ '1.11.1' ],
19 silly audit   '@unrs/resolver-binding-darwin-x64': [ '1.11.1' ],
19 silly audit   '@unrs/resolver-binding-freebsd-x64': [ '1.11.1' ],
19 silly audit   '@unrs/resolver-binding-linux-arm-gnueabihf': [ '1.11.1' ],
19 silly audit   '@unrs/resolver-binding-linux-arm-musleabihf': [ '1.11.1' ],
19 silly audit   '@unrs/resolver-binding-linux-arm64-gnu': [ '1.11.1' ],
19 silly audit   '@unrs/resolver-binding-linux-arm64-musl': [ '1.11.1' ],
19 silly audit   '@unrs/resolver-binding-linux-ppc64-gnu': [ '1.11.1' ],
19 silly audit   '@unrs/resolver-binding-linux-riscv64-gnu': [ '1.11.1' ],
19 silly audit   '@unrs/resolver-binding-linux-riscv64-musl': [ '1.11.1' ],
19 silly audit   '@unrs/resolver-binding-linux-s390x-gnu': [ '1.11.1' ],
19 silly audit   '@unrs/resolver-binding-linux-x64-gnu': [ '1.11.1' ],
19 silly audit   '@unrs/resolver-binding-linux-x64-musl': [ '1.11.1' ],
19 silly audit   '@unrs/resolver-binding-wasm32-wasi': [ '1.11.1' ],
19 silly audit   '@unrs/resolver-binding-win32-arm64-msvc': [ '1.11.1' ],
19 silly audit   '@unrs/resolver-binding-win32-ia32-msvc': [ '1.11.1' ],
19 silly audit   '@unrs/resolver-binding-win32-x64-msvc': [ '1.11.1' ],
19 silly audit   acorn: [ '8.15.0' ],
19 silly audit   'acorn-jsx': [ '5.3.2' ],
19 silly audit   ajv: [ '6.12.6' ],
19 silly audit   'ansi-styles': [ '4.3.0' ],
19 silly audit   argparse: [ '2.0.1' ],
19 silly audit   'aria-query': [ '5.3.2' ],
19 silly audit   'array-buffer-byte-length': [ '1.0.2' ],
19 silly audit   'array-includes': [ '3.1.9' ],
19 silly audit   'array.prototype.findlast': [ '1.2.5' ],
19 silly audit   'array.prototype.findlastindex': [ '1.2.6' ],
19 silly audit   'array.prototype.flat': [ '1.3.3' ],
19 silly audit   'array.prototype.flatmap': [ '1.3.3' ],
19 silly audit   'array.prototype.tosorted': [ '1.1.4' ],
19 silly audit   'arraybuffer.prototype.slice': [ '1.0.4' ],
19 silly audit   'ast-types-flow': [ '0.0.8' ],
19 silly audit   'async-function': [ '1.0.0' ],
19 silly audit   asynckit: [ '0.4.0' ],
19 silly audit   autoprefixer: [ '10.4.27' ],
19 silly audit   'available-typed-arrays': [ '1.0.7' ],
19 silly audit   'axe-core': [ '4.11.1' ],
19 silly audit   axios: [ '1.13.4' ],
19 silly audit   'axobject-query': [ '4.1.0' ],
19 silly audit   'balanced-match': [ '1.0.2' ],
19 silly audit   'baseline-browser-mapping': [ '2.9.19' ],
19 silly audit   braces: [ '3.0.3' ],
19 silly audit   browserslist: [ '4.28.1' ],
19 silly audit   'call-bind': [ '1.0.8' ],
19 silly audit   'call-bind-apply-helpers': [ '1.0.2' ],
19 silly audit   'call-bound': [ '1.0.4' ],
19 silly audit   callsites: [ '3.1.0' ],
19 silly audit   'caniuse-lite': [ '1.0.30001779' ],
19 silly audit   chalk: [ '4.1.2' ],
19 silly audit   'client-only': [ '0.0.1' ],
19 silly audit   clsx: [ '2.1.1' ],
19 silly audit   'color-convert': [ '2.0.1' ],
19 silly audit   'color-name': [ '1.1.4' ],
19 silly audit   'combined-stream': [ '1.0.8' ],
19 silly audit   'concat-map': [ '0.0.1' ],
19 silly audit   'convert-source-map': [ '2.0.0' ],
19 silly audit   'cross-spawn': [ '7.0.6' ],
19 silly audit   csstype: [ '3.2.3' ],
19 silly audit   'damerau-levenshtein': [ '1.0.8' ],
19 silly audit   'data-view-buffer': [ '1.0.2' ],
19 silly audit   'data-view-byte-length': [ '1.0.2' ],
19 silly audit   'data-view-byte-offset': [ '1.0.1' ],
19 silly audit   debug: [ '4.4.3', '3.2.7' ],
19 silly audit   'deep-is': [ '0.1.4' ],
19 silly audit   'define-data-property': [ '1.1.4' ],
19 silly audit   'define-properties': [ '1.2.1' ],
19 silly audit   'delayed-stream': [ '1.0.0' ],
19 silly audit   'detect-libc': [ '2.1.2' ],
19 silly audit   doctrine: [ '2.1.0' ],
19 silly audit   'dunder-proto': [ '1.0.1' ],
19 silly audit   'electron-to-chromium': [ '1.5.286' ],
19 silly audit   'emoji-regex': [ '9.2.2' ],
19 silly audit   'enhanced-resolve': [ '5.19.0' ],
19 silly audit   'es-abstract': [ '1.24.1' ],
19 silly audit   'es-define-property': [ '1.0.1' ],
19 silly audit   'es-errors': [ '1.3.0' ],
19 silly audit   'es-iterator-helpers': [ '1.2.2' ],
19 silly audit   'es-object-atoms': [ '1.1.1' ],
19 silly audit   'es-set-tostringtag': [ '2.1.0' ],
19 silly audit   'es-shim-unscopables': [ '1.1.0' ],
19 silly audit   'es-to-primitive': [ '1.3.0' ],
19 silly audit   escalade: [ '3.2.0' ],
19 silly audit   'escape-string-regexp': [ '4.0.0' ],
19 silly audit   eslint: [ '9.39.2' ],
19 silly audit   'eslint-config-next': [ '16.1.6' ],
19 silly audit   globals: [ '16.4.0', '14.0.0' ],
19 silly audit   'eslint-import-resolver-node': [ '0.3.9' ],
19 silly audit   'eslint-import-resolver-typescript': [ '3.10.1' ],
19 silly audit   'eslint-module-utils': [ '2.12.1' ],
19 silly audit   'eslint-plugin-import': [ '2.32.0' ],
19 silly audit   'eslint-plugin-jsx-a11y': [ '6.10.2' ],
19 silly audit   'eslint-plugin-react': [ '7.37.5' ],
19 silly audit   'eslint-plugin-react-hooks': [ '7.0.1' ],
19 silly audit   resolve: [ '2.0.0-next.5', '1.22.11' ],
19 silly audit   'eslint-scope': [ '8.4.0' ],
19 silly audit   espree: [ '10.4.0' ],
19 silly audit   esquery: [ '1.7.0' ],
19 silly audit   esrecurse: [ '4.3.0' ],
19 silly audit   estraverse: [ '5.3.0' ],
19 silly audit   esutils: [ '2.0.3' ],
19 silly audit   'fast-deep-equal': [ '3.1.3' ],
19 silly audit   'fast-glob': [ '3.3.1' ],
19 silly audit   'glob-parent': [ '5.1.2', '6.0.2' ],
19 silly audit   'fast-json-stable-stringify': [ '2.1.0' ],
19 silly audit   'fast-levenshtein': [ '2.0.6' ],
19 silly audit   fastq: [ '1.20.1' ],
19 silly audit   'file-entry-cache': [ '8.0.0' ],
19 silly audit   'fill-range': [ '7.1.1' ],
19 silly audit   'find-up': [ '5.0.0' ],
19 silly audit   'flat-cache': [ '4.0.1' ],
19 silly audit   flatted: [ '3.3.3' ],
19 silly audit   'follow-redirects': [ '1.15.11' ],
19 silly audit   'for-each': [ '0.3.5' ],
19 silly audit   'form-data': [ '4.0.5' ],
19 silly audit   'fraction.js': [ '5.3.4' ],
19 silly audit   'framer-motion': [ '12.34.3' ],
19 silly audit   'function-bind': [ '1.1.2' ],
19 silly audit   'function.prototype.name': [ '1.1.8' ],
19 silly audit   'functions-have-names': [ '1.2.3' ],
19 silly audit   'generator-function': [ '2.0.1' ],
19 silly audit   gensync: [ '1.0.0-beta.2' ],
19 silly audit   'get-intrinsic': [ '1.3.0' ],
19 silly audit   'get-proto': [ '1.0.1' ],
19 silly audit   'get-symbol-description': [ '1.1.0' ],
19 silly audit   'get-tsconfig': [ '4.13.5' ],
19 silly audit   globalthis: [ '1.0.4' ],
19 silly audit   gopd: [ '1.2.0' ],
19 silly audit   'graceful-fs': [ '4.2.11' ],
19 silly audit   'has-bigints': [ '1.1.0' ],
19 silly audit   'has-flag': [ '4.0.0' ],
19 silly audit   'has-property-descriptors': [ '1.0.2' ],
19 silly audit   'has-proto': [ '1.2.0' ],
19 silly audit   'has-symbols': [ '1.1.0' ],
19 silly audit   'has-tostringtag': [ '1.0.2' ],
19 silly audit   hasown: [ '2.0.2' ],
19 silly audit   'hermes-estree': [ '0.25.1' ],
19 silly audit   'hermes-parser': [ '0.25.1' ],
19 silly audit   'import-fresh': [ '3.3.1' ],
19 silly audit   imurmurhash: [ '0.1.4' ],
19 silly audit   'internal-slot': [ '1.1.0' ],
19 silly audit   'is-array-buffer': [ '3.0.5' ],
19 silly audit   'is-async-function': [ '2.1.1' ],
19 silly audit   'is-bigint': [ '1.1.0' ],
19 silly audit   'is-boolean-object': [ '1.2.2' ],
19 silly audit   'is-bun-module': [ '2.0.0' ],
19 silly audit   'is-callable': [ '1.2.7' ],
19 silly audit   'is-core-module': [ '2.16.1' ],
19 silly audit   'is-data-view': [ '1.0.2' ],
19 silly audit   'is-date-object': [ '1.1.0' ],
19 silly audit   'is-extglob': [ '2.1.1' ],
19 silly audit   'is-finalizationregistry': [ '1.1.1' ],
19 silly audit   'is-generator-function': [ '1.1.2' ],
19 silly audit   'is-glob': [ '4.0.3' ],
19 silly audit   'is-map': [ '2.0.3' ],
19 silly audit   'is-negative-zero': [ '2.0.3' ],
19 silly audit   'is-number': [ '7.0.0' ],
19 silly audit   'is-number-object': [ '1.1.1' ],
19 silly audit   'is-regex': [ '1.2.1' ],
19 silly audit   'is-set': [ '2.0.3' ],
19 silly audit   'is-shared-array-buffer': [ '1.0.4' ],
19 silly audit   'is-string': [ '1.1.1' ],
19 silly audit   'is-symbol': [ '1.1.1' ],
19 silly audit   'is-typed-array': [ '1.1.15' ],
19 silly audit   'is-weakmap': [ '2.0.2' ],
19 silly audit   'is-weakref': [ '1.1.1' ],
19 silly audit   'is-weakset': [ '2.0.4' ],
19 silly audit   isarray: [ '2.0.5' ],
19 silly audit   isexe: [ '2.0.0' ],
19 silly audit   'iterator.prototype': [ '1.1.5' ],
19 silly audit   jiti: [ '2.6.1' ],
19 silly audit   'js-tokens': [ '4.0.0' ],
19 silly audit   'js-yaml': [ '4.1.1' ],
19 silly audit   jsesc: [ '3.1.0' ],
19 silly audit   'json-buffer': [ '3.0.1' ],
19 silly audit   'json-schema-traverse': [ '0.4.1' ],
19 silly audit   'json-stable-stringify-without-jsonify': [ '1.0.1' ],
19 silly audit   json5: [ '2.2.3', '1.0.2' ],
19 silly audit   'jsx-ast-utils': [ '3.3.5' ],
19 silly audit   keyv: [ '4.5.4' ],
19 silly audit   'language-subtag-registry': [ '0.3.23' ],
19 silly audit   'language-tags': [ '1.0.9' ],
19 silly audit   levn: [ '0.4.1' ],
19 silly audit   lightningcss: [ '1.30.2' ],
19 silly audit   'lightningcss-android-arm64': [ '1.30.2' ],
19 silly audit   'lightningcss-darwin-arm64': [ '1.30.2' ],
19 silly audit   'lightningcss-darwin-x64': [ '1.30.2' ],
19 silly audit   'lightningcss-freebsd-x64': [ '1.30.2' ],
19 silly audit   'lightningcss-linux-arm-gnueabihf': [ '1.30.2' ],
19 silly audit   'lightningcss-linux-arm64-gnu': [ '1.30.2' ],
19 silly audit   'lightningcss-linux-arm64-musl': [ '1.30.2' ],
19 silly audit   'lightningcss-linux-x64-gnu': [ '1.30.2' ],
19 silly audit   'lightningcss-linux-x64-musl': [ '1.30.2' ],
19 silly audit   'lightningcss-win32-arm64-msvc': [ '1.30.2' ],
19 silly audit   'lightningcss-win32-x64-msvc': [ '1.30.2' ],
19 silly audit   'locate-path': [ '6.0.0' ],
19 silly audit   'lodash.merge': [ '4.6.2' ],
19 silly audit   'loose-envify': [ '1.4.0' ],
19 silly audit   'lru-cache': [ '5.1.1' ],
19 silly audit   'lucide-react': [ '0.563.0' ],
19 silly audit   'magic-string': [ '0.30.21' ],
19 silly audit   'math-intrinsics': [ '1.1.0' ],
19 silly audit   merge2: [ '1.4.1' ],
19 silly audit   micromatch: [ '4.0.8' ],
19 silly audit   'mime-db': [ '1.52.0' ],
19 silly audit   'mime-types': [ '2.1.35' ],
19 silly audit   minimist: [ '1.2.8' ],
19 silly audit   'motion-dom': [ '12.34.3' ],
19 silly audit   'motion-utils': [ '12.29.2' ],
19 silly audit   ms: [ '2.1.3' ],
19 silly audit   nanoid: [ '3.3.11' ],
19 silly audit   'napi-postinstall': [ '0.3.4' ],
19 silly audit   'natural-compare': [ '1.4.0' ],
19 silly audit   next: [ '16.1.6' ],
19 silly audit   postcss: [ '8.4.31', '8.5.8' ],
19 silly audit   'node-releases': [ '2.0.27' ],
19 silly audit   'object-assign': [ '4.1.1' ],
19 silly audit   'object-inspect': [ '1.13.4' ],
19 silly audit   'object-keys': [ '1.1.1' ],
19 silly audit   'object.assign': [ '4.1.7' ],
19 silly audit   'object.entries': [ '1.1.9' ],
19 silly audit   'object.fromentries': [ '2.0.8' ],
19 silly audit   'object.groupby': [ '1.0.3' ],
19 silly audit   'object.values': [ '1.2.1' ],
19 silly audit   optionator: [ '0.9.4' ],
19 silly audit   'own-keys': [ '1.0.1' ],
19 silly audit   'p-limit': [ '3.1.0' ],
19 silly audit   'p-locate': [ '5.0.0' ],
19 silly audit   'parent-module': [ '1.0.1' ],
19 silly audit   'path-exists': [ '4.0.0' ],
19 silly audit   'path-key': [ '3.1.1' ],
19 silly audit   'path-parse': [ '1.0.7' ],
19 silly audit   picocolors: [ '1.1.1' ],
19 silly audit   picomatch: [ '2.3.1', '4.0.3' ],
19 silly audit   'possible-typed-array-names': [ '1.1.0' ],
19 silly audit   'postcss-value-parser': [ '4.2.0' ],
19 silly audit   'prelude-ls': [ '1.2.1' ],
19 silly audit   'prop-types': [ '15.8.1' ],
19 silly audit   'proxy-from-env': [ '1.1.0' ],
19 silly audit   punycode: [ '2.3.1' ],
19 silly audit   'queue-microtask': [ '1.2.3' ],
19 silly audit   react: [ '19.2.3' ],
19 silly audit   'react-dom': [ '19.2.3' ],
19 silly audit   'react-is': [ '16.13.1' ],
19 silly audit   'reflect.getprototypeof': [ '1.0.10' ],
19 silly audit   'regexp.prototype.flags': [ '1.5.4' ],
19 silly audit   'resolve-from': [ '4.0.0' ],
19 silly audit   'resolve-pkg-maps': [ '1.0.0' ],
19 silly audit   reusify: [ '1.1.0' ],
19 silly audit   'run-parallel': [ '1.2.0' ],
19 silly audit   'safe-array-concat': [ '1.1.3' ],
19 silly audit   'safe-push-apply': [ '1.0.0' ],
19 silly audit   'safe-regex-test': [ '1.1.0' ],
19 silly audit   scheduler: [ '0.27.0' ],
19 silly audit   'set-function-length': [ '1.2.2' ],
19 silly audit   'set-function-name': [ '2.0.2' ],
19 silly audit   'set-proto': [ '1.0.0' ],
19 silly audit   sharp: [ '0.34.5' ],
19 silly audit   'shebang-command': [ '2.0.0' ],
19 silly audit   'shebang-regex': [ '3.0.0' ],
19 silly audit   'side-channel': [ '1.1.0' ],
19 silly audit   'side-channel-list': [ '1.0.0' ],
19 silly audit   'side-channel-map': [ '1.0.1' ],
19 silly audit   'side-channel-weakmap': [ '1.0.2' ],
19 silly audit   'source-map-js': [ '1.2.1' ],
19 silly audit   'stable-hash': [ '0.0.5' ],
19 silly audit   'stop-iteration-iterator': [ '1.1.0' ],
19 silly audit   'string.prototype.includes': [ '2.0.1' ],
19 silly audit   'string.prototype.matchall': [ '4.0.12' ],
19 silly audit   'string.prototype.repeat': [ '1.0.0' ],
19 silly audit   'string.prototype.trim': [ '1.2.10' ],
19 silly audit   'string.prototype.trimend': [ '1.0.9' ],
19 silly audit   'string.prototype.trimstart': [ '1.0.8' ],
19 silly audit   'strip-bom': [ '3.0.0' ],
19 silly audit   'strip-json-comments': [ '3.1.1' ],
19 silly audit   'styled-jsx': [ '5.1.6' ],
19 silly audit   'supports-color': [ '7.2.0' ],
19 silly audit   'supports-preserve-symlinks-flag': [ '1.0.0' ],
19 silly audit   'tailwind-merge': [ '3.5.0' ],
19 silly audit   tapable: [ '2.3.0' ],
19 silly audit   tinyglobby: [ '0.2.15' ],
19 silly audit   fdir: [ '6.5.0' ],
19 silly audit   'to-regex-range': [ '5.0.1' ],
19 silly audit   'ts-api-utils': [ '2.4.0' ],
19 silly audit   'tsconfig-paths': [ '3.15.0' ],
19 silly audit   tslib: [ '2.8.1' ],
19 silly audit   'type-check': [ '0.4.0' ],
19 silly audit   'typed-array-buffer': [ '1.0.3' ],
19 silly audit   'typed-array-byte-length': [ '1.0.3' ],
19 silly audit   'typed-array-byte-offset': [ '1.0.4' ],
19 silly audit   'typed-array-length': [ '1.0.7' ],
19 silly audit   typescript: [ '5.9.3' ],
19 silly audit   'typescript-eslint': [ '8.54.0' ],
19 silly audit   'unbox-primitive': [ '1.1.0' ],
19 silly audit   'undici-types': [ '6.21.0' ],
19 silly audit   'unrs-resolver': [ '1.11.1' ],
19 silly audit   'update-browserslist-db': [ '1.2.3' ],
19 silly audit   'uri-js': [ '4.4.1' ],
19 silly audit   which: [ '2.0.2' ],
19 silly audit   'which-boxed-primitive': [ '1.1.1' ],
19 silly audit   'which-builtin-type': [ '1.2.1' ],
19 silly audit   'which-collection': [ '1.0.2' ],
19 silly audit   'which-typed-array': [ '1.1.20' ],
19 silly audit   'word-wrap': [ '1.2.5' ],
19 silly audit   yallist: [ '3.1.1' ],
19 silly audit   'yocto-queue': [ '0.1.0' ],
19 silly audit   zod: [ '4.3.6' ],
19 silly audit   'zod-validation-error': [ '4.0.2' ],
19 silly audit   '@tailwindcss/oxide-wasm32-wasi': [ '4.1.18' ]
19 silly audit }
20 verbose reify failed optional dependency /home/ubuntu/frontend/node_modules/lightningcss-win32-x64-msvc
21 silly reify mark deleted [ '/home/ubuntu/frontend/node_modules/lightningcss-win32-x64-msvc' ]
22 verbose reify failed optional dependency /home/ubuntu/frontend/node_modules/lightningcss-win32-arm64-msvc
23 silly reify mark deleted [ '/home/ubuntu/frontend/node_modules/lightningcss-win32-arm64-msvc' ]
24 verbose reify failed optional dependency /home/ubuntu/frontend/node_modules/lightningcss-linux-arm64-musl
25 silly reify mark deleted [ '/home/ubuntu/frontend/node_modules/lightningcss-linux-arm64-musl' ]
26 verbose reify failed optional dependency /home/ubuntu/frontend/node_modules/lightningcss-linux-arm64-gnu
27 silly reify mark deleted [ '/home/ubuntu/frontend/node_modules/lightningcss-linux-arm64-gnu' ]
28 verbose reify failed optional dependency /home/ubuntu/frontend/node_modules/lightningcss-linux-arm-gnueabihf
29 silly reify mark deleted [
29 silly reify   '/home/ubuntu/frontend/node_modules/lightningcss-linux-arm-gnueabihf'
29 silly reify ]
30 verbose reify failed optional dependency /home/ubuntu/frontend/node_modules/lightningcss-freebsd-x64
31 silly reify mark deleted [ '/home/ubuntu/frontend/node_modules/lightningcss-freebsd-x64' ]
32 verbose reify failed optional dependency /home/ubuntu/frontend/node_modules/lightningcss-darwin-x64
33 silly reify mark deleted [ '/home/ubuntu/frontend/node_modules/lightningcss-darwin-x64' ]
34 verbose reify failed optional dependency /home/ubuntu/frontend/node_modules/lightningcss-darwin-arm64
35 silly reify mark deleted [ '/home/ubuntu/frontend/node_modules/lightningcss-darwin-arm64' ]
36 verbose reify failed optional dependency /home/ubuntu/frontend/node_modules/lightningcss-android-arm64
37 silly reify mark deleted [ '/home/ubuntu/frontend/node_modules/lightningcss-android-arm64' ]
38 verbose reify failed optional dependency /home/ubuntu/frontend/node_modules/@unrs/resolver-binding-win32-x64-msvc
39 silly reify mark deleted [
39 silly reify   '/home/ubuntu/frontend/node_modules/@unrs/resolver-binding-win32-x64-msvc'
39 silly reify ]
40 verbose reify failed optional dependency /home/ubuntu/frontend/node_modules/@unrs/resolver-binding-win32-ia32-msvc
41 silly reify mark deleted [
41 silly reify   '/home/ubuntu/frontend/node_modules/@unrs/resolver-binding-win32-ia32-msvc'
41 silly reify ]
42 verbose reify failed optional dependency /home/ubuntu/frontend/node_modules/@unrs/resolver-binding-win32-arm64-msvc
43 silly reify mark deleted [
43 silly reify   '/home/ubuntu/frontend/node_modules/@unrs/resolver-binding-win32-arm64-msvc'
43 silly reify ]
44 verbose reify failed optional dependency /home/ubuntu/frontend/node_modules/@unrs/resolver-binding-wasm32-wasi
45 silly reify mark deleted [
45 silly reify   '/home/ubuntu/frontend/node_modules/@unrs/resolver-binding-wasm32-wasi'
45 silly reify ]
46 verbose reify failed optional dependency /home/ubuntu/frontend/node_modules/@unrs/resolver-binding-linux-s390x-gnu
47 silly reify mark deleted [
47 silly reify   '/home/ubuntu/frontend/node_modules/@unrs/resolver-binding-linux-s390x-gnu'
47 silly reify ]
48 verbose reify failed optional dependency /home/ubuntu/frontend/node_modules/@unrs/resolver-binding-linux-riscv64-musl
49 silly reify mark deleted [
49 silly reify   '/home/ubuntu/frontend/node_modules/@unrs/resolver-binding-linux-riscv64-musl'
49 silly reify ]
50 verbose reify failed optional dependency /home/ubuntu/frontend/node_modules/@unrs/resolver-binding-linux-riscv64-gnu
51 silly reify mark deleted [
51 silly reify   '/home/ubuntu/frontend/node_modules/@unrs/resolver-binding-linux-riscv64-gnu'
51 silly reify ]
52 verbose reify failed optional dependency /home/ubuntu/frontend/node_modules/@unrs/resolver-binding-linux-ppc64-gnu
53 silly reify mark deleted [
53 silly reify   '/home/ubuntu/frontend/node_modules/@unrs/resolver-binding-linux-ppc64-gnu'
53 silly reify ]
54 verbose reify failed optional dependency /home/ubuntu/frontend/node_modules/@unrs/resolver-binding-linux-arm64-musl
55 silly reify mark deleted [
55 silly reify   '/home/ubuntu/frontend/node_modules/@unrs/resolver-binding-linux-arm64-musl'
55 silly reify ]
56 verbose reify failed optional dependency /home/ubuntu/frontend/node_modules/@unrs/resolver-binding-linux-arm64-gnu
57 silly reify mark deleted [
57 silly reify   '/home/ubuntu/frontend/node_modules/@unrs/resolver-binding-linux-arm64-gnu'
57 silly reify ]
58 verbose reify failed optional dependency /home/ubuntu/frontend/node_modules/@unrs/resolver-binding-linux-arm-musleabihf
59 silly reify mark deleted [
59 silly reify   '/home/ubuntu/frontend/node_modules/@unrs/resolver-binding-linux-arm-musleabihf'
59 silly reify ]
60 verbose reify failed optional dependency /home/ubuntu/frontend/node_modules/@unrs/resolver-binding-linux-arm-gnueabihf
61 silly reify mark deleted [
61 silly reify   '/home/ubuntu/frontend/node_modules/@unrs/resolver-binding-linux-arm-gnueabihf'
61 silly reify ]
62 verbose reify failed optional dependency /home/ubuntu/frontend/node_modules/@unrs/resolver-binding-freebsd-x64
63 silly reify mark deleted [
63 silly reify   '/home/ubuntu/frontend/node_modules/@unrs/resolver-binding-freebsd-x64'
63 silly reify ]
64 verbose reify failed optional dependency /home/ubuntu/frontend/node_modules/@unrs/resolver-binding-darwin-x64
65 silly reify mark deleted [
65 silly reify   '/home/ubuntu/frontend/node_modules/@unrs/resolver-binding-darwin-x64'
65 silly reify ]
66 verbose reify failed optional dependency /home/ubuntu/frontend/node_modules/@unrs/resolver-binding-darwin-arm64
67 silly reify mark deleted [
67 silly reify   '/home/ubuntu/frontend/node_modules/@unrs/resolver-binding-darwin-arm64'
67 silly reify ]
68 verbose reify failed optional dependency /home/ubuntu/frontend/node_modules/@unrs/resolver-binding-android-arm64
69 silly reify mark deleted [
69 silly reify   '/home/ubuntu/frontend/node_modules/@unrs/resolver-binding-android-arm64'
69 silly reify ]
70 verbose reify failed optional dependency /home/ubuntu/frontend/node_modules/@unrs/resolver-binding-android-arm-eabi
71 silly reify mark deleted [
71 silly reify   '/home/ubuntu/frontend/node_modules/@unrs/resolver-binding-android-arm-eabi'
71 silly reify ]
72 verbose reify failed optional dependency /home/ubuntu/frontend/node_modules/@tailwindcss/oxide-win32-x64-msvc
73 silly reify mark deleted [
73 silly reify   '/home/ubuntu/frontend/node_modules/@tailwindcss/oxide-win32-x64-msvc'
73 silly reify ]
74 verbose reify failed optional dependency /home/ubuntu/frontend/node_modules/@tailwindcss/oxide-win32-arm64-msvc
75 silly reify mark deleted [
75 silly reify   '/home/ubuntu/frontend/node_modules/@tailwindcss/oxide-win32-arm64-msvc'
75 silly reify ]
76 verbose reify failed optional dependency /home/ubuntu/frontend/node_modules/@tailwindcss/oxide-linux-arm64-musl
77 silly reify mark deleted [
77 silly reify   '/home/ubuntu/frontend/node_modules/@tailwindcss/oxide-linux-arm64-musl'
77 silly reify ]
78 verbose reify failed optional dependency /home/ubuntu/frontend/node_modules/@tailwindcss/oxide-linux-arm64-gnu
79 silly reify mark deleted [
79 silly reify   '/home/ubuntu/frontend/node_modules/@tailwindcss/oxide-linux-arm64-gnu'
79 silly reify ]
80 verbose reify failed optional dependency /home/ubuntu/frontend/node_modules/@tailwindcss/oxide-linux-arm-gnueabihf
81 silly reify mark deleted [
81 silly reify   '/home/ubuntu/frontend/node_modules/@tailwindcss/oxide-linux-arm-gnueabihf'
81 silly reify ]
82 verbose reify failed optional dependency /home/ubuntu/frontend/node_modules/@tailwindcss/oxide-freebsd-x64
83 silly reify mark deleted [ '/home/ubuntu/frontend/node_modules/@tailwindcss/oxide-freebsd-x64' ]
84 verbose reify failed optional dependency /home/ubuntu/frontend/node_modules/@tailwindcss/oxide-darwin-x64
85 silly reify mark deleted [ '/home/ubuntu/frontend/node_modules/@tailwindcss/oxide-darwin-x64' ]
86 verbose reify failed optional dependency /home/ubuntu/frontend/node_modules/@tailwindcss/oxide-darwin-arm64
87 silly reify mark deleted [
87 silly reify   '/home/ubuntu/frontend/node_modules/@tailwindcss/oxide-darwin-arm64'
87 silly reify ]
88 verbose reify failed optional dependency /home/ubuntu/frontend/node_modules/@tailwindcss/oxide-android-arm64
89 silly reify mark deleted [
89 silly reify   '/home/ubuntu/frontend/node_modules/@tailwindcss/oxide-android-arm64'
89 silly reify ]
90 verbose reify failed optional dependency /home/ubuntu/frontend/node_modules/@next/swc-win32-x64-msvc
91 silly reify mark deleted [ '/home/ubuntu/frontend/node_modules/@next/swc-win32-x64-msvc' ]
92 verbose reify failed optional dependency /home/ubuntu/frontend/node_modules/@next/swc-win32-arm64-msvc
93 silly reify mark deleted [ '/home/ubuntu/frontend/node_modules/@next/swc-win32-arm64-msvc' ]
94 verbose reify failed optional dependency /home/ubuntu/frontend/node_modules/@next/swc-linux-arm64-musl
95 silly reify mark deleted [ '/home/ubuntu/frontend/node_modules/@next/swc-linux-arm64-musl' ]
96 verbose reify failed optional dependency /home/ubuntu/frontend/node_modules/@next/swc-linux-arm64-gnu
97 silly reify mark deleted [ '/home/ubuntu/frontend/node_modules/@next/swc-linux-arm64-gnu' ]
98 verbose reify failed optional dependency /home/ubuntu/frontend/node_modules/@next/swc-darwin-x64
99 silly reify mark deleted [ '/home/ubuntu/frontend/node_modules/@next/swc-darwin-x64' ]
100 verbose reify failed optional dependency /home/ubuntu/frontend/node_modules/@next/swc-darwin-arm64
101 silly reify mark deleted [ '/home/ubuntu/frontend/node_modules/@next/swc-darwin-arm64' ]
102 verbose reify failed optional dependency /home/ubuntu/frontend/node_modules/@img/sharp-win32-x64
103 silly reify mark deleted [ '/home/ubuntu/frontend/node_modules/@img/sharp-win32-x64' ]
104 verbose reify failed optional dependency /home/ubuntu/frontend/node_modules/@img/sharp-win32-ia32
105 silly reify mark deleted [ '/home/ubuntu/frontend/node_modules/@img/sharp-win32-ia32' ]
106 verbose reify failed optional dependency /home/ubuntu/frontend/node_modules/@img/sharp-win32-arm64
107 silly reify mark deleted [ '/home/ubuntu/frontend/node_modules/@img/sharp-win32-arm64' ]
108 verbose reify failed optional dependency /home/ubuntu/frontend/node_modules/@img/sharp-wasm32
109 silly reify mark deleted [ '/home/ubuntu/frontend/node_modules/@img/sharp-wasm32' ]
110 verbose reify failed optional dependency /home/ubuntu/frontend/node_modules/@img/sharp-linuxmusl-arm64
111 silly reify mark deleted [ '/home/ubuntu/frontend/node_modules/@img/sharp-linuxmusl-arm64' ]
112 verbose reify failed optional dependency /home/ubuntu/frontend/node_modules/@img/sharp-linux-s390x
113 silly reify mark deleted [ '/home/ubuntu/frontend/node_modules/@img/sharp-linux-s390x' ]
114 verbose reify failed optional dependency /home/ubuntu/frontend/node_modules/@img/sharp-linux-riscv64
115 silly reify mark deleted [ '/home/ubuntu/frontend/node_modules/@img/sharp-linux-riscv64' ]
116 verbose reify failed optional dependency /home/ubuntu/frontend/node_modules/@img/sharp-linux-ppc64
117 silly reify mark deleted [ '/home/ubuntu/frontend/node_modules/@img/sharp-linux-ppc64' ]
118 verbose reify failed optional dependency /home/ubuntu/frontend/node_modules/@img/sharp-linux-arm64
119 silly reify mark deleted [ '/home/ubuntu/frontend/node_modules/@img/sharp-linux-arm64' ]
120 verbose reify failed optional dependency /home/ubuntu/frontend/node_modules/@img/sharp-linux-arm
121 silly reify mark deleted [ '/home/ubuntu/frontend/node_modules/@img/sharp-linux-arm' ]
122 verbose reify failed optional dependency /home/ubuntu/frontend/node_modules/@img/sharp-libvips-linuxmusl-arm64
123 silly reify mark deleted [
123 silly reify   '/home/ubuntu/frontend/node_modules/@img/sharp-libvips-linuxmusl-arm64'
123 silly reify ]
124 verbose reify failed optional dependency /home/ubuntu/frontend/node_modules/@img/sharp-libvips-linux-s390x
125 silly reify mark deleted [ '/home/ubuntu/frontend/node_modules/@img/sharp-libvips-linux-s390x' ]
126 verbose reify failed optional dependency /home/ubuntu/frontend/node_modules/@img/sharp-libvips-linux-riscv64
127 silly reify mark deleted [
127 silly reify   '/home/ubuntu/frontend/node_modules/@img/sharp-libvips-linux-riscv64'
127 silly reify ]
128 verbose reify failed optional dependency /home/ubuntu/frontend/node_modules/@img/sharp-libvips-linux-ppc64
129 silly reify mark deleted [ '/home/ubuntu/frontend/node_modules/@img/sharp-libvips-linux-ppc64' ]
130 verbose reify failed optional dependency /home/ubuntu/frontend/node_modules/@img/sharp-libvips-linux-arm64
131 silly reify mark deleted [ '/home/ubuntu/frontend/node_modules/@img/sharp-libvips-linux-arm64' ]
132 verbose reify failed optional dependency /home/ubuntu/frontend/node_modules/@img/sharp-libvips-linux-arm
133 silly reify mark deleted [ '/home/ubuntu/frontend/node_modules/@img/sharp-libvips-linux-arm' ]
134 verbose reify failed optional dependency /home/ubuntu/frontend/node_modules/@img/sharp-libvips-darwin-x64
135 silly reify mark deleted [ '/home/ubuntu/frontend/node_modules/@img/sharp-libvips-darwin-x64' ]
136 verbose reify failed optional dependency /home/ubuntu/frontend/node_modules/@img/sharp-libvips-darwin-arm64
137 silly reify mark deleted [
137 silly reify   '/home/ubuntu/frontend/node_modules/@img/sharp-libvips-darwin-arm64'
137 silly reify ]
138 verbose reify failed optional dependency /home/ubuntu/frontend/node_modules/@img/sharp-darwin-x64
139 silly reify mark deleted [ '/home/ubuntu/frontend/node_modules/@img/sharp-darwin-x64' ]
140 verbose reify failed optional dependency /home/ubuntu/frontend/node_modules/@img/sharp-darwin-arm64
141 silly reify mark deleted [ '/home/ubuntu/frontend/node_modules/@img/sharp-darwin-arm64' ]
142 http fetch POST 200 https://registry.npmjs.org/-/npm/v1/security/advisories/bulk 374ms
143 silly audit report {
143 silly audit report   '@babel/core': [
143 silly audit report     {
143 silly audit report       id: 1123528,
143 silly audit report       url: 'https://github.com/advisories/GHSA-4x5r-pxfx-6jf8',
143 silly audit report       title: '@babel/core: Arbitrary File Read via sourceMappingURL Comment',
143 silly audit report       severity: 'low',
143 silly audit report       vulnerable_versions: '<=7.29.0',
143 silly audit report       cwe: [Array],
143 silly audit report       cvss: [Object]
143 silly audit report     }
143 silly audit report   ],
143 silly audit report   '@humanfs/node': [
143 silly audit report     {
143 silly audit report       id: 1158499,
143 silly audit report       url: 'https://github.com/advisories/GHSA-p498-v437-472g',
143 silly audit report       title: 'humanfs: Recursive copy follows symlinked files and copies data from outside the source tree',
143 silly audit report       severity: 'moderate',
143 silly audit report       vulnerable_versions: '<0.16.8',
143 silly audit report       cwe: [Array],
143 silly audit report       cvss: [Object]
143 silly audit report     }
143 silly audit report   ],
143 silly audit report   'brace-expansion': [
143 silly audit report     {
143 silly audit report       id: 1130588,
143 silly audit report       url: 'https://github.com/advisories/GHSA-mh99-v99m-4gvg',
143 silly audit report       title: 'brace-expansion: DoS via unbounded expansion length causing an out-of-memory process crash',
143 silly audit report       severity: 'high',
143 silly audit report       vulnerable_versions: '<1.1.17',
143 silly audit report       cwe: [Array],
143 silly audit report       cvss: [Object]
143 silly audit report     },
143 silly audit report     {
143 silly audit report       id: 1130589,
143 silly audit report       url: 'https://github.com/advisories/GHSA-mh99-v99m-4gvg',
143 silly audit report       title: 'brace-expansion: DoS via unbounded expansion length causing an out-of-memory process crash',
143 silly audit report       severity: 'high',
143 silly audit report       vulnerable_versions: '>=2.0.0 <2.1.3',
143 silly audit report       cwe: [Array],
143 silly audit report       cvss: [Object]
143 silly audit report     },
143 silly audit report     {
143 silly audit report       id: 1130736,
143 silly audit report       url: 'https://github.com/advisories/GHSA-rgw5-rvv9-x895',
143 silly audit report       title: 'brace-expansion: DoS via unbounded intermediate arrays, bypassing the CVE-2026-14257 mitigation',
143 silly audit report       severity: 'high',
143 silly audit report       vulnerable_versions: '>=2.0.0 <2.1.4',
143 silly audit report       cwe: [Array],
143 silly audit report       cvss: [Object]
143 silly audit report     },
143 silly audit report     {
143 silly audit report       id: 1130737,
143 silly audit report       url: 'https://github.com/advisories/GHSA-rgw5-rvv9-x895',
143 silly audit report       title: 'brace-expansion: DoS via unbounded intermediate arrays, bypassing the CVE-2026-14257 mitigation',
143 silly audit report       severity: 'high',
143 silly audit report       vulnerable_versions: '<1.1.18',
143 silly audit report       cwe: [Array],
143 silly audit report       cvss: [Object]
143 silly audit report     },
143 silly audit report     {
143 silly audit report       id: 1115540,
143 silly audit report       url: 'https://github.com/advisories/GHSA-f886-m6hf-6m8v',
143 silly audit report       title: 'brace-expansion: Zero-step sequence causes process hang and memory exhaustion',
143 silly audit report       severity: 'moderate',
143 silly audit report       vulnerable_versions: '<1.1.13',
143 silly audit report       cwe: [Array],
143 silly audit report       cvss: [Object]
143 silly audit report     },
143 silly audit report     {
143 silly audit report       id: 1115541,
143 silly audit report       url: 'https://github.com/advisories/GHSA-f886-m6hf-6m8v',
143 silly audit report       title: 'brace-expansion: Zero-step sequence causes process hang and memory exhaustion',
143 silly audit report       severity: 'moderate',
143 silly audit report       vulnerable_versions: '>=2.0.0 <2.0.3',
143 silly audit report       cwe: [Array],
143 silly audit report       cvss: [Object]
143 silly audit report     },
143 silly audit report     {
143 silly audit report       id: 1123896,
143 silly audit report       url: 'https://github.com/advisories/GHSA-3jxr-9vmj-r5cp',
143 silly audit report       title: 'brace-expansion: DoS via exponential-time expansion of consecutive non-expanding {} groups',
143 silly audit report       severity: 'high',
143 silly audit report       vulnerable_versions: '>=2.0.0 <2.1.2',
143 silly audit report       cwe: [Array],
143 silly audit report       cvss: [Object]
143 silly audit report     },
143 silly audit report     {
143 silly audit report       id: 1123897,
143 silly audit report       url: 'https://github.com/advisories/GHSA-3jxr-9vmj-r5cp',
143 silly audit report       title: 'brace-expansion: DoS via exponential-time expansion of consecutive non-expanding {} groups',
143 silly audit report       severity: 'high',
143 silly audit report       vulnerable_versions: '<1.1.16',
143 silly audit report       cwe: [Array],
143 silly audit report       cvss: [Object]
143 silly audit report     }
143 silly audit report   ],
143 silly audit report   minimatch: [
143 silly audit report     {
143 silly audit report       id: 1113459,
143 silly audit report       url: 'https://github.com/advisories/GHSA-3ppc-4f35-3m26',
143 silly audit report       title: 'minimatch has a ReDoS via repeated wildcards with non-matching literal in pattern',
143 silly audit report       severity: 'high',
143 silly audit report       vulnerable_versions: '<3.1.3',
143 silly audit report       cwe: [Array],
143 silly audit report       cvss: [Object]
143 silly audit report     },
143 silly audit report     {
143 silly audit report       id: 1113465,
143 silly audit report       url: 'https://github.com/advisories/GHSA-3ppc-4f35-3m26',
143 silly audit report       title: 'minimatch has a ReDoS via repeated wildcards with non-matching literal in pattern',
143 silly audit report       severity: 'high',
143 silly audit report       vulnerable_versions: '>=9.0.0 <9.0.6',
143 silly audit report       cwe: [Array],
143 silly audit report       cvss: [Object]
143 silly audit report     },
143 silly audit report     {
143 silly audit report       id: 1113538,
143 silly audit report       url: 'https://github.com/advisories/GHSA-7r86-cg39-jmmj',
143 silly audit report       title: 'minimatch has ReDoS: matchOne() combinatorial backtracking via multiple non-adjacent GLOBSTAR segments',
143 silly audit report       severity: 'high',
143 silly audit report       vulnerable_versions: '<3.1.3',
143 silly audit report       cwe: [Array],
143 silly audit report       cvss: [Object]
143 silly audit report     },
143 silly audit report     {
143 silly audit report       id: 1113544,
143 silly audit report       url: 'https://github.com/advisories/GHSA-7r86-cg39-jmmj',
143 silly audit report       title: 'minimatch has ReDoS: matchOne() combinatorial backtracking via multiple non-adjacent GLOBSTAR segments',
143 silly audit report       severity: 'high',
143 silly audit report       vulnerable_versions: '>=9.0.0 <9.0.7',
143 silly audit report       cwe: [Array],
143 silly audit report       cvss: [Object]
143 silly audit report     },
143 silly audit report     {
143 silly audit report       id: 1113546,
143 silly audit report       url: 'https://github.com/advisories/GHSA-23c5-xmqv-rm74',
143 silly audit report       title: 'minimatch ReDoS: nested *() extglobs generate catastrophically backtracking regular expressions',
143 silly audit report       severity: 'high',
143 silly audit report       vulnerable_versions: '<3.1.4',
143 silly audit report       cwe: [Array],
143 silly audit report       cvss: [Object]
143 silly audit report     },
143 silly audit report     {
143 silly audit report       id: 1113552,
143 silly audit report       url: 'https://github.com/advisories/GHSA-23c5-xmqv-rm74',
143 silly audit report       title: 'minimatch ReDoS: nested *() extglobs generate catastrophically backtracking regular expressions',
143 silly audit report       severity: 'high',
143 silly audit report       vulnerable_versions: '>=9.0.0 <9.0.7',
143 silly audit report       cwe: [Array],
143 silly audit report       cvss: [Object]
143 silly audit report     }
143 silly audit report   ],
143 silly audit report   ajv: [
143 silly audit report     {
143 silly audit report       id: 1113714,
143 silly audit report       url: 'https://github.com/advisories/GHSA-2g4f-4pwh-qvx6',
143 silly audit report       title: 'ajv has ReDoS when using `$data` option',
143 silly audit report       severity: 'moderate',
143 silly audit report       vulnerable_versions: '<6.14.0',
143 silly audit report       cwe: [Array],
143 silly audit report       cvss: [Object]
143 silly audit report     }
143 silly audit report   ],
143 silly audit report   axios: [
143 silly audit report     {
143 silly audit report       id: 1118607,
143 silly audit report       url: 'https://github.com/advisories/GHSA-q8qp-cvcw-x6jj',
143 silly audit report       title: 'Axios has prototype pollution read-side gadgets in HTTP adapter that allow credential injection and request hijacking',
143 silly audit report       severity: 'high',
143 silly audit report       vulnerable_versions: '>=1.0.0 <1.15.2',
143 silly audit report       cwe: [Array],
143 silly audit report       cvss: [Object]
143 silly audit report     },
143 silly audit report     {
143 silly audit report       id: 1119404,
143 silly audit report       url: 'https://github.com/advisories/GHSA-fvcv-3m26-pcqx',
143 silly audit report       title: 'Axios has Unrestricted Cloud Metadata Exfiltration via Header Injection Chain',
143 silly audit report       severity: 'moderate',
143 silly audit report       vulnerable_versions: '>=1.0.0 <1.15.0',
143 silly audit report       cwe: [Array],
143 silly audit report       cvss: [Object]
143 silly audit report     },
143 silly audit report     {
143 silly audit report       id: 1120125,
143 silly audit report       url: 'https://github.com/advisories/GHSA-62hf-57xw-28j9',
143 silly audit report       title: 'Axios: unbounded recursion in toFormData causes DoS via deeply nested request data',
143 silly audit report       severity: 'moderate',
143 silly audit report       vulnerable_versions: '>=1.0.0 <1.15.1',
143 silly audit report       cwe: [Array],
143 silly audit report       cvss: [Object]
143 silly audit report     },
143 silly audit report     {
143 silly audit report       id: 1120547,
143 silly audit report       url: 'https://github.com/advisories/GHSA-hfxv-24rg-xrqf',
143 silly audit report       title: 'Axios: Regular Expression Denial of Service (ReDoS) via Cookie Name Injection',
143 silly audit report       severity: 'high',
143 silly audit report       vulnerable_versions: '>=1.0.0 <1.16.0',
143 silly audit report       cwe: [Array],
143 silly audit report       cvss: [Object]
143 silly audit report     },
143 silly audit report     {
143 silly audit report       id: 1120643,
143 silly audit report       url: 'https://github.com/advisories/GHSA-777c-7fjr-54vf',
143 silly audit report       title: 'Allocation of Resources Without Limits or Throttling in Axios',
143 silly audit report       severity: 'high',
143 silly audit report       vulnerable_versions: '>=1.7.0 <1.16.0',
143 silly audit report       cwe: [Array],
143 silly audit report       cvss: [Object]
143 silly audit report     },
143 silly audit report     {
143 silly audit report       id: 1120645,
143 silly audit report       url: 'https://github.com/advisories/GHSA-p92q-9vqr-4j8v',
143 silly audit report       title: 'Axios: Proxy-Authorization Credential Leak to Origin Server Across HTTP-to-HTTPS Redirect in Axios Node.js HTTP Adapter',
143 silly audit report       severity: 'high',
143 silly audit report       vulnerable_versions: '>=1.0.0 <1.16.0',
143 silly audit report       cwe: [Array],
143 silly audit report       cvss: [Object]
143 silly audit report     },
143 silly audit report     {
143 silly audit report       id: 1120647,
143 silly audit report       url: 'https://github.com/advisories/GHSA-j5f8-grm9-p9fc',
143 silly audit report       title: 'Axios: Proxy-Authorization header leaks to redirect target when proxy is re-evaluated to direct connection',
143 silly audit report       severity: 'high',
143 silly audit report       vulnerable_versions: '>=1.0.0 <1.16.0',
143 silly audit report       cwe: [Array],
143 silly audit report       cvss: [Object]
143 silly audit report     },
143 silly audit report     {
143 silly audit report       id: 1120649,
143 silly audit report       url: 'https://github.com/advisories/GHSA-3g43-6gmg-66jw',
143 silly audit report       title: 'axios Vulnerable to Credential Theft and Response Hijacking via Prototype Pollution Gadget in Config Merge',
143 silly audit report       severity: 'high',
143 silly audit report       vulnerable_versions: '>=1.0.0 <1.15.2',
143 silly audit report       cwe: [Array],
143 silly audit report       cvss: [Object]
143 silly audit report     },
143 silly audit report     {
143 silly audit report       id: 1120650,
143 silly audit report       url: 'https://github.com/advisories/GHSA-35jp-ww65-95wh',
143 silly audit report       title: 'axios Vulnerable to Full Man-in-the-Middle via Prototype Pollution Gadget in `config.proxy`',
143 silly audit report       severity: 'high',
143 silly audit report       vulnerable_versions: '>=1.0.0 <1.16.0',
143 silly audit report       cwe: [Array],
143 silly audit report       cvss: [Object]
143 silly audit report     },
143 silly audit report     {
143 silly audit report       id: 1120652,
143 silly audit report       url: 'https://github.com/advisories/GHSA-898c-q2cr-xwhg',
143 silly audit report       title: 'axios has DoS & Header Injection via Prototype Pollution Read-Side Gadgets in axios merge functions',
143 silly audit report       severity: 'moderate',
143 silly audit report       vulnerable_versions: '>=1.0.0 <1.16.0',
143 silly audit report       cwe: [Array],
143 silly audit report       cvss: [Object]
143 silly audit report     },
143 silly audit report     {
143 silly audit report       id: 1116673,
143 silly audit report       url: 'https://github.com/advisories/GHSA-3p68-rc4w-qgx5',
143 silly audit report       title: 'Axios has a NO_PROXY Hostname Normalization Bypass that Leads to SSRF',
143 silly audit report       severity: 'moderate',
143 silly audit report       vulnerable_versions: '>=1.0.0 <1.15.0',
143 silly audit report       cwe: [Array],
143 silly audit report       cvss: [Object]
143 silly audit report     },
143 silly audit report     {
143 silly audit report       id: 1117574,
143 silly audit report       url: 'https://github.com/advisories/GHSA-w9j2-pvgh-6h63',
143 silly audit report       title: 'Axios: Authentication Bypass via Prototype Pollution Gadget in `validateStatus` Merge Strategy',
143 silly audit report       severity: 'moderate',
143 silly audit report       vulnerable_versions: '>=1.0.0 <1.15.1',
143 silly audit report       cwe: [Array],
143 silly audit report       cvss: [Object]
143 silly audit report     },
143 silly audit report     {
143 silly audit report       id: 1117576,
143 silly audit report       url: 'https://github.com/advisories/GHSA-pmwg-cvhr-8vh7',
143 silly audit report       title: 'Axios: Incomplete Fix for CVE-2025-62718 — NO_PROXY Protection Bypassed via RFC 1122 Loopback Subnet (127.0.0.0/8) in Axios 1.15.0',
143 silly audit report       severity: 'high',
143 silly audit report       vulnerable_versions: '>=1.0.0 <1.15.1',
143 silly audit report       cwe: [Array],
143 silly audit report       cvss: [Object]
143 silly audit report     },
143 silly audit report     {
143 silly audit report       id: 1117577,
143 silly audit report       url: 'https://github.com/advisories/GHSA-3w6x-2g7m-8v23',
143 silly audit report       title: 'Axios: Invisible JSON Response Tampering via Prototype Pollution Gadget in `parseReviver`',
143 silly audit report       severity: 'moderate',
143 silly audit report       vulnerable_versions: '>=1.0.0 <1.15.2',
143 silly audit report       cwe: [Array],
143 silly audit report       cvss: [Object]
143 silly audit report     },
143 silly audit report     {
143 silly audit report       id: 1117580,
143 silly audit report       url: 'https://github.com/advisories/GHSA-xhjh-pmcv-23jw',
143 silly audit report       title: 'Axios: Null Byte Injection via Reverse-Encoding in AxiosURLSearchParams',
143 silly audit report       severity: 'low',
143 silly audit report       vulnerable_versions: '>=1.0.0 <1.15.1',
143 silly audit report       cwe: [Array],
143 silly audit report       cvss: [Object]
143 silly audit report     },
143 silly audit report     {
143 silly audit report       id: 1117581,
143 silly audit report       url: 'https://github.com/advisories/GHSA-445q-vr5w-6q77',
143 silly audit report       title: 'Axios: CRLF Injection in multipart/form-data body via unsanitized blob.type in formDataToStream',
143 silly audit report       severity: 'moderate',
143 silly audit report       vulnerable_versions: '>=1.0.0 <1.15.1',
143 silly audit report       cwe: [Array],
143 silly audit report       cvss: [Object]
143 silly audit report     },
143 silly audit report     {
143 silly audit report       id: 1117583,
143 silly audit report       url: 'https://github.com/advisories/GHSA-m7pr-hjqh-92cm',
143 silly audit report       title: 'Axios: no_proxy bypass via IP alias allows SSRF',
143 silly audit report       severity: 'moderate',
143 silly audit report       vulnerable_versions: '>=1.0.0 <1.15.1',
143 silly audit report       cwe: [Array],
143 silly audit report       cvss: [Object]
143 silly audit report     },
143 silly audit report     {
143 silly audit report       id: 1117587,
143 silly audit report       url: 'https://github.com/advisories/GHSA-5c9x-8gcm-mpgx',
143 silly audit report       title: "Axios' HTTP adapter-streamed uploads bypass maxBodyLength when maxRedirects: 0",
143 silly audit report       severity: 'moderate',
143 silly audit report       vulnerable_versions: '>=1.0.0 <1.15.1',
143 silly audit report       cwe: [Array],
143 silly audit report       cvss: [Object]
143 silly audit report     },
143 silly audit report     {
143 silly audit report       id: 1117589,
143 silly audit report       url: 'https://github.com/advisories/GHSA-vf2m-468p-8v99',
143 silly audit report       title: 'Axios: HTTP adapter streamed responses bypass maxContentLength',
143 silly audit report       severity: 'moderate',
143 silly audit report       vulnerable_versions: '>=1.0.0 <1.15.1',
143 silly audit report       cwe: [Array],
143 silly audit report       cvss: [Object]
143 silly audit report     },
143 silly audit report     {
143 silly audit report       id: 1117591,
143 silly audit report       url: 'https://github.com/advisories/GHSA-pf86-5x62-jrwf',
143 silly audit report       title: 'Axios: Prototype Pollution Gadgets - Response Tampering, Data Exfiltration, and Request Hijacking',
143 silly audit report       severity: 'high',
143 silly audit report       vulnerable_versions: '>=1.0.0 <1.15.1',
143 silly audit report       cwe: [Array],
143 silly audit report       cvss: [Object]
143 silly audit report     },
143 silly audit report     {
143 silly audit report       id: 1117593,
143 silly audit report       url: 'https://github.com/advisories/GHSA-6chq-wfr3-2hj9',
143 silly audit report       title: 'Axios: Header Injection via Prototype Pollution',
143 silly audit report       severity: 'high',
143 silly audit report       vulnerable_versions: '>=1.0.0 <1.15.1',
143 silly audit report       cwe: [Array],
143 silly audit report       cvss: [Object]
143 silly audit report     },
143 silly audit report     {
143 silly audit report       id: 1117595,
143 silly audit report       url: 'https://github.com/advisories/GHSA-xx6v-rp6x-q39c',
143 silly audit report       title: 'Axios: XSRF Token Cross-Origin Leakage via Prototype Pollution Gadget in `withXSRFToken` Boolean Coercion',
143 silly audit report       severity: 'moderate',
143 silly audit report       vulnerable_versions: '>=1.0.0 <1.15.1',
143 silly audit report       cwe: [Array],
143 silly audit report       cvss: [Object]
143 silly audit report     },
143 silly audit report     {
143 silly audit report       id: 1117858,
143 silly audit report       url: 'https://github.com/advisories/GHSA-43fc-jf86-j433',
143 silly audit report       title: 'Axios is Vulnerable to Denial of Service via __proto__ Key in mergeConfig',
143 silly audit report       severity: 'high',
143 silly audit report       vulnerable_versions: '>=1.0.0 <=1.13.4',
143 silly audit report       cwe: [Array],
143 silly audit report       cvss: [Object]
143 silly audit report     },
143 silly audit report     {
143 silly audit report       id: 1147949,
143 silly audit report       url: 'https://github.com/advisories/GHSA-mmx7-hfxf-jppx',
143 silly audit report       title: 'Axios: Prototype pollution gadgets can alter axios request construction',
143 silly audit report       severity: 'moderate',
143 silly audit report       vulnerable_versions: '>=1.0.0 <1.18.0',
143 silly audit report       cwe: [Array],
143 silly audit report       cvss: [Object]
143 silly audit report     },
143 silly audit report     {
143 silly audit report       id: 1147950,
143 silly audit report       url: 'https://github.com/advisories/GHSA-pmv8-rq9r-6j72',
143 silly audit report       title: 'Axios: Deep formToJSON Key Recursion Can Cause Denial of Service',
143 silly audit report       severity: 'moderate',
143 silly audit report       vulnerable_versions: '>=1.0.0 <1.18.0',
143 silly audit report       cwe: [Array],
143 silly audit report       cvss: [Object]
143 silly audit report     },
143 silly audit report     {
143 silly audit report       id: 1153175,
143 silly audit report       url: 'https://github.com/advisories/GHSA-mwf2-3pr3-8698',
143 silly audit report       title: 'Axios: HTTP/2 streamed uploads bypass `maxBodyLength`',
143 silly audit report       severity: 'moderate',
143 silly audit report       vulnerable_versions: '>=1.13.0 <1.18.0',
143 silly audit report       cwe: [Array],
143 silly audit report       cvss: [Object]
143 silly audit report     },
143 silly audit report     {
143 silly audit report       id: 1153180,
143 silly audit report       url: 'https://github.com/advisories/GHSA-7q8q-rj6j-mhjq',
143 silly audit report       title: 'Axios: Nested axios option objects can consume polluted prototype values',
143 silly audit report       severity: 'moderate',
143 silly audit report       vulnerable_versions: '>=1.0.0 <1.18.0',
143 silly audit report       cwe: [Array],
143 silly audit report       cvss: [Object]
143 silly audit report     },
143 silly audit report     {
143 silly audit report       id: 1153182,
143 silly audit report       url: 'https://github.com/advisories/GHSA-jqh4-m9w3-8hp9',
143 silly audit report       title: 'Axios: Fetch adapter `ReadableStream` uploads bypass `maxBodyLength`',
143 silly audit report       severity: 'moderate',
143 silly audit report       vulnerable_versions: '>=1.7.0 <1.18.0',
143 silly audit report       cwe: [Array],
143 silly audit report       cvss: [Object]
143 silly audit report     },
143 silly audit report     {
143 silly audit report       id: 1153185,
143 silly audit report       url: 'https://github.com/advisories/GHSA-42h9-826w-cgv3',
143 silly audit report       title: 'Axios: Excessive recursion in formDataToJSON can cause denial of service',
143 silly audit report       severity: 'moderate',
143 silly audit report       vulnerable_versions: '>=1.0.0 <1.18.0',
143 silly audit report       cwe: [Array],
143 silly audit report       cvss: [Object]
143 silly audit report     }
143 silly audit report   ],
143 silly audit report   'baseline-browser-mapping': [
143 silly audit report     {
143 silly audit report       id: 1193686,
143 silly audit report       url: 'https://github.com/advisories/GHSA-w5vr-8v7q-w6rv',
143 silly audit report       title: 'baseline-browser-mapping process termination on invalid input causes denial of service',
143 silly audit report       severity: 'moderate',
143 silly audit report       vulnerable_versions: '>=2.0.0 <2.11.0',
143 silly audit report       cwe: [Array],
143 silly audit report       cvss: [Object]
143 silly audit report     }
143 silly audit report   ],
143 silly audit report   browserslist: [
143 silly audit report     {
143 silly audit report       id: 1153171,
143 silly audit report       url: 'https://github.com/advisories/GHSA-c83g-rgw3-j3cx',
143 silly audit report       title: 'Browserslist: Unbounded memory growth (no cache eviction) via distinct query results, leading to eventual OOM',
143 silly audit report       severity: 'high',
143 silly audit report       vulnerable_versions: '<=4.28.6',
143 silly audit report       cwe: [Array],
143 silly audit report       cvss: [Object]
143 silly audit report     },
143 silly audit report     {
143 silly audit report       id: 1153172,
143 silly audit report       url: 'https://github.com/advisories/GHSA-73wf-gq98-2v4g',
143 silly audit report       title: 'Browserslist: Uncaught crash / prototype write via untrusted browserslist-stats.json custom stats (normalizeStats)',
143 silly audit report       severity: 'high',
143 silly audit report       vulnerable_versions: '<=4.28.6',
143 silly audit report       cwe: [Array],
143 silly audit report       cvss: [Object]
143 silly audit report     }
143 silly audit report   ],
143 silly audit report   flatted: [
143 silly audit report     {
143 silly audit report       id: 1114526,
143 silly audit report       url: 'https://github.com/advisories/GHSA-25h7-pfq9-p65f',
143 silly audit report       title: 'flatted vulnerable to unbounded recursion DoS in parse() revive phase',
143 silly audit report       severity: 'high',
143 silly audit report       vulnerable_versions: '<3.4.0',
143 silly audit report       cwe: [Array],
143 silly audit report       cvss: [Object]
143 silly audit report     },
143 silly audit report     {
143 silly audit report       id: 1115357,
143 silly audit report       url: 'https://github.com/advisories/GHSA-rf6f-7fwh-wjgh',
143 silly audit report       title: 'Prototype Pollution via parse() in NodeJS flatted',
143 silly audit report       severity: 'high',
143 silly audit report       vulnerable_versions: '<=3.4.1',
143 silly audit report       cwe: [Array],
143 silly audit report       cvss: [Object]
143 silly audit report     }
143 silly audit report   ],
143 silly audit report   'follow-redirects': [
143 silly audit report     {
143 silly audit report       id: 1116560,
143 silly audit report       url: 'https://github.com/advisories/GHSA-r4q5-vmmm-2653',
143 silly audit report       title: 'follow-redirects leaks Custom Authentication Headers to Cross-Domain Redirect Targets',
143 silly audit report       severity: 'moderate',
143 silly audit report       vulnerable_versions: '<=1.15.11',
143 silly audit report       cwe: [Array],
143 silly audit report       cvss: [Object]
143 silly audit report     }
143 silly audit report   ],
143 silly audit report   'form-data': [
143 silly audit report     {
143 silly audit report       id: 1120743,
143 silly audit report       url: 'https://github.com/advisories/GHSA-hmw2-7cc7-3qxx',
143 silly audit report       title: 'form-data: CRLF injection in form-data via unescaped multipart field names and filenames',
143 silly audit report       severity: 'high',
143 silly audit report       vulnerable_versions: '>=4.0.0 <4.0.6',
143 silly audit report       cwe: [Array],
143 silly audit report       cvss: [Object]
143 silly audit report     }
143 silly audit report   ],
143 silly audit report   'js-yaml': [
143 silly audit report     {
143 silly audit report       id: 1121860,
143 silly audit report       url: 'https://github.com/advisories/GHSA-h67p-54hq-rp68',
143 silly audit report       title: 'JS-YAML: Quadratic-complexity DoS in merge key handling via repeated aliases',
143 silly audit report       severity: 'moderate',
143 silly audit report       vulnerable_versions: '>=4.0.0 <=4.1.1',
143 silly audit report       cwe: [Array],
143 silly audit report       cvss: [Object]
143 silly audit report     },
143 silly audit report     {
143 silly audit report       id: 1123911,
143 silly audit report       url: 'https://github.com/advisories/GHSA-52cp-r559-cp3m',
143 silly audit report       title: 'js-yaml: YAML merge-key chains can force quadratic CPU consumption',
143 silly audit report       severity: 'high',
143 silly audit report       vulnerable_versions: '>=4.0.0 <4.3.0',
143 silly audit report       cwe: [Array],
143 silly audit report       cvss: [Object]
143 silly audit report     },
143 silly audit report     {
143 silly audit report       id: 1138115,
143 silly audit report       url: 'https://github.com/advisories/GHSA-5p4m-2wfm-xmqj',
143 silly audit report       title: 'JS-YAML: Quadratic CPU consumption in !!omap resolution (3.x and 4.x) — CVE-2026-59870 fix not backported',
143 silly audit report       severity: 'high',
143 silly audit report       vulnerable_versions: '>=4.0.0 <4.3.1',
143 silly audit report       cwe: [Array],
143 silly audit report       cvss: [Object]
143 silly audit report     },
143 silly audit report     {
143 silly audit report       id: 1193727,
143 silly audit report       url: 'https://github.com/advisories/GHSA-2883-xcg3-v3hh',
143 silly audit report       title: 'js-yaml: maxTotalMergeKeys does not limit CPU use for empty merge sources',
143 silly audit report       severity: 'high',
143 silly audit report       vulnerable_versions: '>=4.0.0 <4.3.2',
143 silly audit report       cwe: [Array],
143 silly audit report       cvss: [Object]
143 silly audit report     }
143 silly audit report   ],
143 silly audit report   nanoid: [
143 silly audit report     {
143 silly audit report       id: 1138811,
143 silly audit report       url: 'https://github.com/advisories/GHSA-28wg-ghj8-5hjv',
143 silly audit report       title: 'nanoid: non-secure generators can loop indefinitely with negative size',
143 silly audit report       severity: 'high',
143 silly audit report       vulnerable_versions: '<3.3.16',
143 silly audit report       cwe: [Array],
143 silly audit report       cvss: [Object]
143 silly audit report     },
143 silly audit report     {
143 silly audit report       id: 1139427,
143 silly audit report       url: 'https://github.com/advisories/GHSA-2v37-7h3g-55p8',
143 silly audit report       title: 'nanoid: custom generators can loop indefinitely when size is zero',
143 silly audit report       severity: 'high',
143 silly audit report       vulnerable_versions: '<3.3.18',
143 silly audit report       cwe: [Array],
143 silly audit report       cvss: [Object]
143 silly audit report     },
143 silly audit report     {
143 silly audit report       id: 1153189,
143 silly audit report       url: 'https://github.com/advisories/GHSA-xwg4-73v4-xw9w',
143 silly audit report       title: 'nanoid: Integer Overflow or Wraparound',
143 silly audit report       severity: 'high',
143 silly audit report       vulnerable_versions: '<3.3.12',
143 silly audit report       cwe: [Array],
143 silly audit report       cvss: [Object]
143 silly audit report     }
143 silly audit report   ],
143 silly audit report   next: [
143 silly audit report     {
143 silly audit report       id: 1117930,
143 silly audit report       url: 'https://github.com/advisories/GHSA-8h8q-6873-q5fj',
143 silly audit report       title: 'Next.js Vulnerable to Denial of Service with Server Components',
143 silly audit report       severity: 'high',
143 silly audit report       vulnerable_versions: '>=16.0.0 <16.2.5',
143 silly audit report       cwe: [Array],
143 silly audit report       cvss: [Object]
143 silly audit report     },
143 silly audit report     {
143 silly audit report       id: 1118938,
143 silly audit report       url: 'https://github.com/advisories/GHSA-26hh-7cqf-hhc6',
143 silly audit report       title: 'Next.js has a Middleware / Proxy bypass in App Router applications via segment-prefetch routes - Incomplete Fix Follow-Up',
143 silly audit report       severity: 'high',
143 silly audit report       vulnerable_versions: '>=16.0.0 <16.2.6',
143 silly audit report       cwe: [Array],
143 silly audit report       cvss: [Object]
143 silly audit report     },
143 silly audit report     {
143 silly audit report       id: 1118941,
143 silly audit report       url: 'https://github.com/advisories/GHSA-3g8h-86w9-wvmq',
143 silly audit report       title: "Next.js's Middleware / Proxy redirects can be cache-poisoned",
143 silly audit report       severity: 'low',
143 silly audit report       vulnerable_versions: '>=16.0.0 <16.2.5',
143 silly audit report       cwe: [Array],
143 silly audit report       cvss: [Object]
143 silly audit report     },
143 silly audit report     {
143 silly audit report       id: 1118943,
143 silly audit report       url: 'https://github.com/advisories/GHSA-ffhc-5mcf-pf4q',
143 silly audit report       title: 'Next.js vulnerable to cross-site scripting in App Router applications using CSP nonces',
143 silly audit report       severity: 'moderate',
143 silly audit report       vulnerable_versions: '>=16.0.0 <16.2.5',
143 silly audit report       cwe: [Array],
143 silly audit report       cvss: [Object]
143 silly audit report     },
143 silly audit report     {
143 silly audit report       id: 1118945,
143 silly audit report       url: 'https://github.com/advisories/GHSA-vfv6-92ff-j949',
143 silly audit report       title: 'Next.js vulnerable to cache poisoning via collisions in React Server Component cache-busting',
143 silly audit report       severity: 'low',
143 silly audit report       vulnerable_versions: '>=16.0.0 <16.2.5',
143 silly audit report       cwe: [Array],
143 silly audit report       cvss: [Object]
143 silly audit report     },
143 silly audit report     {
143 silly audit report       id: 1118947,
143 silly audit report       url: 'https://github.com/advisories/GHSA-gx5p-jg67-6x7h',
143 silly audit report       title: 'Next.js has cross-site scripting in beforeInteractive scripts with untrusted input',
143 silly audit report       severity: 'moderate',
143 silly audit report       vulnerable_versions: '>=16.0.0 <16.2.5',
143 silly audit report       cwe: [Array],
143 silly audit report       cvss: [Object]
143 silly audit report     },
143 silly audit report     {
143 silly audit report       id: 1118949,
143 silly audit report       url: 'https://github.com/advisories/GHSA-mg66-mrh9-m8jx',
143 silly audit report       title: 'Next.js vulnerable to Denial of Service via connection exhaustion in applications using Cache Components',
143 silly audit report       severity: 'high',
143 silly audit report       vulnerable_versions: '>=16.0.0 <16.2.5',
143 silly audit report       cwe: [Array],
143 silly audit report       cvss: [Object]
143 silly audit report     },
143 silly audit report     {
143 silly audit report       id: 1118951,
143 silly audit report       url: 'https://github.com/advisories/GHSA-h64f-5h5j-jqjh',
143 silly audit report       title: 'Next.js has a Denial of Service in the Image Optimization API',
143 silly audit report       severity: 'moderate',
143 silly audit report       vulnerable_versions: '>=16.0.0 <16.2.5',
143 silly audit report       cwe: [Array],
143 silly audit report       cvss: [Object]
143 silly audit report     },
143 silly audit report     {
143 silly audit report       id: 1118953,
143 silly audit report       url: 'https://github.com/advisories/GHSA-c4j6-fc7j-m34r',
143 silly audit report       title: 'Next.js vulnerable to server-side request forgery in applications using WebSocket upgrades',
143 silly audit report       severity: 'high',
143 silly audit report       vulnerable_versions: '>=16.0.0 <16.2.5',
143 silly audit report       cwe: [Array],
143 silly audit report       cvss: [Object]
143 silly audit report     },
143 silly audit report     {
143 silly audit report       id: 1118955,
143 silly audit report       url: 'https://github.com/advisories/GHSA-492v-c6pp-mqqv',
143 silly audit report       title: 'Next.js has a Middleware / Proxy bypass through dynamic route parameter injection',
143 silly audit report       severity: 'high',
143 silly audit report       vulnerable_versions: '>=16.0.0 <16.2.5',
143 silly audit report       cwe: [Array],
143 silly audit report       cvss: [Object]
143 silly audit report     },
143 silly audit report     {
143 silly audit report       id: 1118957,
143 silly audit report       url: 'https://github.com/advisories/GHSA-wfc6-r584-vfw7',
143 silly audit report       title: 'Next.js vulnerable to cache poisoning in React Server Component responses',
143 silly audit report       severity: 'moderate',
143 silly audit report       vulnerable_versions: '>=16.0.0 <16.2.5',
143 silly audit report       cwe: [Array],
143 silly audit report       cvss: [Object]
143 silly audit report     },
143 silly audit report     {
143 silly audit report       id: 1118959,
143 silly audit report       url: 'https://github.com/advisories/GHSA-267c-6grr-h53f',
143 silly audit report       title: 'Next.js has a Middleware / Proxy bypass in App Router applications via segment-prefetch routes',
143 silly audit report       severity: 'high',
143 silly audit report       vulnerable_versions: '>=16.0.0 <16.2.5',
143 silly audit report       cwe: [Array],
143 silly audit report       cvss: [Object]
143 silly audit report     },
143 silly audit report     {
143 silly audit report       id: 1118961,
143 silly audit report       url: 'https://github.com/advisories/GHSA-36qx-fr4f-26g5',
143 silly audit report       title: 'Next.js has a Middleware / Proxy bypass in Pages Router applications using i18n',
143 silly audit report       severity: 'high',
143 silly audit report       vulnerable_versions: '>=16.0.0 <16.2.5',
143 silly audit report       cwe: [Array],
143 silly audit report       cvss: [Object]
143 silly audit report     },
143 silly audit report     {
143 silly audit report       id: 1114898,
143 silly audit report       url: 'https://github.com/advisories/GHSA-ggv3-7p47-pfv8',
143 silly audit report       title: 'Next.js: HTTP request smuggling in rewrites',
143 silly audit report       severity: 'moderate',
143 silly audit report       vulnerable_versions: '>=16.0.0-beta.0 <16.1.7',
143 silly audit report       cwe: [Array],
143 silly audit report       cvss: [Object]
143 silly audit report     },
143 silly audit report     {
143 silly audit report       id: 1114941,
143 silly audit report       url: 'https://github.com/advisories/GHSA-3x4c-7xq6-9pq8',
143 silly audit report       title: 'Next.js: Unbounded next/image disk cache growth can exhaust storage',
143 silly audit report       severity: 'moderate',
143 silly audit report       vulnerable_versions: '>=16.0.0-beta.0 <16.1.7',
143 silly audit report       cwe: [Array],
143 silly audit report       cvss: [Object]
143 silly audit report     },
143 silly audit report     {
143 silly audit report       id: 1114942,
143 silly audit report       url: 'https://github.com/advisories/GHSA-h27x-g6w4-24gq',
143 silly audit report       title: 'Next.js: Unbounded postponed resume buffering can lead to DoS',
143 silly audit report       severity: 'moderate',
143 silly audit report       vulnerable_versions: '>=16.0.1 <16.1.7',
143 silly audit report       cwe: [Array],
143 silly audit report       cvss: [Object]
143 silly audit report     },
143 silly audit report     {
143 silly audit report       id: 1114943,
143 silly audit report       url: 'https://github.com/advisories/GHSA-mq59-m269-xvcx',
143 silly audit report       title: 'Next.js: null origin can bypass Server Actions CSRF checks',
143 silly audit report       severity: 'moderate',
143 silly audit report       vulnerable_versions: '>=16.0.1 <16.1.7',
143 silly audit report       cwe: [Array],
143 silly audit report       cvss: [Object]
143 silly audit report     },
143 silly audit report     {
143 silly audit report       id: 1115360,
143 silly audit report       url: 'https://github.com/advisories/GHSA-jcc7-9wpm-mj36',
143 silly audit report       title: 'Next.js: null origin can bypass dev HMR websocket CSRF checks',
143 silly audit report       severity: 'low',
143 silly audit report       vulnerable_versions: '>=16.0.1 <16.1.7',
143 silly audit report       cwe: [Array],
143 silly audit report       cvss: [Object]
143 silly audit report     },
143 silly audit report     {
143 silly audit report       id: 1116375,
143 silly audit report       url: 'https://github.com/advisories/GHSA-q4gf-8mx6-v5v3',
143 silly audit report       title: 'Next.js has a Denial of Service with Server Components',
143 silly audit report       severity: 'high',
143 silly audit report       vulnerable_versions: '>=16.0.0-beta.0 <16.2.3',
143 silly audit report       cwe: [Array],
143 silly audit report       cvss: [Object]
143 silly audit report     },
143 silly audit report     {
143 silly audit report       id: 1124184,
143 silly audit report       url: 'https://github.com/advisories/GHSA-89xv-2m56-2m9x',
143 silly audit report       title: 'Next.js: Server-Side Request Forgery in Server Actions on custom servers',
143 silly audit report       severity: 'high',
143 silly audit report       vulnerable_versions: '>=16.0.0 <16.2.11',
143 silly audit report       cwe: [Array],
143 silly audit report       cvss: [Object]
143 silly audit report     },
143 silly audit report     {
143 silly audit report       id: 1124186,
143 silly audit report       url: 'https://github.com/advisories/GHSA-68g3-v927-f742',
143 silly audit report       title: 'Next.js: Cache confusion of response bodies for requests with bodies',
143 silly audit report       severity: 'moderate',
143 silly audit report       vulnerable_versions: '>=16.0.0 <16.2.11',
143 silly audit report       cwe: [Array],
143 silly audit report       cvss: [Object]
143 silly audit report     },
143 silly audit report     {
143 silly audit report       id: 1124170,
143 silly audit report       url: 'https://github.com/advisories/GHSA-6gpp-xcg3-4w24',
143 silly audit report       title: 'Next.js: Middleware / Proxy bypass in App Router applications using Turbopack and single locale',
143 silly audit report       severity: 'high',
143 silly audit report       vulnerable_versions: '>=16.0.0 <16.2.11',
143 silly audit report       cwe: [Array],
143 silly audit report       cvss: [Object]
143 silly audit report     },
143 silly audit report     {
143 silly audit report       id: 1124171,
143 silly audit report       url: 'https://github.com/advisories/GHSA-m99w-x7hq-7vfj',
143 silly audit report       title: 'Next.js: Denial of Service in App Router using Server Actions',
143 silly audit report       severity: 'high',
143 silly audit report       vulnerable_versions: '>=16.0.0 <16.2.11',
143 silly audit report       cwe: [Array],
143 silly audit report       cvss: [Object]
143 silly audit report     },
143 silly audit report     {
143 silly audit report       id: 1124188,
143 silly audit report       url: 'https://github.com/advisories/GHSA-4633-3j49-mh5q',
143 silly audit report       title: 'Next.js: Cache confusion of response bodies for requests with bodies containing invalid UTF-8 byte sequences',
143 silly audit report       severity: 'moderate',
143 silly audit report       vulnerable_versions: '>=16.0.0 <16.2.11',
143 silly audit report       cwe: [Array],
143 silly audit report       cvss: [Object]
143 silly audit report     },
143 silly audit report     {
143 silly audit report       id: 1124190,
143 silly audit report       url: 'https://github.com/advisories/GHSA-4c39-4ccg-62r3',
143 silly audit report       title: 'Next.js: Unbounded Server Action payload in Edge runtime',
143 silly audit report       severity: 'moderate',
143 silly audit report       vulnerable_versions: '>=16.0.0 <16.2.11',
143 silly audit report       cwe: [Array],
143 silly audit report       cvss: [Object]
143 silly audit report     },
143 silly audit report     {
143 silly audit report       id: 1124192,
143 silly audit report       url: 'https://github.com/advisories/GHSA-p9j2-gv94-2wf4',
143 silly audit report       title: 'Next.js: Server-Side Request Forgery in rewrites via attacker-controlled destination hostname',
143 silly audit report       severity: 'high',
143 silly audit report       vulnerable_versions: '>=16.0.0 <16.2.11',
143 silly audit report       cwe: [Array],
143 silly audit report       cvss: [Object]
143 silly audit report     },
143 silly audit report     {
143 silly audit report       id: 1124194,
143 silly audit report       url: 'https://github.com/advisories/GHSA-q8wf-6r8g-63ch',
143 silly audit report       title: 'Next.js: Denial of Service in the Image Optimization API using SVGs',
143 silly audit report       severity: 'moderate',
143 silly audit report       vulnerable_versions: '>=16.0.0 <16.2.11',
143 silly audit report       cwe: [Array],
143 silly audit report       cvss: [Object]
143 silly audit report     },
143 silly audit report     {
143 silly audit report       id: 1124196,
143 silly audit report       url: 'https://github.com/advisories/GHSA-955p-x3mx-jcvp',
143 silly audit report       title: 'Next.js: Unauthenticated disclosure of internal Server Function endpoints',
143 silly audit report       severity: 'moderate',
143 silly audit report       vulnerable_versions: '>=16.0.0 <16.2.11',
143 silly audit report       cwe: [Array],
143 silly audit report       cvss: [Object]
143 silly audit report     },
143 silly audit report     {
143 silly audit report       id: 1193676,
143 silly audit report       url: 'https://github.com/advisories/GHSA-p293-qw3h-jr36',
143 silly audit report       title: 'Next.js: Unauthenticated Remote Code Execution on windows-hosted servers',
143 silly audit report       severity: 'critical',
143 silly audit report       vulnerable_versions: '>=16.0.0 <16.3.3',
143 silly audit report       cwe: [Array],
143 silly audit report       cvss: [Object]
143 silly audit report     },
143 silly audit report     {
143 silly audit report       id: 1193732,
143 silly audit report       url: 'https://github.com/advisories/GHSA-2xp9-vwfh-vxw4',
143 silly audit report       title: 'Next.js: Unauthenticated Remote Code Execution in Image Optimization API when AVIF files are used',
143 silly audit report       severity: 'critical',
143 silly audit report       vulnerable_versions: '>=16.0.0 <16.3.3',
143 silly audit report       cwe: [Array],
143 silly audit report       cvss: [Object]
143 silly audit report     }
143 silly audit report   ],
143 silly audit report   postcss: [
143 silly audit report     {
143 silly audit report       id: 1130709,
143 silly audit report       url: 'https://github.com/advisories/GHSA-fxqj-rqcc-2cmp',
143 silly audit report       title: 'PostCSS: incomplete fix of GHSA-6g55-p6wh-862q — attacker-controlled sourceMappingURL reads arbitrary .map files when `from` is unset',
143 silly audit report       severity: 'moderate',
143 silly audit report       vulnerable_versions: '<=8.5.22',
143 silly audit report       cwe: [Array],
143 silly audit report       cvss: [Object]
143 silly audit report     },
143 silly audit report     {
143 silly audit report       id: 1117015,
143 silly audit report       url: 'https://github.com/advisories/GHSA-qx2v-qp2m-jg93',
143 silly audit report       title: 'PostCSS has XSS via Unescaped </style> in its CSS Stringify Output',
143 silly audit report       severity: 'moderate',
143 silly audit report       vulnerable_versions: '<8.5.10',
143 silly audit report       cwe: [Array],
143 silly audit report       cvss: [Object]
143 silly audit report     },
143 silly audit report     {
143 silly audit report       id: 1124252,
143 silly audit report       url: 'https://github.com/advisories/GHSA-6g55-p6wh-862q',
143 silly audit report       title: 'PostCSS: Arbitrary file read and information disclosure via attacker-controlled sourceMappingURL in CSS comments',
143 silly audit report       severity: 'high',
143 silly audit report       vulnerable_versions: '<=8.5.11',
143 silly audit report       cwe: [Array],
143 silly audit report       cvss: [Object]
143 silly audit report     },
143 silly audit report     {
143 silly audit report       id: 1139510,
143 silly audit report       url: 'https://github.com/advisories/GHSA-r28c-9q8g-f849',
143 silly audit report       title: 'PostCSS: Path Traversal in Previous Source Map Auto-Loading (sourceMappingURL) leads to Arbitrary .map File Disclosure',
143 silly audit report       severity: 'high',
143 silly audit report       vulnerable_versions: '<=8.5.17',
143 silly audit report       cwe: [Array],
143 silly audit report       cvss: [Object]
143 silly audit report     }
143 silly audit report   ],
143 silly audit report   picomatch: [
143 silly audit report     {
143 silly audit report       id: 1115549,
143 silly audit report       url: 'https://github.com/advisories/GHSA-3v7f-55p6-f55p',
143 silly audit report       title: 'Picomatch: Method Injection in POSIX Character Classes causes incorrect Glob Matching',
143 silly audit report       severity: 'moderate',
143 silly audit report       vulnerable_versions: '<2.3.2',
143 silly audit report       cwe: [Array],
143 silly audit report       cvss: [Object]
143 silly audit report     },
143 silly audit report     {
143 silly audit report       id: 1115551,
143 silly audit report       url: 'https://github.com/advisories/GHSA-3v7f-55p6-f55p',
143 silly audit report       title: 'Picomatch: Method Injection in POSIX Character Classes causes incorrect Glob Matching',
143 silly audit report       severity: 'moderate',
143 silly audit report       vulnerable_versions: '>=4.0.0 <4.0.4',
143 silly audit report       cwe: [Array],
143 silly audit report       cvss: [Object]
143 silly audit report     },
143 silly audit report     {
143 silly audit report       id: 1115552,
143 silly audit report       url: 'https://github.com/advisories/GHSA-c2c7-rcm5-vvqj',
143 silly audit report       title: 'Picomatch has a ReDoS vulnerability via extglob quantifiers',
143 silly audit report       severity: 'high',
143 silly audit report       vulnerable_versions: '<2.3.2',
143 silly audit report       cwe: [Array],
143 silly audit report       cvss: [Object]
143 silly audit report     },
143 silly audit report     {
143 silly audit report       id: 1115554,
143 silly audit report       url: 'https://github.com/advisories/GHSA-c2c7-rcm5-vvqj',
143 silly audit report       title: 'Picomatch has a ReDoS vulnerability via extglob quantifiers',
143 silly audit report       severity: 'high',
143 silly audit report       vulnerable_versions: '>=4.0.0 <4.0.4',
143 silly audit report       cwe: [Array],
143 silly audit report       cvss: [Object]
143 silly audit report     }
143 silly audit report   ],
143 silly audit report   sharp: [
143 silly audit report     {
143 silly audit report       id: 1124066,
143 silly audit report       url: 'https://github.com/advisories/GHSA-f88m-g3jw-g9cj',
143 silly audit report       title: 'sharp inherited vulnerabilities in libvips: CVE-2026-33327, CVE-2026-33328, CVE-2026-35590, CVE-2026-35591',
143 silly audit report       severity: 'high',
143 silly audit report       vulnerable_versions: '<0.35.0',
143 silly audit report       cwe: [Array],
143 silly audit report       cvss: [Object]
143 silly audit report     },
143 silly audit report     {
143 silly audit report       id: 1193725,
143 silly audit report       url: 'https://github.com/advisories/GHSA-rgj7-g3m4-5g8c',
143 silly audit report       title: 'sharp: Vulnerabilities in libheif: GHSA-g89c-p67h-r497 and GHSA-2jg2-4ch7-h545',
143 silly audit report       severity: 'high',
143 silly audit report       vulnerable_versions: '<0.35.4',
143 silly audit report       cwe: [Array],
143 silly audit report       cvss: [Object]
143 silly audit report     }
143 silly audit report   ]
143 silly audit report }
144 silly packumentCache corgi:https://registry.npmjs.org/@babel%2fcore cache-miss
145 silly packumentCache corgi:https://registry.npmjs.org/@humanfs%2fnode cache-miss
146 silly packumentCache corgi:https://registry.npmjs.org/brace-expansion cache-miss
147 silly packumentCache corgi:https://registry.npmjs.org/minimatch cache-miss
148 silly packumentCache corgi:https://registry.npmjs.org/ajv cache-miss
149 silly packumentCache corgi:https://registry.npmjs.org/axios cache-miss
150 silly packumentCache corgi:https://registry.npmjs.org/baseline-browser-mapping cache-miss
151 silly packumentCache corgi:https://registry.npmjs.org/browserslist cache-miss
152 silly packumentCache corgi:https://registry.npmjs.org/flatted cache-miss
153 silly packumentCache corgi:https://registry.npmjs.org/follow-redirects cache-miss
154 silly packumentCache corgi:https://registry.npmjs.org/form-data cache-miss
155 silly packumentCache corgi:https://registry.npmjs.org/js-yaml cache-miss
156 silly packumentCache corgi:https://registry.npmjs.org/nanoid cache-miss
157 silly packumentCache corgi:https://registry.npmjs.org/next cache-miss
158 silly packumentCache corgi:https://registry.npmjs.org/postcss cache-miss
159 silly packumentCache corgi:https://registry.npmjs.org/picomatch cache-miss
160 silly packumentCache corgi:https://registry.npmjs.org/sharp cache-miss
161 http fetch GET 200 https://registry.npmjs.org/brace-expansion 253ms (cache miss)
162 silly packumentCache corgi:https://registry.npmjs.org/brace-expansion set size:undefined disposed:false
163 http fetch GET 200 https://registry.npmjs.org/picomatch 275ms (cache miss)
164 silly packumentCache corgi:https://registry.npmjs.org/picomatch set size:undefined disposed:false
165 http fetch GET 200 https://registry.npmjs.org/@humanfs%2fnode 291ms (cache miss)
166 silly packumentCache corgi:https://registry.npmjs.org/@humanfs%2fnode set size:undefined disposed:false
167 http fetch GET 200 https://registry.npmjs.org/flatted 311ms (cache miss)
168 silly packumentCache corgi:https://registry.npmjs.org/flatted set size:undefined disposed:false
169 http fetch GET 200 https://registry.npmjs.org/form-data 322ms (cache miss)
170 silly packumentCache corgi:https://registry.npmjs.org/form-data set size:undefined disposed:false
171 http fetch GET 200 https://registry.npmjs.org/js-yaml 335ms (cache miss)
172 silly packumentCache corgi:https://registry.npmjs.org/js-yaml set size:undefined disposed:false
173 http fetch GET 200 https://registry.npmjs.org/@babel%2fcore 387ms (cache miss)
174 silly packumentCache corgi:https://registry.npmjs.org/@babel%2fcore set size:undefined disposed:false
175 http fetch GET 200 https://registry.npmjs.org/baseline-browser-mapping 424ms (cache miss)
176 silly packumentCache corgi:https://registry.npmjs.org/baseline-browser-mapping set size:undefined disposed:false
177 http fetch GET 200 https://registry.npmjs.org/follow-redirects 432ms (cache miss)
178 silly packumentCache corgi:https://registry.npmjs.org/follow-redirects set size:undefined disposed:false
179 http fetch GET 200 https://registry.npmjs.org/minimatch 448ms (cache miss)
180 silly packumentCache corgi:https://registry.npmjs.org/minimatch set size:undefined disposed:false
181 http fetch GET 200 https://registry.npmjs.org/sharp 458ms (cache miss)
182 silly packumentCache corgi:https://registry.npmjs.org/sharp set size:undefined disposed:false
183 http fetch GET 200 https://registry.npmjs.org/axios 477ms (cache miss)
184 silly packumentCache corgi:https://registry.npmjs.org/axios set size:undefined disposed:false
185 http fetch GET 200 https://registry.npmjs.org/nanoid 588ms (cache miss)
186 silly packumentCache corgi:https://registry.npmjs.org/nanoid set size:undefined disposed:false
187 http fetch GET 200 https://registry.npmjs.org/browserslist 604ms (cache miss)
188 silly packumentCache corgi:https://registry.npmjs.org/browserslist set size:undefined disposed:false
189 http fetch GET 200 https://registry.npmjs.org/ajv 632ms (cache miss)
190 silly packumentCache corgi:https://registry.npmjs.org/ajv set size:undefined disposed:false
191 http fetch GET 200 https://registry.npmjs.org/postcss 646ms (cache miss)
192 silly packumentCache corgi:https://registry.npmjs.org/postcss set size:undefined disposed:false
193 http fetch GET 200 https://registry.npmjs.org/next 973ms (cache miss)
194 silly packumentCache corgi:https://registry.npmjs.org/next set size:undefined disposed:false
195 silly packumentCache corgi:https://registry.npmjs.org/@babel%2fhelper-module-transforms cache-miss
196 silly packumentCache corgi:https://registry.npmjs.org/eslint-plugin-react-hooks cache-miss
197 http fetch GET 200 https://registry.npmjs.org/@babel%2fhelper-module-transforms 47ms (cache miss)
198 silly packumentCache corgi:https://registry.npmjs.org/@babel%2fhelper-module-transforms set size:undefined disposed:false
199 http fetch GET 200 https://registry.npmjs.org/eslint-plugin-react-hooks 154ms (cache miss)
200 silly packumentCache corgi:https://registry.npmjs.org/eslint-plugin-react-hooks set size:undefined disposed:false
201 silly packumentCache corgi:https://registry.npmjs.org/eslint cache-miss
202 http fetch GET 200 https://registry.npmjs.org/eslint 53ms (cache miss)
203 silly packumentCache corgi:https://registry.npmjs.org/eslint set size:undefined disposed:false
204 silly packumentCache corgi:https://registry.npmjs.org/@eslint%2fconfig-array cache-miss
205 silly packumentCache corgi:https://registry.npmjs.org/@eslint%2feslintrc cache-miss
206 silly packumentCache corgi:https://registry.npmjs.org/eslint-plugin-import cache-miss
207 silly packumentCache corgi:https://registry.npmjs.org/eslint-plugin-jsx-a11y cache-miss
208 silly packumentCache corgi:https://registry.npmjs.org/eslint-plugin-react cache-miss
209 http fetch GET 200 https://registry.npmjs.org/@eslint%2fconfig-array 80ms (cache miss)
210 silly packumentCache corgi:https://registry.npmjs.org/@eslint%2fconfig-array set size:undefined disposed:false
211 http fetch GET 200 https://registry.npmjs.org/eslint-plugin-jsx-a11y 83ms (cache miss)
212 silly packumentCache corgi:https://registry.npmjs.org/eslint-plugin-jsx-a11y set size:undefined disposed:false
213 http fetch GET 200 https://registry.npmjs.org/eslint-plugin-import 92ms (cache miss)
214 silly packumentCache corgi:https://registry.npmjs.org/eslint-plugin-import set size:undefined disposed:false
215 http fetch GET 200 https://registry.npmjs.org/@eslint%2feslintrc 100ms (cache miss)
216 silly packumentCache corgi:https://registry.npmjs.org/@eslint%2feslintrc set size:undefined disposed:false
217 http fetch GET 200 https://registry.npmjs.org/eslint-plugin-react 102ms (cache miss)
218 silly packumentCache corgi:https://registry.npmjs.org/eslint-plugin-react set size:undefined disposed:false
219 silly packumentCache corgi:https://registry.npmjs.org/@typescript-eslint%2ftypescript-estree cache-miss
220 http fetch GET 200 https://registry.npmjs.org/@typescript-eslint%2ftypescript-estree 285ms (cache miss)
221 silly packumentCache corgi:https://registry.npmjs.org/@typescript-eslint%2ftypescript-estree set size:undefined disposed:false
222 silly packumentCache corgi:https://registry.npmjs.org/@babel%2fhelper-compilation-targets cache-miss
223 silly packumentCache corgi:https://registry.npmjs.org/autoprefixer cache-miss
224 silly packumentCache corgi:https://registry.npmjs.org/update-browserslist-db cache-miss
225 http fetch GET 200 https://registry.npmjs.org/update-browserslist-db 41ms (cache miss)
226 silly packumentCache corgi:https://registry.npmjs.org/update-browserslist-db set size:undefined disposed:false
227 http fetch GET 200 https://registry.npmjs.org/@babel%2fhelper-compilation-targets 53ms (cache miss)
228 silly packumentCache corgi:https://registry.npmjs.org/@babel%2fhelper-compilation-targets set size:undefined disposed:false
229 http fetch GET 200 https://registry.npmjs.org/autoprefixer 75ms (cache miss)
230 silly packumentCache corgi:https://registry.npmjs.org/autoprefixer set size:undefined disposed:false
231 silly packumentCache corgi:https://registry.npmjs.org/flat-cache cache-miss
232 http fetch GET 200 https://registry.npmjs.org/flat-cache 30ms (cache miss)
233 silly packumentCache corgi:https://registry.npmjs.org/flat-cache set size:undefined disposed:false
234 silly packumentCache corgi:https://registry.npmjs.org/@tailwindcss%2fpostcss cache-miss
235 http fetch GET 200 https://registry.npmjs.org/@tailwindcss%2fpostcss 399ms (cache miss)
236 silly packumentCache corgi:https://registry.npmjs.org/@tailwindcss%2fpostcss set size:undefined disposed:false
237 silly packumentCache corgi:https://registry.npmjs.org/micromatch cache-miss
238 http fetch GET 200 https://registry.npmjs.org/micromatch 23ms (cache miss)
239 silly packumentCache corgi:https://registry.npmjs.org/micromatch set size:undefined disposed:false
240 silly packumentCache corgi:https://registry.npmjs.org/tinyglobby cache-miss
241 silly packumentCache corgi:https://registry.npmjs.org/fdir cache-miss
242 http fetch GET 200 https://registry.npmjs.org/tinyglobby 28ms (cache miss)
243 silly packumentCache corgi:https://registry.npmjs.org/tinyglobby set size:undefined disposed:false
244 http fetch GET 200 https://registry.npmjs.org/fdir 29ms (cache miss)
245 silly packumentCache corgi:https://registry.npmjs.org/fdir set size:undefined disposed:false
246 silly ADD
247 silly ADD
248 silly ADD
249 silly ADD
250 silly ADD
251 silly ADD
252 silly ADD
253 silly ADD
254 silly ADD
255 silly ADD
256 silly ADD
257 silly ADD
258 silly ADD
259 silly ADD
260 silly ADD
261 silly ADD
262 silly ADD
263 silly ADD
264 silly ADD
265 silly ADD
266 silly ADD
267 silly ADD
268 silly ADD
269 silly ADD
270 silly ADD
271 silly ADD
272 silly ADD
273 silly ADD
274 silly ADD
275 silly ADD
276 silly ADD
277 silly ADD
278 silly ADD
279 silly ADD
280 silly ADD
281 silly ADD
282 silly ADD
283 silly ADD
284 silly ADD
285 silly ADD
286 silly ADD
287 silly ADD
288 silly ADD
289 silly ADD
290 silly ADD
291 silly ADD
292 silly ADD
293 silly ADD
294 silly ADD
295 silly ADD
296 silly ADD
297 silly ADD
298 silly ADD
299 silly ADD
300 silly ADD
301 silly ADD
302 silly ADD
303 silly ADD
304 silly ADD
305 silly ADD
306 silly ADD
307 silly ADD
308 verbose cwd /home/ubuntu/frontend
309 verbose os Linux 7.0.0-1012-aws
310 verbose node v20.20.2
311 verbose npm  v10.8.2
312 notice
312 notice New [31mmajor[39m version of npm available! [31m10.8.2[39m -> [34m12.0.2[39m
312 notice Changelog: [34mhttps://github.com/npm/cli/releases/tag/v12.0.2[39m
312 notice To update run: [4mnpm install -g npm@12.0.2[24m
312 notice  { force: true, [Symbol(proc-log.meta)]: true }
313 verbose exit 0
314 info ok
